2025-11-01 16:02:43.220 [JavaFX-Launcher] INFO  com.datacomp.ui.DataCompApp - Initializing DataComp application
2025-11-01 16:02:43.430 [JavaFX Application Thread] INFO  com.datacomp.ui.MainViewController - Initializing main view controller
2025-11-01 16:02:44.179 [JavaFX Application Thread] INFO  com.datacomp.service.gpu.GpuFrequencyService - Selected GPU device: NVIDIA GeForce MX330 CL_DEVICE_TYPE_GPU (available)
2025-11-01 16:02:44.743 [JavaFX Application Thread] INFO  com.datacomp.service.gpu.GpuCompressionService - GPU compression service initialized: GPU (NVIDIA GeForce MX330 CL_DEVICE_TYPE_GPU (available))
2025-11-01 16:02:44.762 [JavaFX Application Thread] INFO  com.datacomp.service.ServiceFactory - Using GPU compression service
2025-11-01 16:02:44.994 [JavaFX Application Thread] INFO  com.datacomp.ui.DataCompApp - Application started successfully
2025-11-01 16:03:07.903 [JavaFX Application Thread] INFO  com.datacomp.service.gpu.GpuFrequencyService - Selected GPU device: NVIDIA GeForce MX330 CL_DEVICE_TYPE_GPU (available)
2025-11-01 16:03:07.924 [JavaFX Application Thread] INFO  com.datacomp.service.gpu.GpuCompressionService - GPU compression service initialized: GPU (NVIDIA GeForce MX330 CL_DEVICE_TYPE_GPU (available))
2025-11-01 16:03:07.937 [JavaFX Application Thread] INFO  com.datacomp.service.ServiceFactory - Using GPU compression service
2025-11-01 16:03:20.083 [pool-3-thread-1] INFO  com.datacomp.service.cpu.CpuCompressionService - Compressing input.tar (61419520 bytes) into 2 chunks
2025-11-01 16:03:22.579 [pool-3-thread-1] INFO  com.datacomp.service.cpu.CpuCompressionService - Compression complete: 61419520 -> 50411818 bytes ({:.2f}%) in {:.2f}s ({:.2f} MB/s)
2025-11-01 16:04:45.417 [pool-3-thread-1] INFO  com.datacomp.service.cpu.CpuCompressionService - Compressing input.tar (61419520 bytes) into 2 chunks
2025-11-01 16:04:46.924 [pool-3-thread-1] INFO  com.datacomp.service.cpu.CpuCompressionService - Compression complete: 61419520 -> 50411818 bytes ({:.2f}%) in {:.2f}s ({:.2f} MB/s)
2025-11-01 16:05:17.740 [pool-3-thread-1] INFO  com.datacomp.service.cpu.CpuCompressionService - Decompressing input.tar.dcz to input.tar
2025-11-01 16:05:17.747 [pool-3-thread-1] INFO  com.datacomp.service.cpu.CpuCompressionService - Decompressing 2 chunks, original size: 61419520 bytes
2025-11-01 16:05:17.760 [JavaFX Application Thread] ERROR com.datacomp.ui.CompressController - Decompression failed
java.lang.RuntimeException: Decode error at position 0
	at com.datacomp.service.cpu.CpuCompressionService.decodeChunk(CpuCompressionService.java:272)
	at com.datacomp.service.cpu.CpuCompressionService.decompress(CpuCompressionService.java:226)
	at com.datacomp.service.gpu.GpuCompressionService.decompress(GpuCompressionService.java:84)
	at com.datacomp.ui.CompressController$2.call(CompressController.java:190)
	at com.datacomp.ui.CompressController$2.call(CompressController.java:185)
	at javafx.graphics@21.0.1/javafx.concurrent.Task$TaskCallable.call(Task.java:1399)
	at java.base/java.util.concurrent.FutureTask.run(FutureTask.java:317)
	at java.base/java.util.concurrent.Executors$RunnableAdapter.call(Executors.java:572)
	at java.base/java.util.concurrent.FutureTask.run(FutureTask.java:317)
	at java.base/java.util.concurrent.ThreadPoolExecutor.runWorker(ThreadPoolExecutor.java:1144)
	at java.base/java.util.concurrent.ThreadPoolExecutor$Worker.run(ThreadPoolExecutor.java:642)
	at java.base/java.lang.Thread.run(Thread.java:1583)
2025-11-01 16:08:21.068 [Test worker] INFO  com.datacomp.service.cpu.CpuCompressionService - Compressing random.bin (10240 bytes) into 1 chunks
2025-11-01 16:08:21.080 [Test worker] INFO  com.datacomp.service.cpu.CpuCompressionService - Compression complete: 10240 -> 10889 bytes ({:.2f}%) in {:.2f}s ({:.2f} MB/s)
2025-11-01 16:08:21.081 [Test worker] INFO  com.datacomp.service.cpu.CpuCompressionService - Decompressing random.dcz to random.decompressed.bin
2025-11-01 16:08:21.082 [Test worker] INFO  com.datacomp.service.cpu.CpuCompressionService - Decompressing 1 chunks, original size: 10240 bytes
2025-11-01 16:08:21.096 [Test worker] INFO  com.datacomp.service.cpu.CpuCompressionService - Compressing test.txt (1300 bytes) into 1 chunks
2025-11-01 16:08:21.097 [Test worker] INFO  com.datacomp.service.cpu.CpuCompressionService - Compression complete: 1300 -> 1148 bytes ({:.2f}%) in {:.2f}s ({:.2f} MB/s)
2025-11-01 16:08:21.100 [Test worker] INFO  com.datacomp.service.cpu.CpuCompressionService - Decompressing test.dcz to test.decompressed.txt
2025-11-01 16:08:21.100 [Test worker] INFO  com.datacomp.service.cpu.CpuCompressionService - Decompressing 1 chunks, original size: 1300 bytes
2025-11-01 16:08:21.103 [Test worker] INFO  com.datacomp.service.cpu.CpuCompressionService - Compressing empty.txt (0 bytes) into 0 chunks
2025-11-01 16:08:21.103 [Test worker] INFO  com.datacomp.service.cpu.CpuCompressionService - Compression complete: 0 -> 77 bytes ({:.2f}%) in {:.2f}s ({:.2f} MB/s)
2025-11-01 16:08:21.103 [Test worker] INFO  com.datacomp.service.cpu.CpuCompressionService - Decompressing empty.dcz to empty.decompressed.txt
2025-11-01 16:08:21.104 [Test worker] INFO  com.datacomp.service.cpu.CpuCompressionService - Decompressing 0 chunks, original size: 0 bytes
2025-11-01 16:08:21.104 [Test worker] INFO  com.datacomp.service.cpu.CpuCompressionService - Decompression complete: 0 bytes in {:.2f}s ({:.2f} MB/s)
2025-11-01 16:08:21.125 [Test worker] INFO  com.datacomp.service.cpu.CpuCompressionService - Compressing large.bin (3145728 bytes) into 3 chunks
2025-11-01 16:08:21.320 [Test worker] INFO  com.datacomp.service.cpu.CpuCompressionService - Compression complete: 3145728 -> 3147521 bytes ({:.2f}%) in {:.2f}s ({:.2f} MB/s)
2025-11-01 16:08:21.320 [Test worker] INFO  com.datacomp.service.cpu.CpuCompressionService - Decompressing large.dcz to large.decompressed.bin
2025-11-01 16:08:21.320 [Test worker] INFO  com.datacomp.service.cpu.CpuCompressionService - Decompressing 3 chunks, original size: 3145728 bytes
2025-11-01 16:08:21.324 [Test worker] INFO  com.datacomp.service.cpu.CpuCompressionService - Compressing test.txt (29 bytes) into 1 chunks
2025-11-01 16:08:21.325 [Test worker] INFO  com.datacomp.service.cpu.CpuCompressionService - Compression complete: 29 -> 663 bytes ({:.2f}%) in {:.2f}s ({:.2f} MB/s)
2025-11-01 16:09:22.280 [Test worker] INFO  com.datacomp.service.cpu.CpuCompressionService - Compressing random.bin (10240 bytes) into 1 chunks
2025-11-01 16:09:22.292 [Test worker] INFO  com.datacomp.service.cpu.CpuCompressionService - Compression complete: 10240 -> 10889 bytes ({:.2f}%) in {:.2f}s ({:.2f} MB/s)
2025-11-01 16:09:22.293 [Test worker] INFO  com.datacomp.service.cpu.CpuCompressionService - Decompressing random.dcz to random.decompressed.bin
2025-11-01 16:09:22.293 [Test worker] INFO  com.datacomp.service.cpu.CpuCompressionService - Decompressing 1 chunks, original size: 10240 bytes
2025-11-01 16:09:22.310 [Test worker] INFO  com.datacomp.service.cpu.CpuCompressionService - Compressing test.txt (1300 bytes) into 1 chunks
2025-11-01 16:09:22.312 [Test worker] INFO  com.datacomp.service.cpu.CpuCompressionService - Compression complete: 1300 -> 1148 bytes ({:.2f}%) in {:.2f}s ({:.2f} MB/s)
2025-11-01 16:09:22.315 [Test worker] INFO  com.datacomp.service.cpu.CpuCompressionService - Decompressing test.dcz to test.decompressed.txt
2025-11-01 16:09:22.316 [Test worker] INFO  com.datacomp.service.cpu.CpuCompressionService - Decompressing 1 chunks, original size: 1300 bytes
2025-11-01 16:09:22.319 [Test worker] INFO  com.datacomp.service.cpu.CpuCompressionService - Compressing empty.txt (0 bytes) into 0 chunks
2025-11-01 16:09:22.319 [Test worker] INFO  com.datacomp.service.cpu.CpuCompressionService - Compression complete: 0 -> 77 bytes ({:.2f}%) in {:.2f}s ({:.2f} MB/s)
2025-11-01 16:09:22.319 [Test worker] INFO  com.datacomp.service.cpu.CpuCompressionService - Decompressing empty.dcz to empty.decompressed.txt
2025-11-01 16:09:22.320 [Test worker] INFO  com.datacomp.service.cpu.CpuCompressionService - Decompressing 0 chunks, original size: 0 bytes
2025-11-01 16:09:22.320 [Test worker] INFO  com.datacomp.service.cpu.CpuCompressionService - Decompression complete: 0 bytes in {:.2f}s ({:.2f} MB/s)
2025-11-01 16:09:22.336 [Test worker] INFO  com.datacomp.service.cpu.CpuCompressionService - Compressing large.bin (3145728 bytes) into 3 chunks
2025-11-01 16:09:22.501 [Test worker] INFO  com.datacomp.service.cpu.CpuCompressionService - Compression complete: 3145728 -> 3147521 bytes ({:.2f}%) in {:.2f}s ({:.2f} MB/s)
2025-11-01 16:09:22.501 [Test worker] INFO  com.datacomp.service.cpu.CpuCompressionService - Decompressing large.dcz to large.decompressed.bin
2025-11-01 16:09:22.501 [Test worker] INFO  com.datacomp.service.cpu.CpuCompressionService - Decompressing 3 chunks, original size: 3145728 bytes
2025-11-01 16:09:22.615 [Test worker] INFO  com.datacomp.service.cpu.CpuCompressionService - Decompression complete: 3145728 bytes in {:.2f}s ({:.2f} MB/s)
2025-11-01 16:09:22.625 [Test worker] INFO  com.datacomp.service.cpu.CpuCompressionService - Compressing test.txt (29 bytes) into 1 chunks
2025-11-01 16:09:22.626 [Test worker] INFO  com.datacomp.service.cpu.CpuCompressionService - Compression complete: 29 -> 663 bytes ({:.2f}%) in {:.2f}s ({:.2f} MB/s)
2025-11-01 16:10:07.515 [Test worker] INFO  com.datacomp.service.cpu.CpuCompressionService - Compressing random.bin (10240 bytes) into 1 chunks
2025-11-01 16:10:07.525 [Test worker] INFO  com.datacomp.service.cpu.CpuCompressionService - Compression complete: 10240 -> 10889 bytes ({:.2f}%) in {:.2f}s ({:.2f} MB/s)
2025-11-01 16:10:07.525 [Test worker] INFO  com.datacomp.service.cpu.CpuCompressionService - Decompressing random.dcz to random.decompressed.bin
2025-11-01 16:10:07.525 [Test worker] INFO  com.datacomp.service.cpu.CpuCompressionService - Decompressing 1 chunks, original size: 10240 bytes
2025-11-01 16:10:07.530 [Test worker] INFO  com.datacomp.service.cpu.CpuCompressionService - Decompression complete: 10240 bytes in {:.2f}s ({:.2f} MB/s)
2025-11-01 16:10:07.541 [Test worker] INFO  com.datacomp.service.cpu.CpuCompressionService - Compressing test.txt (1300 bytes) into 1 chunks
2025-11-01 16:10:07.543 [Test worker] INFO  com.datacomp.service.cpu.CpuCompressionService - Compression complete: 1300 -> 1148 bytes ({:.2f}%) in {:.2f}s ({:.2f} MB/s)
2025-11-01 16:10:07.543 [Test worker] INFO  com.datacomp.service.cpu.CpuCompressionService - Decompressing test.dcz to test.decompressed.txt
2025-11-01 16:10:07.544 [Test worker] INFO  com.datacomp.service.cpu.CpuCompressionService - Decompressing 1 chunks, original size: 1300 bytes
2025-11-01 16:10:07.544 [Test worker] INFO  com.datacomp.service.cpu.CpuCompressionService - Decompression complete: 1300 bytes in {:.2f}s ({:.2f} MB/s)
2025-11-01 16:10:07.547 [Test worker] INFO  com.datacomp.service.cpu.CpuCompressionService - Compressing empty.txt (0 bytes) into 0 chunks
2025-11-01 16:10:07.547 [Test worker] INFO  com.datacomp.service.cpu.CpuCompressionService - Compression complete: 0 -> 77 bytes ({:.2f}%) in {:.2f}s ({:.2f} MB/s)
2025-11-01 16:10:07.547 [Test worker] INFO  com.datacomp.service.cpu.CpuCompressionService - Decompressing empty.dcz to empty.decompressed.txt
2025-11-01 16:10:07.548 [Test worker] INFO  com.datacomp.service.cpu.CpuCompressionService - Decompressing 0 chunks, original size: 0 bytes
2025-11-01 16:10:07.548 [Test worker] INFO  com.datacomp.service.cpu.CpuCompressionService - Decompression complete: 0 bytes in {:.2f}s ({:.2f} MB/s)
2025-11-01 16:10:07.566 [Test worker] INFO  com.datacomp.service.cpu.CpuCompressionService - Compressing large.bin (3145728 bytes) into 3 chunks
2025-11-01 16:10:07.742 [Test worker] INFO  com.datacomp.service.cpu.CpuCompressionService - Compression complete: 3145728 -> 3147521 bytes ({:.2f}%) in {:.2f}s ({:.2f} MB/s)
2025-11-01 16:10:07.743 [Test worker] INFO  com.datacomp.service.cpu.CpuCompressionService - Decompressing large.dcz to large.decompressed.bin
2025-11-01 16:10:07.743 [Test worker] INFO  com.datacomp.service.cpu.CpuCompressionService - Decompressing 3 chunks, original size: 3145728 bytes
2025-11-01 16:10:07.858 [Test worker] INFO  com.datacomp.service.cpu.CpuCompressionService - Decompression complete: 3145728 bytes in {:.2f}s ({:.2f} MB/s)
2025-11-01 16:10:07.867 [Test worker] INFO  com.datacomp.service.cpu.CpuCompressionService - Compressing test.txt (29 bytes) into 1 chunks
2025-11-01 16:10:07.868 [Test worker] INFO  com.datacomp.service.cpu.CpuCompressionService - Compression complete: 29 -> 663 bytes ({:.2f}%) in {:.2f}s ({:.2f} MB/s)
2025-11-01 16:11:35.927 [JavaFX-Launcher] INFO  com.datacomp.ui.DataCompApp - Initializing DataComp application
2025-11-01 16:11:36.101 [JavaFX Application Thread] INFO  com.datacomp.ui.MainViewController - Initializing main view controller
2025-11-01 16:11:36.454 [JavaFX Application Thread] INFO  com.datacomp.service.gpu.GpuFrequencyService - Selected GPU device: NVIDIA GeForce MX330 CL_DEVICE_TYPE_GPU (available)
2025-11-01 16:11:36.752 [JavaFX Application Thread] INFO  com.datacomp.service.gpu.GpuCompressionService - GPU compression service initialized: GPU (NVIDIA GeForce MX330 CL_DEVICE_TYPE_GPU (available))
2025-11-01 16:11:36.769 [JavaFX Application Thread] INFO  com.datacomp.service.ServiceFactory - Using GPU compression service
2025-11-01 16:11:36.949 [JavaFX Application Thread] INFO  com.datacomp.ui.DataCompApp - Application stopping
2025-11-01 16:11:37.001 [JavaFX Application Thread] INFO  com.datacomp.ui.DataCompApp - Application started successfully
2025-11-01 16:11:39.262 [JavaFX Application Thread] INFO  com.datacomp.service.gpu.GpuFrequencyService - Selected GPU device: NVIDIA GeForce MX330 CL_DEVICE_TYPE_GPU (available)
2025-11-01 16:11:39.275 [JavaFX Application Thread] INFO  com.datacomp.service.gpu.GpuCompressionService - GPU compression service initialized: GPU (NVIDIA GeForce MX330 CL_DEVICE_TYPE_GPU (available))
2025-11-01 16:11:39.288 [JavaFX Application Thread] INFO  com.datacomp.service.ServiceFactory - Using GPU compression service
2025-11-01 16:11:47.036 [pool-2-thread-1] INFO  com.datacomp.service.cpu.CpuCompressionService - Decompressing input.tar.dcz to input.tar
2025-11-01 16:11:47.037 [pool-2-thread-1] INFO  com.datacomp.service.cpu.CpuCompressionService - Decompressing 2 chunks, original size: 61419520 bytes
2025-11-01 16:11:50.662 [pool-2-thread-1] INFO  com.datacomp.service.cpu.CpuCompressionService - Decompression complete: 61419520 bytes in {:.2f}s ({:.2f} MB/s)
2025-11-01 16:12:02.715 [JavaFX Application Thread] INFO  com.datacomp.ui.DataCompApp - Application stopping
2025-11-01 16:16:32.184 [JavaFX-Launcher] INFO  com.datacomp.ui.DataCompApp - Initializing DataComp application
2025-11-01 16:16:32.369 [JavaFX Application Thread] INFO  com.datacomp.ui.MainViewController - Initializing main view controller
2025-11-01 16:16:32.933 [JavaFX Application Thread] INFO  com.datacomp.service.gpu.GpuFrequencyService - Selected GPU device: NVIDIA GeForce MX330 CL_DEVICE_TYPE_GPU (available)
2025-11-01 16:16:33.605 [JavaFX Application Thread] INFO  com.datacomp.service.gpu.GpuCompressionService - GPU compression service initialized: GPU (NVIDIA GeForce MX330 CL_DEVICE_TYPE_GPU (available))
2025-11-01 16:16:33.636 [JavaFX Application Thread] INFO  com.datacomp.service.ServiceFactory - Using GPU compression service
2025-11-01 16:16:33.966 [JavaFX Application Thread] INFO  com.datacomp.ui.DataCompApp - Application started successfully
2025-11-01 16:16:35.863 [JavaFX Application Thread] INFO  com.datacomp.service.gpu.GpuFrequencyService - Selected GPU device: NVIDIA GeForce MX330 CL_DEVICE_TYPE_GPU (available)
2025-11-01 16:16:35.878 [JavaFX Application Thread] INFO  com.datacomp.service.gpu.GpuCompressionService - GPU compression service initialized: GPU (NVIDIA GeForce MX330 CL_DEVICE_TYPE_GPU (available))
2025-11-01 16:16:35.892 [JavaFX Application Thread] INFO  com.datacomp.service.ServiceFactory - Using GPU compression service
2025-11-01 16:16:44.871 [pool-2-thread-1] INFO  com.datacomp.service.cpu.CpuCompressionService - Compressing input.tar (61419520 bytes) into 2 chunks
2025-11-01 16:16:48.763 [pool-2-thread-1] INFO  com.datacomp.service.cpu.CpuCompressionService - Compression complete: 61419520 -> 50411818 bytes ({:.2f}%) in {:.2f}s ({:.2f} MB/s)
2025-11-01 16:16:53.222 [JavaFX Application Thread] INFO  com.datacomp.ui.DataCompApp - Application stopping
2025-11-01 16:21:20.445 [JavaFX-Launcher] INFO  com.datacomp.ui.DataCompApp - Initializing DataComp application
2025-11-01 16:21:20.672 [JavaFX Application Thread] INFO  com.datacomp.ui.MainViewController - Initializing main view controller
2025-11-01 16:21:21.164 [JavaFX Application Thread] INFO  com.datacomp.service.gpu.GpuFrequencyService - Selected GPU device: NVIDIA GeForce MX330 CL_DEVICE_TYPE_GPU (available)
2025-11-01 16:21:21.550 [JavaFX Application Thread] INFO  com.datacomp.service.gpu.GpuCompressionService - GPU compression service initialized: GPU (NVIDIA GeForce MX330 CL_DEVICE_TYPE_GPU (available))
2025-11-01 16:21:21.565 [JavaFX Application Thread] INFO  com.datacomp.service.ServiceFactory - Using GPU compression service
2025-11-01 16:21:21.800 [JavaFX Application Thread] INFO  com.datacomp.ui.DataCompApp - Application started successfully
2025-11-01 16:21:25.000 [JavaFX Application Thread] INFO  com.datacomp.service.gpu.GpuFrequencyService - Selected GPU device: NVIDIA GeForce MX330 CL_DEVICE_TYPE_GPU (available)
2025-11-01 16:21:25.018 [JavaFX Application Thread] INFO  com.datacomp.service.gpu.GpuCompressionService - GPU compression service initialized: GPU (NVIDIA GeForce MX330 CL_DEVICE_TYPE_GPU (available))
2025-11-01 16:21:25.035 [JavaFX Application Thread] INFO  com.datacomp.service.ServiceFactory - Using GPU compression service
2025-11-01 16:21:40.159 [pool-2-thread-1] INFO  com.datacomp.service.cpu.CpuCompressionService - Compressing input.tar (61419520 bytes) into 2 chunks
2025-11-01 16:21:42.798 [pool-2-thread-1] INFO  com.datacomp.service.cpu.CpuCompressionService - Compression complete: 61419520 -> 50411818 bytes ({:.2f}%) in {:.2f}s ({:.2f} MB/s)
2025-11-01 16:22:00.369 [JavaFX Application Thread] INFO  com.datacomp.service.gpu.GpuFrequencyService - Selected GPU device: NVIDIA GeForce MX330 CL_DEVICE_TYPE_GPU (available)
2025-11-01 16:22:00.389 [JavaFX Application Thread] INFO  com.datacomp.service.gpu.GpuCompressionService - GPU compression service initialized: GPU (NVIDIA GeForce MX330 CL_DEVICE_TYPE_GPU (available))
2025-11-01 16:22:00.402 [JavaFX Application Thread] INFO  com.datacomp.service.ServiceFactory - Using GPU compression service
2025-11-01 16:22:22.324 [pool-4-thread-1] INFO  com.datacomp.service.cpu.CpuCompressionService - Decompressing input.tar.dcz to input-dec.tar
2025-11-01 16:22:22.324 [pool-4-thread-1] INFO  com.datacomp.service.cpu.CpuCompressionService - Decompressing 2 chunks, original size: 61419520 bytes
2025-11-01 16:22:25.879 [pool-4-thread-1] INFO  com.datacomp.service.cpu.CpuCompressionService - Decompression complete: 61419520 bytes in {:.2f}s ({:.2f} MB/s)
2025-11-01 16:22:30.143 [JavaFX Application Thread] INFO  com.datacomp.service.gpu.GpuFrequencyService - Selected GPU device: NVIDIA GeForce MX330 CL_DEVICE_TYPE_GPU (available)
2025-11-01 16:22:30.191 [JavaFX Application Thread] INFO  com.datacomp.service.gpu.GpuCompressionService - GPU compression service initialized: GPU (NVIDIA GeForce MX330 CL_DEVICE_TYPE_GPU (available))
2025-11-01 16:22:30.200 [JavaFX Application Thread] INFO  com.datacomp.service.ServiceFactory - Using GPU compression service
2025-11-01 16:22:30.947 [JavaFX Application Thread] INFO  com.datacomp.ui.SettingsController - Settings loaded from configuration
2025-11-01 16:22:32.883 [JavaFX Application Thread] INFO  com.datacomp.service.gpu.GpuFrequencyService - Selected GPU device: NVIDIA GeForce MX330 CL_DEVICE_TYPE_GPU (available)
2025-11-01 16:22:32.904 [JavaFX Application Thread] INFO  com.datacomp.service.gpu.GpuCompressionService - GPU compression service initialized: GPU (NVIDIA GeForce MX330 CL_DEVICE_TYPE_GPU (available))
2025-11-01 16:22:32.917 [JavaFX Application Thread] INFO  com.datacomp.service.ServiceFactory - Using GPU compression service
2025-11-01 16:22:37.790 [JavaFX Application Thread] INFO  com.datacomp.ui.SettingsController - Settings loaded from configuration
2025-11-01 16:23:14.534 [JavaFX Application Thread] INFO  com.datacomp.ui.DataCompApp - Application stopping
2025-11-01 16:29:13.144 [JavaFX-Launcher] INFO  com.datacomp.ui.DataCompApp - Initializing DataComp application
2025-11-01 16:29:13.378 [JavaFX Application Thread] INFO  com.datacomp.ui.MainViewController - Initializing main view controller
2025-11-01 16:29:14.170 [JavaFX Application Thread] INFO  com.datacomp.service.gpu.GpuFrequencyService - Selected GPU device: NVIDIA GeForce MX330 CL_DEVICE_TYPE_GPU (available)
2025-11-01 16:29:14.681 [JavaFX Application Thread] INFO  com.datacomp.service.gpu.GpuCompressionService - GPU compression service initialized: GPU (NVIDIA GeForce MX330 CL_DEVICE_TYPE_GPU (available))
2025-11-01 16:29:14.703 [JavaFX Application Thread] INFO  com.datacomp.service.ServiceFactory - Using GPU compression service
2025-11-01 16:29:15.042 [JavaFX Application Thread] INFO  com.datacomp.ui.DataCompApp - Application started successfully
2025-11-01 16:29:18.278 [JavaFX Application Thread] INFO  com.datacomp.ui.SettingsController - Settings loaded from configuration
2025-11-01 16:29:21.358 [JavaFX Application Thread] INFO  com.datacomp.service.gpu.GpuFrequencyService - Selected GPU device: NVIDIA GeForce MX330 CL_DEVICE_TYPE_GPU (available)
2025-11-01 16:29:21.372 [JavaFX Application Thread] INFO  com.datacomp.service.gpu.GpuCompressionService - GPU compression service initialized: GPU (NVIDIA GeForce MX330 CL_DEVICE_TYPE_GPU (available))
2025-11-01 16:29:21.385 [JavaFX Application Thread] INFO  com.datacomp.service.ServiceFactory - Using GPU compression service
2025-11-01 16:29:37.555 [pool-2-thread-1] INFO  com.datacomp.service.cpu.CpuCompressionService - Compressing drishyam2.mp4 (2972573064 bytes) into 6 chunks
2025-11-01 16:31:12.065 [pool-2-thread-1] INFO  com.datacomp.service.cpu.CpuCompressionService - Compression complete: 2972573064 -> 2972028228 bytes ({:.2f}%) in {:.2f}s ({:.2f} MB/s)
2025-11-01 16:31:23.825 [JavaFX Application Thread] INFO  com.datacomp.service.gpu.GpuFrequencyService - Selected GPU device: NVIDIA GeForce MX330 CL_DEVICE_TYPE_GPU (available)
2025-11-01 16:31:23.867 [JavaFX Application Thread] INFO  com.datacomp.service.gpu.GpuCompressionService - GPU compression service initialized: GPU (NVIDIA GeForce MX330 CL_DEVICE_TYPE_GPU (available))
2025-11-01 16:31:23.880 [JavaFX Application Thread] INFO  com.datacomp.service.ServiceFactory - Using GPU compression service
2025-11-01 16:31:28.271 [JavaFX Application Thread] INFO  com.datacomp.ui.DataCompApp - Application stopping
2025-11-01 17:15:24.612 [JavaFX-Launcher] INFO  com.datacomp.ui.DataCompApp - Initializing DataComp application
2025-11-01 17:15:25.038 [JavaFX Application Thread] INFO  com.datacomp.ui.MainViewController - Initializing main view controller
2025-11-01 17:15:25.980 [JavaFX Application Thread] INFO  com.datacomp.service.gpu.GpuFrequencyService - Selected GPU device: NVIDIA GeForce MX330 CL_DEVICE_TYPE_GPU (available)
2025-11-01 17:15:26.855 [JavaFX Application Thread] INFO  com.datacomp.service.gpu.GpuCompressionService - GPU compression service initialized: GPU (NVIDIA GeForce MX330 CL_DEVICE_TYPE_GPU (available))
2025-11-01 17:15:26.881 [JavaFX Application Thread] INFO  com.datacomp.service.ServiceFactory - Using GPU compression service
2025-11-01 17:15:27.319 [JavaFX Application Thread] INFO  com.datacomp.ui.DataCompApp - Application started successfully
2025-11-01 17:15:31.440 [JavaFX Application Thread] INFO  com.datacomp.service.gpu.GpuFrequencyService - Selected GPU device: NVIDIA GeForce MX330 CL_DEVICE_TYPE_GPU (available)
2025-11-01 17:15:31.471 [JavaFX Application Thread] INFO  com.datacomp.service.gpu.GpuCompressionService - GPU compression service initialized: GPU (NVIDIA GeForce MX330 CL_DEVICE_TYPE_GPU (available))
2025-11-01 17:15:31.501 [JavaFX Application Thread] INFO  com.datacomp.service.ServiceFactory - Using GPU compression service
2025-11-01 17:16:47.309 [pool-2-thread-1] INFO  com.datacomp.service.cpu.CpuCompressionService - Compressing input.tar.dcz (50411818 bytes) into 1 chunks
2025-11-01 17:16:50.087 [pool-2-thread-1] INFO  com.datacomp.service.cpu.CpuCompressionService - Compression complete: 50411818 -> 50340654 bytes ({:.2f}%) in {:.2f}s ({:.2f} MB/s)
2025-11-01 17:17:04.988 [JavaFX Application Thread] INFO  com.datacomp.service.gpu.GpuFrequencyService - Selected GPU device: NVIDIA GeForce MX330 CL_DEVICE_TYPE_GPU (available)
2025-11-01 17:17:05.001 [JavaFX Application Thread] INFO  com.datacomp.service.gpu.GpuCompressionService - GPU compression service initialized: GPU (NVIDIA GeForce MX330 CL_DEVICE_TYPE_GPU (available))
2025-11-01 17:17:05.014 [JavaFX Application Thread] INFO  com.datacomp.service.ServiceFactory - Using GPU compression service
2025-11-01 17:17:31.357 [pool-3-thread-1] INFO  com.datacomp.service.cpu.CpuCompressionService - Compressing input-dec.tar (61419520 bytes) into 1 chunks
2025-11-01 17:17:33.198 [pool-3-thread-1] INFO  com.datacomp.service.cpu.CpuCompressionService - Compression complete: 61419520 -> 50463077 bytes ({:.2f}%) in {:.2f}s ({:.2f} MB/s)
2025-11-01 17:20:52.133 [JavaFX Application Thread] INFO  com.datacomp.service.gpu.GpuFrequencyService - Selected GPU device: NVIDIA GeForce MX330 CL_DEVICE_TYPE_GPU (available)
2025-11-01 17:20:52.151 [JavaFX Application Thread] INFO  com.datacomp.service.gpu.GpuCompressionService - GPU compression service initialized: GPU (NVIDIA GeForce MX330 CL_DEVICE_TYPE_GPU (available))
2025-11-01 17:20:52.161 [JavaFX Application Thread] INFO  com.datacomp.service.ServiceFactory - Using GPU compression service
2025-11-01 17:21:00.806 [pool-5-thread-1] INFO  com.datacomp.benchmark.BenchmarkSuite - Starting benchmark suite on file: /home/vuyraj/input-dec.tar
2025-11-01 17:21:00.807 [pool-5-thread-1] INFO  com.datacomp.benchmark.BenchmarkSuite - Benchmarking CPU: CPU Compression
2025-11-01 17:21:00.809 [pool-5-thread-1] INFO  com.datacomp.service.cpu.CpuCompressionService - Compressing input-dec.tar (61419520 bytes) into 1 chunks
2025-11-01 17:21:02.548 [pool-5-thread-1] INFO  com.datacomp.service.cpu.CpuCompressionService - Compression complete: 61419520 -> 50463077 bytes ({:.2f}%) in {:.2f}s ({:.2f} MB/s)
2025-11-01 17:21:02.551 [pool-5-thread-1] INFO  com.datacomp.service.cpu.CpuCompressionService - Compressing input-dec.tar (61419520 bytes) into 1 chunks
2025-11-01 17:21:04.162 [pool-5-thread-1] INFO  com.datacomp.service.cpu.CpuCompressionService - Compression complete: 61419520 -> 50463077 bytes ({:.2f}%) in {:.2f}s ({:.2f} MB/s)
2025-11-01 17:21:04.165 [pool-5-thread-1] INFO  com.datacomp.service.cpu.CpuCompressionService - Compressing input-dec.tar (61419520 bytes) into 1 chunks
2025-11-01 17:21:05.601 [pool-5-thread-1] INFO  com.datacomp.service.cpu.CpuCompressionService - Compression complete: 61419520 -> 50463077 bytes ({:.2f}%) in {:.2f}s ({:.2f} MB/s)
2025-11-01 17:21:05.604 [pool-5-thread-1] INFO  com.datacomp.service.cpu.CpuCompressionService - Compressing input-dec.tar (61419520 bytes) into 1 chunks
2025-11-01 17:21:07.280 [pool-5-thread-1] INFO  com.datacomp.service.cpu.CpuCompressionService - Compression complete: 61419520 -> 50463077 bytes ({:.2f}%) in {:.2f}s ({:.2f} MB/s)
2025-11-01 17:21:07.283 [pool-5-thread-1] INFO  com.datacomp.service.cpu.CpuCompressionService - Compressing input-dec.tar (61419520 bytes) into 1 chunks
2025-11-01 17:21:08.707 [pool-5-thread-1] INFO  com.datacomp.service.cpu.CpuCompressionService - Compression complete: 61419520 -> 50463077 bytes ({:.2f}%) in {:.2f}s ({:.2f} MB/s)
2025-11-01 17:21:08.709 [pool-5-thread-1] INFO  com.datacomp.service.cpu.CpuCompressionService - Compressing input-dec.tar (61419520 bytes) into 1 chunks
2025-11-01 17:21:10.281 [pool-5-thread-1] INFO  com.datacomp.service.cpu.CpuCompressionService - Compression complete: 61419520 -> 50463077 bytes ({:.2f}%) in {:.2f}s ({:.2f} MB/s)
2025-11-01 17:21:10.283 [pool-5-thread-1] INFO  com.datacomp.service.cpu.CpuCompressionService - Compressing input-dec.tar (61419520 bytes) into 1 chunks
2025-11-01 17:21:11.848 [pool-5-thread-1] INFO  com.datacomp.service.cpu.CpuCompressionService - Compression complete: 61419520 -> 50463077 bytes ({:.2f}%) in {:.2f}s ({:.2f} MB/s)
2025-11-01 17:21:11.851 [pool-5-thread-1] INFO  com.datacomp.service.cpu.CpuCompressionService - Compressing input-dec.tar (61419520 bytes) into 1 chunks
2025-11-01 17:21:13.394 [pool-5-thread-1] INFO  com.datacomp.service.cpu.CpuCompressionService - Compression complete: 61419520 -> 50463077 bytes ({:.2f}%) in {:.2f}s ({:.2f} MB/s)
2025-11-01 17:21:13.396 [pool-5-thread-1] INFO  com.datacomp.benchmark.BenchmarkSuite - Benchmark complete: CPU [CPU Compression]: 39.47 MB/s, 82.16% compression, 1.556s total
2025-11-01 17:21:13.397 [pool-5-thread-1] INFO  com.datacomp.service.gpu.GpuFrequencyService - Selected GPU device: NVIDIA GeForce MX330 CL_DEVICE_TYPE_GPU (available)
2025-11-01 17:21:13.414 [pool-5-thread-1] INFO  com.datacomp.service.gpu.GpuCompressionService - GPU compression service initialized: GPU (NVIDIA GeForce MX330 CL_DEVICE_TYPE_GPU (available))
2025-11-01 17:21:13.427 [pool-5-thread-1] INFO  com.datacomp.benchmark.BenchmarkSuite - Benchmarking GPU: GPU Compression (GPU (NVIDIA GeForce MX330 CL_DEVICE_TYPE_GPU (available)))
2025-11-01 17:21:13.438 [pool-5-thread-1] INFO  com.datacomp.service.cpu.CpuCompressionService - Compressing input-dec.tar (61419520 bytes) into 1 chunks
2025-11-01 17:21:15.077 [pool-5-thread-1] INFO  com.datacomp.service.cpu.CpuCompressionService - Compression complete: 61419520 -> 50463077 bytes ({:.2f}%) in {:.2f}s ({:.2f} MB/s)
2025-11-01 17:21:15.089 [pool-5-thread-1] INFO  com.datacomp.service.cpu.CpuCompressionService - Compressing input-dec.tar (61419520 bytes) into 1 chunks
2025-11-01 17:21:16.636 [pool-5-thread-1] INFO  com.datacomp.service.cpu.CpuCompressionService - Compression complete: 61419520 -> 50463077 bytes ({:.2f}%) in {:.2f}s ({:.2f} MB/s)
2025-11-01 17:21:16.648 [pool-5-thread-1] INFO  com.datacomp.service.cpu.CpuCompressionService - Compressing input-dec.tar (61419520 bytes) into 1 chunks
2025-11-01 17:21:18.040 [pool-5-thread-1] INFO  com.datacomp.service.cpu.CpuCompressionService - Compression complete: 61419520 -> 50463077 bytes ({:.2f}%) in {:.2f}s ({:.2f} MB/s)
2025-11-01 17:21:18.051 [pool-5-thread-1] INFO  com.datacomp.service.cpu.CpuCompressionService - Compressing input-dec.tar (61419520 bytes) into 1 chunks
2025-11-01 17:21:19.434 [pool-5-thread-1] INFO  com.datacomp.service.cpu.CpuCompressionService - Compression complete: 61419520 -> 50463077 bytes ({:.2f}%) in {:.2f}s ({:.2f} MB/s)
2025-11-01 17:21:19.447 [pool-5-thread-1] INFO  com.datacomp.service.cpu.CpuCompressionService - Compressing input-dec.tar (61419520 bytes) into 1 chunks
2025-11-01 17:21:20.851 [pool-5-thread-1] INFO  com.datacomp.service.cpu.CpuCompressionService - Compression complete: 61419520 -> 50463077 bytes ({:.2f}%) in {:.2f}s ({:.2f} MB/s)
2025-11-01 17:21:20.862 [pool-5-thread-1] INFO  com.datacomp.service.cpu.CpuCompressionService - Compressing input-dec.tar (61419520 bytes) into 1 chunks
2025-11-01 17:21:22.304 [pool-5-thread-1] INFO  com.datacomp.service.cpu.CpuCompressionService - Compression complete: 61419520 -> 50463077 bytes ({:.2f}%) in {:.2f}s ({:.2f} MB/s)
2025-11-01 17:21:22.316 [pool-5-thread-1] INFO  com.datacomp.service.cpu.CpuCompressionService - Compressing input-dec.tar (61419520 bytes) into 1 chunks
2025-11-01 17:21:23.725 [pool-5-thread-1] INFO  com.datacomp.service.cpu.CpuCompressionService - Compression complete: 61419520 -> 50463077 bytes ({:.2f}%) in {:.2f}s ({:.2f} MB/s)
2025-11-01 17:21:23.737 [pool-5-thread-1] INFO  com.datacomp.service.cpu.CpuCompressionService - Compressing input-dec.tar (61419520 bytes) into 1 chunks
2025-11-01 17:21:25.138 [pool-5-thread-1] INFO  com.datacomp.service.cpu.CpuCompressionService - Compression complete: 61419520 -> 50463077 bytes ({:.2f}%) in {:.2f}s ({:.2f} MB/s)
2025-11-01 17:21:25.141 [pool-5-thread-1] INFO  com.datacomp.benchmark.BenchmarkSuite - Benchmark complete: GPU [GPU Compression (GPU (NVIDIA GeForce MX330 CL_DEVICE_TYPE_GPU (available)))]: 43.33 MB/s, 82.16% compression, 1.418s total
2025-11-01 17:35:06.737 [JavaFX Application Thread] INFO  com.datacomp.service.gpu.GpuFrequencyService - Selected GPU device: NVIDIA GeForce MX330 CL_DEVICE_TYPE_GPU (available)
2025-11-01 17:35:06.755 [JavaFX Application Thread] INFO  com.datacomp.service.gpu.GpuCompressionService - GPU compression service initialized: GPU (NVIDIA GeForce MX330 CL_DEVICE_TYPE_GPU (available))
2025-11-01 17:35:06.763 [JavaFX Application Thread] INFO  com.datacomp.service.ServiceFactory - Using GPU compression service
2025-11-01 17:35:53.627 [pool-6-thread-1] INFO  com.datacomp.service.cpu.CpuCompressionService - Compressing d2.mkv (3052984682 bytes) into 6 chunks
2025-11-01 17:36:47.024 [pool-6-thread-1] INFO  com.datacomp.service.cpu.CpuCompressionService - Compression complete: 3052984682 -> 3052853540 bytes ({:.2f}%) in {:.2f}s ({:.2f} MB/s)
2025-11-01 17:37:30.852 [JavaFX Application Thread] INFO  com.datacomp.service.gpu.GpuFrequencyService - Selected GPU device: NVIDIA GeForce MX330 CL_DEVICE_TYPE_GPU (available)
2025-11-01 17:37:30.880 [JavaFX Application Thread] INFO  com.datacomp.service.gpu.GpuCompressionService - GPU compression service initialized: GPU (NVIDIA GeForce MX330 CL_DEVICE_TYPE_GPU (available))
2025-11-01 17:37:30.892 [JavaFX Application Thread] INFO  com.datacomp.service.ServiceFactory - Using GPU compression service
2025-11-01 17:37:33.103 [JavaFX Application Thread] INFO  com.datacomp.ui.SettingsController - Settings loaded from configuration
2025-11-01 17:41:06.622 [JavaFX Application Thread] INFO  com.datacomp.service.gpu.GpuFrequencyService - Selected GPU device: NVIDIA GeForce MX330 CL_DEVICE_TYPE_GPU (available)
2025-11-01 17:41:06.641 [JavaFX Application Thread] INFO  com.datacomp.service.gpu.GpuCompressionService - GPU compression service initialized: GPU (NVIDIA GeForce MX330 CL_DEVICE_TYPE_GPU (available))
2025-11-01 17:41:06.652 [JavaFX Application Thread] INFO  com.datacomp.service.ServiceFactory - Using GPU compression service
2025-11-01 17:41:07.366 [JavaFX Application Thread] INFO  com.datacomp.ui.SettingsController - Settings loaded from configuration
2025-11-01 17:41:15.302 [JavaFX Application Thread] INFO  com.datacomp.ui.DataCompApp - Application stopping
2025-11-01 17:46:02.052 [Test worker] INFO  com.datacomp.util.TestDataGenerator - Generating 1MB random test file: /tmp/junit7183491074371679323/test.bin
2025-11-01 17:46:02.082 [Test worker] INFO  com.datacomp.util.TestDataGenerator - Test file generated: 1048576 bytes
2025-11-01 17:46:02.082 [Test worker] INFO  com.datacomp.benchmark.BenchmarkSuite - Starting benchmark suite on file: /tmp/junit7183491074371679323/test.bin
2025-11-01 17:46:02.085 [Test worker] INFO  com.datacomp.benchmark.BenchmarkSuite - Benchmarking CPU: CPU Compression
2025-11-01 17:46:02.087 [Test worker] INFO  com.datacomp.service.cpu.CpuCompressionService - Compressing test.bin (1048576 bytes) into 1 chunks
2025-11-01 17:46:03.167 [Test worker] INFO  com.datacomp.service.cpu.CpuCompressionService - Compression complete: 1048576 -> 1049224 bytes ({:.2f}%) in {:.2f}s ({:.2f} MB/s)
2025-11-01 17:46:03.168 [Test worker] INFO  com.datacomp.service.cpu.CpuCompressionService - Compressing test.bin (1048576 bytes) into 1 chunks
2025-11-01 17:46:04.247 [Test worker] INFO  com.datacomp.service.cpu.CpuCompressionService - Compression complete: 1048576 -> 1049224 bytes ({:.2f}%) in {:.2f}s ({:.2f} MB/s)
2025-11-01 17:46:04.248 [Test worker] INFO  com.datacomp.service.cpu.CpuCompressionService - Compressing test.bin (1048576 bytes) into 1 chunks
2025-11-01 17:46:05.315 [Test worker] INFO  com.datacomp.service.cpu.CpuCompressionService - Compression complete: 1048576 -> 1049224 bytes ({:.2f}%) in {:.2f}s ({:.2f} MB/s)
2025-11-01 17:46:05.316 [Test worker] INFO  com.datacomp.service.cpu.CpuCompressionService - Compressing test.bin (1048576 bytes) into 1 chunks
2025-11-01 17:46:05.788 [Test worker] INFO  com.datacomp.service.cpu.CpuCompressionService - Compression complete: 1048576 -> 1049224 bytes ({:.2f}%) in {:.2f}s ({:.2f} MB/s)
2025-11-01 17:46:05.788 [Test worker] INFO  com.datacomp.service.cpu.CpuCompressionService - Compressing test.bin (1048576 bytes) into 1 chunks
2025-11-01 17:46:05.880 [Test worker] INFO  com.datacomp.service.cpu.CpuCompressionService - Compression complete: 1048576 -> 1049224 bytes ({:.2f}%) in {:.2f}s ({:.2f} MB/s)
2025-11-01 17:46:05.881 [Test worker] INFO  com.datacomp.service.cpu.CpuCompressionService - Compressing test.bin (1048576 bytes) into 1 chunks
2025-11-01 17:46:05.968 [Test worker] INFO  com.datacomp.service.cpu.CpuCompressionService - Compression complete: 1048576 -> 1049224 bytes ({:.2f}%) in {:.2f}s ({:.2f} MB/s)
2025-11-01 17:46:05.968 [Test worker] INFO  com.datacomp.service.cpu.CpuCompressionService - Compressing test.bin (1048576 bytes) into 1 chunks
2025-11-01 17:46:06.067 [Test worker] INFO  com.datacomp.service.cpu.CpuCompressionService - Compression complete: 1048576 -> 1049224 bytes ({:.2f}%) in {:.2f}s ({:.2f} MB/s)
2025-11-01 17:46:06.068 [Test worker] INFO  com.datacomp.service.cpu.CpuCompressionService - Compressing test.bin (1048576 bytes) into 1 chunks
2025-11-01 17:46:06.160 [Test worker] INFO  com.datacomp.service.cpu.CpuCompressionService - Compression complete: 1048576 -> 1049224 bytes ({:.2f}%) in {:.2f}s ({:.2f} MB/s)
2025-11-01 17:46:06.161 [Test worker] INFO  com.datacomp.benchmark.BenchmarkSuite - Benchmark complete: CPU [CPU Compression]: 6.21 MB/s, 100.06% compression, 0.169s total
2025-11-01 17:46:06.165 [Test worker] WARN  com.datacomp.service.gpu.GpuFrequencyService - Failed to initialize TornadoVM device: null
2025-11-01 17:46:06.165 [Test worker] WARN  com.datacomp.service.gpu.GpuCompressionService - GPU not available, will use CPU fallback
2025-11-01 17:46:06.165 [Test worker] INFO  com.datacomp.benchmark.BenchmarkSuite - GPU not available, skipping GPU benchmark
2025-11-01 17:46:06.199 [Test worker] INFO  com.datacomp.service.cpu.CpuCompressionService - Compressing random.bin (10240 bytes) into 1 chunks
2025-11-01 17:46:06.203 [Test worker] INFO  com.datacomp.service.cpu.CpuCompressionService - Compression complete: 10240 -> 10889 bytes ({:.2f}%) in {:.2f}s ({:.2f} MB/s)
2025-11-01 17:46:06.203 [Test worker] INFO  com.datacomp.service.cpu.CpuCompressionService - Decompressing random.dcz to random.decompressed.bin
2025-11-01 17:46:06.203 [Test worker] INFO  com.datacomp.service.cpu.CpuCompressionService - Decompressing 1 chunks, original size: 10240 bytes
2025-11-01 17:46:06.211 [Test worker] INFO  com.datacomp.service.cpu.CpuCompressionService - Decompression complete: 10240 bytes in {:.2f}s ({:.2f} MB/s)
2025-11-01 17:46:06.216 [Test worker] INFO  com.datacomp.service.cpu.CpuCompressionService - Compressing test.txt (1300 bytes) into 1 chunks
2025-11-01 17:46:06.219 [Test worker] INFO  com.datacomp.service.cpu.CpuCompressionService - Compression complete: 1300 -> 1148 bytes ({:.2f}%) in {:.2f}s ({:.2f} MB/s)
2025-11-01 17:46:06.220 [Test worker] INFO  com.datacomp.service.cpu.CpuCompressionService - Decompressing test.dcz to test.decompressed.txt
2025-11-01 17:46:06.225 [Test worker] INFO  com.datacomp.service.cpu.CpuCompressionService - Decompressing 1 chunks, original size: 1300 bytes
2025-11-01 17:46:06.225 [Test worker] INFO  com.datacomp.service.cpu.CpuCompressionService - Decompression complete: 1300 bytes in {:.2f}s ({:.2f} MB/s)
2025-11-01 17:46:06.235 [Test worker] INFO  com.datacomp.service.cpu.CpuCompressionService - Compressing empty.txt (0 bytes) into 0 chunks
2025-11-01 17:46:06.235 [Test worker] INFO  com.datacomp.service.cpu.CpuCompressionService - Compression complete: 0 -> 77 bytes ({:.2f}%) in {:.2f}s ({:.2f} MB/s)
2025-11-01 17:46:06.236 [Test worker] INFO  com.datacomp.service.cpu.CpuCompressionService - Decompressing empty.dcz to empty.decompressed.txt
2025-11-01 17:46:06.236 [Test worker] INFO  com.datacomp.service.cpu.CpuCompressionService - Decompressing 0 chunks, original size: 0 bytes
2025-11-01 17:46:06.236 [Test worker] INFO  com.datacomp.service.cpu.CpuCompressionService - Decompression complete: 0 bytes in {:.2f}s ({:.2f} MB/s)
2025-11-01 17:46:06.260 [Test worker] INFO  com.datacomp.service.cpu.CpuCompressionService - Compressing large.bin (3145728 bytes) into 3 chunks
2025-11-01 17:46:06.443 [Test worker] INFO  com.datacomp.service.cpu.CpuCompressionService - Compression complete: 3145728 -> 3147521 bytes ({:.2f}%) in {:.2f}s ({:.2f} MB/s)
2025-11-01 17:46:06.444 [Test worker] INFO  com.datacomp.service.cpu.CpuCompressionService - Decompressing large.dcz to large.decompressed.bin
2025-11-01 17:46:06.444 [Test worker] INFO  com.datacomp.service.cpu.CpuCompressionService - Decompressing 3 chunks, original size: 3145728 bytes
2025-11-01 17:46:06.630 [Test worker] INFO  com.datacomp.service.cpu.CpuCompressionService - Decompression complete: 3145728 bytes in {:.2f}s ({:.2f} MB/s)
2025-11-01 17:46:06.647 [Test worker] INFO  com.datacomp.service.cpu.CpuCompressionService - Compressing test.txt (29 bytes) into 1 chunks
2025-11-01 17:46:06.648 [Test worker] INFO  com.datacomp.service.cpu.CpuCompressionService - Compression complete: 29 -> 663 bytes ({:.2f}%) in {:.2f}s ({:.2f} MB/s)
2025-11-01 17:46:06.678 [Test worker] WARN  com.datacomp.service.gpu.GpuFrequencyService - Failed to initialize TornadoVM device: Could not initialize class uk.ac.manchester.tornado.api.runtime.TornadoRuntimeProvider
2025-11-01 17:54:32.589 [JavaFX-Launcher] INFO  com.datacomp.ui.DataCompApp - Initializing DataComp application
2025-11-01 17:54:32.757 [JavaFX Application Thread] INFO  com.datacomp.ui.MainViewController - Initializing main view controller
2025-11-01 17:54:33.198 [JavaFX Application Thread] INFO  com.datacomp.service.gpu.GpuFrequencyService - Selected GPU device: NVIDIA GeForce MX330 CL_DEVICE_TYPE_GPU (available)
2025-11-01 17:54:33.509 [JavaFX Application Thread] INFO  com.datacomp.service.gpu.GpuCompressionService - GPU compression service initialized: GPU (NVIDIA GeForce MX330 CL_DEVICE_TYPE_GPU (available))
2025-11-01 17:54:33.524 [JavaFX Application Thread] INFO  com.datacomp.service.ServiceFactory - Using GPU compression service
2025-11-01 17:54:33.763 [JavaFX Application Thread] INFO  com.datacomp.ui.DataCompApp - Application started successfully
2025-11-01 17:54:36.395 [JavaFX Application Thread] INFO  com.datacomp.ui.SettingsController - Settings loaded from configuration
2025-11-01 17:54:39.470 [JavaFX Application Thread] INFO  com.datacomp.ui.SettingsController - GPU auto-detect: true
2025-11-01 17:54:39.470 [JavaFX Application Thread] INFO  com.datacomp.ui.SettingsController - GPU fallback on error: true
2025-11-01 17:54:39.470 [JavaFX Application Thread] INFO  com.datacomp.ui.SettingsController - Preferred device: any
2025-11-01 17:54:39.470 [JavaFX Application Thread] INFO  com.datacomp.ui.SettingsController - Chunk size: 512 MB
2025-11-01 17:54:39.470 [JavaFX Application Thread] INFO  com.datacomp.ui.SettingsController - Verify after compression: true
2025-11-01 17:54:39.470 [JavaFX Application Thread] INFO  com.datacomp.ui.SettingsController - Keep original file: true
2025-11-01 17:54:39.478 [JavaFX Application Thread] INFO  com.datacomp.ui.SettingsController - Theme applied: Light
2025-11-01 17:54:39.479 [JavaFX Application Thread] INFO  com.datacomp.ui.SettingsController - Theme: Light
2025-11-01 17:54:39.479 [JavaFX Application Thread] INFO  com.datacomp.ui.SettingsController - Enable animations: true
2025-11-01 17:54:41.407 [JavaFX Application Thread] INFO  com.datacomp.ui.SettingsController - Settings saved successfully
2025-11-01 17:54:43.455 [JavaFX Application Thread] INFO  com.datacomp.service.gpu.GpuFrequencyService - Selected GPU device: NVIDIA GeForce MX330 CL_DEVICE_TYPE_GPU (available)
2025-11-01 17:54:43.469 [JavaFX Application Thread] INFO  com.datacomp.service.gpu.GpuCompressionService - GPU compression service initialized: GPU (NVIDIA GeForce MX330 CL_DEVICE_TYPE_GPU (available))
2025-11-01 17:54:43.484 [JavaFX Application Thread] INFO  com.datacomp.service.ServiceFactory - Using GPU compression service
2025-11-01 17:54:45.554 [JavaFX Application Thread] INFO  com.datacomp.ui.SettingsController - Settings loaded from configuration
2025-11-01 17:54:53.379 [JavaFX Application Thread] INFO  com.datacomp.ui.DataCompApp - Application stopping
2025-11-01 17:54:56.428 [JavaFX-Launcher] INFO  com.datacomp.ui.DataCompApp - Initializing DataComp application
2025-11-01 17:54:56.604 [JavaFX Application Thread] INFO  com.datacomp.ui.MainViewController - Initializing main view controller
2025-11-01 17:54:56.930 [JavaFX Application Thread] INFO  com.datacomp.service.gpu.GpuFrequencyService - Selected GPU device: NVIDIA GeForce MX330 CL_DEVICE_TYPE_GPU (available)
2025-11-01 17:54:57.225 [JavaFX Application Thread] INFO  com.datacomp.service.gpu.GpuCompressionService - GPU compression service initialized: GPU (NVIDIA GeForce MX330 CL_DEVICE_TYPE_GPU (available))
2025-11-01 17:54:57.240 [JavaFX Application Thread] INFO  com.datacomp.service.ServiceFactory - Using GPU compression service
2025-11-01 17:54:57.438 [JavaFX Application Thread] INFO  com.datacomp.ui.DataCompApp - Application started successfully
2025-11-01 17:54:59.037 [JavaFX Application Thread] INFO  com.datacomp.ui.SettingsController - Settings loaded from configuration
2025-11-01 17:55:00.661 [JavaFX Application Thread] INFO  com.datacomp.ui.DataCompApp - Application stopping
2025-11-04 12:32:59.054 [JavaFX-Launcher] INFO  com.datacomp.ui.DataCompApp - Initializing DataComp application
2025-11-04 12:32:59.286 [JavaFX Application Thread] INFO  com.datacomp.ui.MainViewController - Initializing main view controller
2025-11-04 12:32:59.298 [JavaFX Application Thread] WARN  com.datacomp.service.gpu.GpuFrequencyService - Failed to initialize TornadoVM device: superclass access check failed: class uk.ac.manchester.tornado.runtime.graal.nodes.TornadoLoopsData (in unnamed module @0x55c24fd6) cannot access class org.graalvm.compiler.nodes.loop.LoopsData (in module jdk.internal.vm.compiler) because module jdk.internal.vm.compiler does not export org.graalvm.compiler.nodes.loop to unnamed module @0x55c24fd6
2025-11-04 12:32:59.300 [JavaFX Application Thread] WARN  com.datacomp.service.gpu.GpuCompressionService - GPU not available, will use CPU fallback
2025-11-04 12:32:59.300 [JavaFX Application Thread] INFO  com.datacomp.service.ServiceFactory - GPU not available, using CPU service
2025-11-04 12:32:59.486 [JavaFX Application Thread] INFO  com.datacomp.ui.DataCompApp - Application started successfully
2025-11-04 12:32:59.486 [JavaFX Application Thread] WARN  com.datacomp.service.gpu.GpuFrequencyService - TornadoVM not available: Could not initialize class uk.ac.manchester.tornado.api.runtime.TornadoRuntimeProvider
2025-11-04 12:32:59.819 [JavaFX Application Thread] WARN  com.datacomp.service.gpu.GpuFrequencyService - TornadoVM not available: Could not initialize class uk.ac.manchester.tornado.api.runtime.TornadoRuntimeProvider
2025-11-04 12:33:11.416 [JavaFX Application Thread] WARN  com.datacomp.service.gpu.GpuFrequencyService - Failed to initialize TornadoVM device: Could not initialize class uk.ac.manchester.tornado.api.runtime.TornadoRuntimeProvider
2025-11-04 12:33:11.417 [JavaFX Application Thread] WARN  com.datacomp.service.gpu.GpuCompressionService - GPU not available, will use CPU fallback
2025-11-04 12:33:11.417 [JavaFX Application Thread] INFO  com.datacomp.service.ServiceFactory - GPU not available, using CPU service
2025-11-04 12:33:13.395 [JavaFX Application Thread] INFO  com.datacomp.ui.DataCompApp - Application stopping
2025-11-04 12:46:21.655 [JavaFX-Launcher] INFO  com.datacomp.ui.DataCompApp - Initializing DataComp application
2025-11-04 12:46:21.884 [JavaFX Application Thread] INFO  com.datacomp.ui.MainViewController - Initializing main view controller
2025-11-04 12:46:21.897 [JavaFX Application Thread] WARN  com.datacomp.service.gpu.GpuFrequencyService - Failed to initialize TornadoVM device: superclass access check failed: class uk.ac.manchester.tornado.runtime.graal.nodes.TornadoLoopsData (in unnamed module @0x5e5e36d) cannot access class org.graalvm.compiler.nodes.loop.LoopsData (in module jdk.internal.vm.compiler) because module jdk.internal.vm.compiler does not export org.graalvm.compiler.nodes.loop to unnamed module @0x5e5e36d
2025-11-04 12:46:21.899 [JavaFX Application Thread] WARN  com.datacomp.service.gpu.GpuCompressionService - GPU not available, will use CPU fallback
2025-11-04 12:46:21.899 [JavaFX Application Thread] INFO  com.datacomp.service.ServiceFactory - GPU not available, using CPU service
2025-11-04 12:46:22.084 [JavaFX Application Thread] INFO  com.datacomp.ui.DataCompApp - Application started successfully
2025-11-04 12:46:22.085 [JavaFX Application Thread] WARN  com.datacomp.service.gpu.GpuFrequencyService - TornadoVM not available: Could not initialize class uk.ac.manchester.tornado.api.runtime.TornadoRuntimeProvider
2025-11-04 12:46:22.410 [JavaFX Application Thread] WARN  com.datacomp.service.gpu.GpuFrequencyService - TornadoVM not available: Could not initialize class uk.ac.manchester.tornado.api.runtime.TornadoRuntimeProvider
2025-11-04 12:46:29.066 [JavaFX Application Thread] INFO  com.datacomp.ui.DataCompApp - Application stopping
2025-11-04 12:46:59.038 [JavaFX-Launcher] INFO  com.datacomp.ui.DataCompApp - Initializing DataComp application
2025-11-04 12:46:59.259 [JavaFX Application Thread] INFO  com.datacomp.ui.MainViewController - Initializing main view controller
2025-11-04 12:46:59.271 [JavaFX Application Thread] WARN  com.datacomp.service.gpu.GpuFrequencyService - Failed to initialize TornadoVM device: superclass access check failed: class uk.ac.manchester.tornado.runtime.graal.nodes.TornadoLoopsData (in unnamed module @0x4ff7ac32) cannot access class org.graalvm.compiler.nodes.loop.LoopsData (in module jdk.internal.vm.compiler) because module jdk.internal.vm.compiler does not export org.graalvm.compiler.nodes.loop to unnamed module @0x4ff7ac32
2025-11-04 12:46:59.272 [JavaFX Application Thread] WARN  com.datacomp.service.gpu.GpuCompressionService - GPU not available, will use CPU fallback
2025-11-04 12:46:59.272 [JavaFX Application Thread] INFO  com.datacomp.service.ServiceFactory - GPU not available, using CPU service
2025-11-04 12:46:59.448 [JavaFX Application Thread] INFO  com.datacomp.ui.DataCompApp - Application started successfully
2025-11-04 12:46:59.448 [JavaFX Application Thread] WARN  com.datacomp.service.gpu.GpuFrequencyService - TornadoVM not available: Could not initialize class uk.ac.manchester.tornado.api.runtime.TornadoRuntimeProvider
2025-11-04 12:46:59.757 [JavaFX Application Thread] WARN  com.datacomp.service.gpu.GpuFrequencyService - TornadoVM not available: Could not initialize class uk.ac.manchester.tornado.api.runtime.TornadoRuntimeProvider
2025-11-04 12:47:07.287 [JavaFX Application Thread] INFO  com.datacomp.ui.DataCompApp - Application stopping
2025-11-04 13:07:19.814 [JavaFX-Launcher] INFO  com.datacomp.ui.DataCompApp - Initializing DataComp application
2025-11-04 13:07:20.067 [JavaFX Application Thread] INFO  com.datacomp.ui.MainViewController - Initializing main view controller
2025-11-04 13:07:20.082 [JavaFX Application Thread] WARN  com.datacomp.service.gpu.GpuFrequencyService - Failed to initialize TornadoVM device: Preview features are not enabled for uk/ac/manchester/tornado/api/types/arrays/TornadoNativeArray (class file version 65.65535). Try running with '--enable-preview'
2025-11-04 13:07:20.083 [JavaFX Application Thread] WARN  com.datacomp.service.gpu.GpuCompressionService - GPU not available, will use CPU fallback
2025-11-04 13:07:20.083 [JavaFX Application Thread] INFO  com.datacomp.service.ServiceFactory - GPU not available, using CPU service
2025-11-04 13:07:20.296 [JavaFX Application Thread] INFO  com.datacomp.ui.DataCompApp - Application started successfully
2025-11-04 13:07:20.297 [JavaFX Application Thread] WARN  com.datacomp.service.gpu.GpuFrequencyService - TornadoVM not available: Could not initialize class uk.ac.manchester.tornado.api.runtime.TornadoRuntimeProvider
2025-11-04 13:07:20.628 [JavaFX Application Thread] WARN  com.datacomp.service.gpu.GpuFrequencyService - TornadoVM not available: Could not initialize class uk.ac.manchester.tornado.api.runtime.TornadoRuntimeProvider
2025-11-04 13:07:25.433 [JavaFX Application Thread] INFO  com.datacomp.ui.DataCompApp - Application stopping
2025-11-04 13:09:54.571 [JavaFX-Launcher] INFO  com.datacomp.ui.DataCompApp - Initializing DataComp application
2025-11-04 13:09:54.803 [JavaFX Application Thread] INFO  com.datacomp.ui.MainViewController - Initializing main view controller
2025-11-04 13:09:54.818 [JavaFX Application Thread] WARN  com.datacomp.service.gpu.GpuFrequencyService - Failed to initialize TornadoVM device: class uk.ac.manchester.tornado.runtime.TornadoCoreRuntime (in unnamed module @0x2c76aeef) cannot access class org.graalvm.compiler.options.OptionValues (in module jdk.internal.vm.compiler) because module jdk.internal.vm.compiler does not export org.graalvm.compiler.options to unnamed module @0x2c76aeef
2025-11-04 13:09:54.820 [JavaFX Application Thread] WARN  com.datacomp.service.gpu.GpuCompressionService - GPU not available, will use CPU fallback
2025-11-04 13:09:54.820 [JavaFX Application Thread] INFO  com.datacomp.service.ServiceFactory - GPU not available, using CPU service
2025-11-04 13:09:55.014 [JavaFX Application Thread] INFO  com.datacomp.ui.DataCompApp - Application started successfully
2025-11-04 13:09:55.015 [JavaFX Application Thread] WARN  com.datacomp.service.gpu.GpuFrequencyService - TornadoVM not available: Could not initialize class uk.ac.manchester.tornado.api.runtime.TornadoRuntimeProvider
2025-11-04 13:09:55.337 [JavaFX Application Thread] WARN  com.datacomp.service.gpu.GpuFrequencyService - TornadoVM not available: Could not initialize class uk.ac.manchester.tornado.api.runtime.TornadoRuntimeProvider
2025-11-04 13:10:55.927 [JavaFX Application Thread] INFO  com.datacomp.ui.DataCompApp - Application stopping
2025-11-04 13:11:22.958 [JavaFX-Launcher] INFO  com.datacomp.ui.DataCompApp - Initializing DataComp application
2025-11-04 13:11:23.179 [JavaFX Application Thread] INFO  com.datacomp.ui.MainViewController - Initializing main view controller
2025-11-04 13:11:23.195 [JavaFX Application Thread] WARN  com.datacomp.service.gpu.GpuFrequencyService - Failed to initialize TornadoVM device: class org.graalvm.compiler.hotspot.HotSpotGraalOptionValues (in module jdk.internal.vm.compiler) cannot access class jdk.vm.ci.common.InitTimer (in module jdk.internal.vm.ci) because module jdk.internal.vm.ci does not export jdk.vm.ci.common to module jdk.internal.vm.compiler
2025-11-04 13:11:23.197 [JavaFX Application Thread] WARN  com.datacomp.service.gpu.GpuCompressionService - GPU not available, will use CPU fallback
2025-11-04 13:11:23.197 [JavaFX Application Thread] INFO  com.datacomp.service.ServiceFactory - GPU not available, using CPU service
2025-11-04 13:11:23.377 [JavaFX Application Thread] INFO  com.datacomp.ui.DataCompApp - Application started successfully
2025-11-04 13:11:23.377 [JavaFX Application Thread] WARN  com.datacomp.service.gpu.GpuFrequencyService - TornadoVM not available: Could not initialize class uk.ac.manchester.tornado.api.runtime.TornadoRuntimeProvider
2025-11-04 13:11:23.699 [JavaFX Application Thread] WARN  com.datacomp.service.gpu.GpuFrequencyService - TornadoVM not available: Could not initialize class uk.ac.manchester.tornado.api.runtime.TornadoRuntimeProvider
2025-11-04 13:11:31.791 [JavaFX Application Thread] WARN  com.datacomp.service.gpu.GpuFrequencyService - Failed to initialize TornadoVM device: Could not initialize class uk.ac.manchester.tornado.api.runtime.TornadoRuntimeProvider
2025-11-04 13:11:31.791 [JavaFX Application Thread] WARN  com.datacomp.service.gpu.GpuCompressionService - GPU not available, will use CPU fallback
2025-11-04 13:11:31.791 [JavaFX Application Thread] INFO  com.datacomp.service.ServiceFactory - GPU not available, using CPU service
2025-11-04 13:11:33.419 [JavaFX Application Thread] INFO  com.datacomp.ui.SettingsController - Settings loaded from configuration
2025-11-04 13:11:46.670 [JavaFX Application Thread] WARN  com.datacomp.service.gpu.GpuFrequencyService - TornadoVM not available: Could not initialize class uk.ac.manchester.tornado.api.runtime.TornadoRuntimeProvider
2025-11-04 13:11:49.480 [JavaFX Application Thread] WARN  com.datacomp.service.gpu.GpuFrequencyService - Failed to initialize TornadoVM device: Could not initialize class uk.ac.manchester.tornado.api.runtime.TornadoRuntimeProvider
2025-11-04 13:11:49.480 [JavaFX Application Thread] WARN  com.datacomp.service.gpu.GpuCompressionService - GPU not available, will use CPU fallback
2025-11-04 13:11:49.480 [JavaFX Application Thread] INFO  com.datacomp.service.ServiceFactory - GPU not available, using CPU service
2025-11-04 13:12:01.371 [JavaFX Application Thread] WARN  com.datacomp.service.gpu.GpuFrequencyService - TornadoVM not available: Could not initialize class uk.ac.manchester.tornado.api.runtime.TornadoRuntimeProvider
2025-11-04 13:12:02.830 [JavaFX Application Thread] INFO  com.datacomp.ui.SettingsController - Settings loaded from configuration
2025-11-04 13:12:04.604 [JavaFX Application Thread] INFO  com.datacomp.ui.DataCompApp - Application stopping
2025-11-04 13:12:55.849 [JavaFX-Launcher] INFO  com.datacomp.ui.DataCompApp - Initializing DataComp application
2025-11-04 13:12:56.088 [JavaFX Application Thread] INFO  com.datacomp.ui.MainViewController - Initializing main view controller
2025-11-04 13:12:56.106 [JavaFX Application Thread] WARN  com.datacomp.service.gpu.GpuFrequencyService - Failed to initialize TornadoVM device: class uk.ac.manchester.tornado.runtime.TornadoCoreRuntime (in unnamed module @0x46a6aabb) cannot access class org.graalvm.compiler.lir.constopt.ConstantLoadOptimization$Options (in module jdk.internal.vm.compiler) because module jdk.internal.vm.compiler does not export org.graalvm.compiler.lir.constopt to unnamed module @0x46a6aabb
2025-11-04 13:12:56.107 [JavaFX Application Thread] WARN  com.datacomp.service.gpu.GpuCompressionService - GPU not available, will use CPU fallback
2025-11-04 13:12:56.107 [JavaFX Application Thread] INFO  com.datacomp.service.ServiceFactory - GPU not available, using CPU service
2025-11-04 13:12:56.294 [JavaFX Application Thread] INFO  com.datacomp.ui.DataCompApp - Application started successfully
2025-11-04 13:12:56.294 [JavaFX Application Thread] WARN  com.datacomp.service.gpu.GpuFrequencyService - TornadoVM not available: Could not initialize class uk.ac.manchester.tornado.api.runtime.TornadoRuntimeProvider
2025-11-04 13:12:56.629 [JavaFX Application Thread] WARN  com.datacomp.service.gpu.GpuFrequencyService - TornadoVM not available: Could not initialize class uk.ac.manchester.tornado.api.runtime.TornadoRuntimeProvider
2025-11-04 13:13:15.160 [JavaFX Application Thread] WARN  com.datacomp.service.gpu.GpuFrequencyService - Failed to initialize TornadoVM device: Could not initialize class uk.ac.manchester.tornado.api.runtime.TornadoRuntimeProvider
2025-11-04 13:13:15.160 [JavaFX Application Thread] WARN  com.datacomp.service.gpu.GpuCompressionService - GPU not available, will use CPU fallback
2025-11-04 13:13:15.160 [JavaFX Application Thread] INFO  com.datacomp.service.ServiceFactory - GPU not available, using CPU service
2025-11-04 13:13:17.182 [JavaFX Application Thread] INFO  com.datacomp.ui.SettingsController - Settings loaded from configuration
2025-11-04 13:13:19.275 [JavaFX Application Thread] INFO  com.datacomp.ui.DataCompApp - Application stopping
2025-11-04 13:13:56.277 [JavaFX-Launcher] INFO  com.datacomp.ui.DataCompApp - Initializing DataComp application
2025-11-04 13:13:56.518 [JavaFX Application Thread] INFO  com.datacomp.ui.MainViewController - Initializing main view controller
2025-11-04 13:13:56.558 [JavaFX Application Thread] WARN  com.datacomp.service.gpu.GpuFrequencyService - Failed to initialize TornadoVM device: superinterface check failed: class uk.ac.manchester.tornado.drivers.opencl.graal.backend.OCLBackend (in unnamed module @0x1ec5844d) cannot access class org.graalvm.compiler.lir.framemap.FrameMap$ReferenceMapBuilderFactory (in module jdk.internal.vm.compiler) because module jdk.internal.vm.compiler does not export org.graalvm.compiler.lir.framemap to unnamed module @0x1ec5844d
2025-11-04 13:13:56.559 [JavaFX Application Thread] WARN  com.datacomp.service.gpu.GpuCompressionService - GPU not available, will use CPU fallback
2025-11-04 13:13:56.559 [JavaFX Application Thread] INFO  com.datacomp.service.ServiceFactory - GPU not available, using CPU service
2025-11-04 13:13:56.742 [JavaFX Application Thread] INFO  com.datacomp.ui.DataCompApp - Application started successfully
2025-11-04 13:13:56.742 [JavaFX Application Thread] WARN  com.datacomp.service.gpu.GpuFrequencyService - TornadoVM not available: Could not initialize class uk.ac.manchester.tornado.api.runtime.TornadoRuntimeProvider
2025-11-04 13:13:57.058 [JavaFX Application Thread] WARN  com.datacomp.service.gpu.GpuFrequencyService - TornadoVM not available: Could not initialize class uk.ac.manchester.tornado.api.runtime.TornadoRuntimeProvider
2025-11-04 13:14:03.903 [JavaFX Application Thread] INFO  com.datacomp.ui.DataCompApp - Application stopping
2025-11-04 13:15:00.024 [JavaFX-Launcher] INFO  com.datacomp.ui.DataCompApp - Initializing DataComp application
2025-11-04 13:15:00.252 [JavaFX Application Thread] INFO  com.datacomp.ui.MainViewController - Initializing main view controller
2025-11-04 13:15:00.296 [JavaFX Application Thread] WARN  com.datacomp.service.gpu.GpuFrequencyService - Failed to initialize TornadoVM device: null
2025-11-04 13:15:00.298 [JavaFX Application Thread] WARN  com.datacomp.service.gpu.GpuCompressionService - GPU not available, will use CPU fallback
2025-11-04 13:15:00.298 [JavaFX Application Thread] INFO  com.datacomp.service.ServiceFactory - GPU not available, using CPU service
2025-11-04 13:15:00.479 [JavaFX Application Thread] INFO  com.datacomp.ui.DataCompApp - Application started successfully
2025-11-04 13:15:00.479 [JavaFX Application Thread] WARN  com.datacomp.service.gpu.GpuFrequencyService - TornadoVM not available: Could not initialize class uk.ac.manchester.tornado.api.runtime.TornadoRuntimeProvider
2025-11-04 13:15:00.801 [JavaFX Application Thread] WARN  com.datacomp.service.gpu.GpuFrequencyService - TornadoVM not available: Could not initialize class uk.ac.manchester.tornado.api.runtime.TornadoRuntimeProvider
2025-11-04 13:15:20.304 [JavaFX Application Thread] INFO  com.datacomp.ui.DataCompApp - Application stopping
2025-11-04 13:22:09.565 [JavaFX-Launcher] INFO  com.datacomp.ui.DataCompApp - Initializing DataComp application
2025-11-04 13:22:09.795 [JavaFX Application Thread] INFO  com.datacomp.ui.MainViewController - Initializing main view controller
2025-11-04 13:22:09.838 [JavaFX Application Thread] WARN  com.datacomp.service.gpu.GpuFrequencyService - Failed to initialize TornadoVM device: null
2025-11-04 13:22:09.839 [JavaFX Application Thread] WARN  com.datacomp.service.gpu.GpuCompressionService - GPU not available, will use CPU fallback
2025-11-04 13:22:09.840 [JavaFX Application Thread] INFO  com.datacomp.service.ServiceFactory - GPU not available, using CPU service
2025-11-04 13:22:10.033 [JavaFX Application Thread] INFO  com.datacomp.ui.DataCompApp - Application started successfully
2025-11-04 13:22:10.035 [JavaFX Application Thread] WARN  com.datacomp.service.gpu.GpuFrequencyService - TornadoVM not available: Could not initialize class uk.ac.manchester.tornado.api.runtime.TornadoRuntimeProvider
2025-11-04 13:22:10.359 [JavaFX Application Thread] WARN  com.datacomp.service.gpu.GpuFrequencyService - TornadoVM not available: Could not initialize class uk.ac.manchester.tornado.api.runtime.TornadoRuntimeProvider
2025-11-04 13:22:15.407 [JavaFX Application Thread] INFO  com.datacomp.ui.DataCompApp - Application stopping
2025-11-04 13:25:14.685 [JavaFX-Launcher] INFO  com.datacomp.ui.DataCompApp - Initializing DataComp application
2025-11-04 13:25:14.913 [JavaFX Application Thread] INFO  com.datacomp.ui.MainViewController - Initializing main view controller
2025-11-04 13:25:15.120 [JavaFX Application Thread] WARN  com.datacomp.service.gpu.GpuFrequencyService - Failed to initialize TornadoVM device: superclass access check failed: class uk.ac.manchester.tornado.drivers.providers.TornadoWordTypes (in unnamed module @0x1ec5844d) cannot access class org.graalvm.compiler.word.WordTypes (in module jdk.internal.vm.compiler) because module jdk.internal.vm.compiler does not export org.graalvm.compiler.word to unnamed module @0x1ec5844d
2025-11-04 13:25:15.121 [JavaFX Application Thread] WARN  com.datacomp.service.gpu.GpuCompressionService - GPU not available, will use CPU fallback
2025-11-04 13:25:15.121 [JavaFX Application Thread] INFO  com.datacomp.service.ServiceFactory - GPU not available, using CPU service
2025-11-04 13:25:15.301 [JavaFX Application Thread] INFO  com.datacomp.ui.DataCompApp - Application started successfully
2025-11-04 13:25:15.302 [JavaFX Application Thread] WARN  com.datacomp.service.gpu.GpuFrequencyService - TornadoVM not available: Could not initialize class uk.ac.manchester.tornado.api.runtime.TornadoRuntimeProvider
2025-11-04 13:25:15.619 [JavaFX Application Thread] WARN  com.datacomp.service.gpu.GpuFrequencyService - TornadoVM not available: Could not initialize class uk.ac.manchester.tornado.api.runtime.TornadoRuntimeProvider
2025-11-04 13:25:19.396 [JavaFX Application Thread] INFO  com.datacomp.ui.DataCompApp - Application stopping
2025-11-04 13:25:46.691 [JavaFX-Launcher] INFO  com.datacomp.ui.DataCompApp - Initializing DataComp application
2025-11-04 13:25:46.954 [JavaFX Application Thread] INFO  com.datacomp.ui.MainViewController - Initializing main view controller
2025-11-04 13:25:47.104 [JavaFX Application Thread] WARN  com.datacomp.service.gpu.GpuFrequencyService - Failed to initialize TornadoVM device: superclass access check failed: class uk.ac.manchester.tornado.drivers.opencl.graal.OCLProviders (in unnamed module @0x1ec5844d) cannot access class org.graalvm.compiler.phases.util.Providers (in module jdk.internal.vm.compiler) because module jdk.internal.vm.compiler does not export org.graalvm.compiler.phases.util to unnamed module @0x1ec5844d
2025-11-04 13:25:47.106 [JavaFX Application Thread] WARN  com.datacomp.service.gpu.GpuCompressionService - GPU not available, will use CPU fallback
2025-11-04 13:25:47.106 [JavaFX Application Thread] INFO  com.datacomp.service.ServiceFactory - GPU not available, using CPU service
2025-11-04 13:25:47.285 [JavaFX Application Thread] INFO  com.datacomp.ui.DataCompApp - Application started successfully
2025-11-04 13:25:47.286 [JavaFX Application Thread] WARN  com.datacomp.service.gpu.GpuFrequencyService - TornadoVM not available: Could not initialize class uk.ac.manchester.tornado.api.runtime.TornadoRuntimeProvider
2025-11-04 13:25:47.616 [JavaFX Application Thread] WARN  com.datacomp.service.gpu.GpuFrequencyService - TornadoVM not available: Could not initialize class uk.ac.manchester.tornado.api.runtime.TornadoRuntimeProvider
2025-11-04 13:27:29.822 [JavaFX Application Thread] INFO  com.datacomp.ui.DataCompApp - Application stopping
2025-11-04 13:28:21.663 [JavaFX-Launcher] INFO  com.datacomp.ui.DataCompApp - Initializing DataComp application
2025-11-04 13:28:21.886 [JavaFX Application Thread] INFO  com.datacomp.ui.MainViewController - Initializing main view controller
2025-11-04 13:28:22.038 [JavaFX Application Thread] WARN  com.datacomp.service.gpu.GpuFrequencyService - Failed to initialize TornadoVM device: class uk.ac.manchester.tornado.drivers.opencl.graal.OCLHotSpotBackendFactory (in unnamed module @0x2c76aeef) cannot access class org.graalvm.compiler.hotspot.meta.HotSpotStampProvider (in module jdk.internal.vm.compiler) because module jdk.internal.vm.compiler does not export org.graalvm.compiler.hotspot.meta to unnamed module @0x2c76aeef
2025-11-04 13:28:22.040 [JavaFX Application Thread] WARN  com.datacomp.service.gpu.GpuCompressionService - GPU not available, will use CPU fallback
2025-11-04 13:28:22.040 [JavaFX Application Thread] INFO  com.datacomp.service.ServiceFactory - GPU not available, using CPU service
2025-11-04 13:28:22.218 [JavaFX Application Thread] INFO  com.datacomp.ui.DataCompApp - Application started successfully
2025-11-04 13:28:22.218 [JavaFX Application Thread] WARN  com.datacomp.service.gpu.GpuFrequencyService - TornadoVM not available: Could not initialize class uk.ac.manchester.tornado.api.runtime.TornadoRuntimeProvider
2025-11-04 13:28:22.541 [JavaFX Application Thread] WARN  com.datacomp.service.gpu.GpuFrequencyService - TornadoVM not available: Could not initialize class uk.ac.manchester.tornado.api.runtime.TornadoRuntimeProvider
2025-11-04 13:28:28.530 [JavaFX Application Thread] WARN  com.datacomp.service.gpu.GpuFrequencyService - Failed to initialize TornadoVM device: Could not initialize class uk.ac.manchester.tornado.api.runtime.TornadoRuntimeProvider
2025-11-04 13:28:28.530 [JavaFX Application Thread] WARN  com.datacomp.service.gpu.GpuCompressionService - GPU not available, will use CPU fallback
2025-11-04 13:28:28.530 [JavaFX Application Thread] INFO  com.datacomp.service.ServiceFactory - GPU not available, using CPU service
2025-11-04 13:28:30.319 [JavaFX Application Thread] INFO  com.datacomp.ui.SettingsController - Settings loaded from configuration
2025-11-04 13:28:31.756 [JavaFX Application Thread] INFO  com.datacomp.ui.DataCompApp - Application stopping
2025-11-04 13:28:58.889 [JavaFX-Launcher] INFO  com.datacomp.ui.DataCompApp - Initializing DataComp application
2025-11-04 13:28:59.149 [JavaFX Application Thread] INFO  com.datacomp.ui.MainViewController - Initializing main view controller
2025-11-04 13:28:59.310 [JavaFX Application Thread] WARN  com.datacomp.service.gpu.GpuFrequencyService - Failed to initialize TornadoVM device: superinterface check failed: class uk.ac.manchester.tornado.runtime.graal.compiler.TornadoForeignCallsProvider (in unnamed module @0x46a6aabb) cannot access class org.graalvm.compiler.core.common.spi.ForeignCallsProvider (in module jdk.internal.vm.compiler) because module jdk.internal.vm.compiler does not export org.graalvm.compiler.core.common.spi to unnamed module @0x46a6aabb
2025-11-04 13:28:59.311 [JavaFX Application Thread] WARN  com.datacomp.service.gpu.GpuCompressionService - GPU not available, will use CPU fallback
2025-11-04 13:28:59.311 [JavaFX Application Thread] INFO  com.datacomp.service.ServiceFactory - GPU not available, using CPU service
2025-11-04 13:28:59.512 [JavaFX Application Thread] INFO  com.datacomp.ui.DataCompApp - Application started successfully
2025-11-04 13:28:59.513 [JavaFX Application Thread] WARN  com.datacomp.service.gpu.GpuFrequencyService - TornadoVM not available: Could not initialize class uk.ac.manchester.tornado.api.runtime.TornadoRuntimeProvider
2025-11-04 13:28:59.910 [JavaFX Application Thread] WARN  com.datacomp.service.gpu.GpuFrequencyService - TornadoVM not available: Could not initialize class uk.ac.manchester.tornado.api.runtime.TornadoRuntimeProvider
2025-11-04 13:29:12.124 [JavaFX Application Thread] INFO  com.datacomp.ui.DataCompApp - Application stopping
2025-11-04 13:31:25.041 [JavaFX-Launcher] INFO  com.datacomp.ui.DataCompApp - Initializing DataComp application
2025-11-04 13:31:25.289 [JavaFX Application Thread] INFO  com.datacomp.ui.MainViewController - Initializing main view controller
2025-11-04 13:31:25.639 [JavaFX Application Thread] WARN  com.datacomp.service.gpu.GpuFrequencyService - Failed to initialize TornadoVM device: superinterface check failed: class uk.ac.manchester.tornado.drivers.ptx.graal.backend.PTXBackend (in module tornado.drivers.ptx) cannot access class org.graalvm.compiler.lir.framemap.FrameMap$ReferenceMapBuilderFactory (in module jdk.internal.vm.compiler) because module jdk.internal.vm.compiler does not export org.graalvm.compiler.lir.framemap to module tornado.drivers.ptx
2025-11-04 13:31:25.640 [JavaFX Application Thread] WARN  com.datacomp.service.gpu.GpuCompressionService - GPU not available, will use CPU fallback
2025-11-04 13:31:25.640 [JavaFX Application Thread] INFO  com.datacomp.service.ServiceFactory - GPU not available, using CPU service
2025-11-04 13:31:25.821 [JavaFX Application Thread] INFO  com.datacomp.ui.DataCompApp - Application started successfully
2025-11-04 13:31:25.822 [JavaFX Application Thread] WARN  com.datacomp.service.gpu.GpuFrequencyService - TornadoVM not available: Could not initialize class uk.ac.manchester.tornado.api.runtime.TornadoRuntimeProvider
2025-11-04 13:31:26.156 [JavaFX Application Thread] WARN  com.datacomp.service.gpu.GpuFrequencyService - TornadoVM not available: Could not initialize class uk.ac.manchester.tornado.api.runtime.TornadoRuntimeProvider
2025-11-04 13:31:30.870 [JavaFX Application Thread] WARN  com.datacomp.service.gpu.GpuFrequencyService - Failed to initialize TornadoVM device: Could not initialize class uk.ac.manchester.tornado.api.runtime.TornadoRuntimeProvider
2025-11-04 13:31:30.870 [JavaFX Application Thread] WARN  com.datacomp.service.gpu.GpuCompressionService - GPU not available, will use CPU fallback
2025-11-04 13:31:30.870 [JavaFX Application Thread] INFO  com.datacomp.service.ServiceFactory - GPU not available, using CPU service
2025-11-04 13:31:32.416 [JavaFX Application Thread] INFO  com.datacomp.ui.SettingsController - Settings loaded from configuration
2025-11-04 13:31:34.096 [JavaFX Application Thread] WARN  com.datacomp.service.gpu.GpuFrequencyService - TornadoVM not available: Could not initialize class uk.ac.manchester.tornado.api.runtime.TornadoRuntimeProvider
2025-11-04 13:31:39.795 [JavaFX Application Thread] INFO  com.datacomp.ui.DataCompApp - Application stopping
2025-11-04 13:32:15.423 [JavaFX-Launcher] INFO  com.datacomp.ui.DataCompApp - Initializing DataComp application
2025-11-04 13:32:15.656 [JavaFX Application Thread] INFO  com.datacomp.ui.MainViewController - Initializing main view controller
2025-11-04 13:32:16.140 [JavaFX Application Thread] INFO  com.datacomp.service.gpu.GpuFrequencyService - Selected GPU device: NVIDIA GeForce RTX 3050 Ti Laptop GPU CL_DEVICE_TYPE_GPU (available)
2025-11-04 13:32:16.902 [JavaFX Application Thread] INFO  com.datacomp.service.gpu.GpuCompressionService - GPU compression service initialized: GPU (NVIDIA GeForce RTX 3050 Ti Laptop GPU CL_DEVICE_TYPE_GPU (available))
2025-11-04 13:32:16.950 [JavaFX Application Thread] INFO  com.datacomp.service.ServiceFactory - Using GPU compression service
2025-11-04 13:32:17.132 [JavaFX Application Thread] INFO  com.datacomp.ui.DataCompApp - Application started successfully
2025-11-04 13:32:31.012 [JavaFX Application Thread] INFO  com.datacomp.ui.SettingsController - Settings loaded from configuration
2025-11-04 13:34:58.095 [JavaFX Application Thread] INFO  com.datacomp.service.gpu.GpuFrequencyService - Selected GPU device: NVIDIA GeForce RTX 3050 Ti Laptop GPU CL_DEVICE_TYPE_GPU (available)
2025-11-04 13:34:58.120 [JavaFX Application Thread] INFO  com.datacomp.service.gpu.GpuCompressionService - GPU compression service initialized: GPU (NVIDIA GeForce RTX 3050 Ti Laptop GPU CL_DEVICE_TYPE_GPU (available))
2025-11-04 13:34:58.144 [JavaFX Application Thread] INFO  com.datacomp.service.ServiceFactory - Using GPU compression service
2025-11-04 13:35:25.232 [pool-3-thread-1] INFO  com.datacomp.benchmark.BenchmarkSuite - Starting benchmark suite on file: C:\Users\Lenovo\AppData\Roaming\Microsoft\Windows\Network Shortcuts\indexmultimedia.pdf
2025-11-04 13:35:25.232 [pool-3-thread-1] INFO  com.datacomp.benchmark.BenchmarkSuite - Benchmarking CPU: CPU Compression
2025-11-04 13:35:25.259 [pool-3-thread-1] INFO  com.datacomp.service.cpu.CpuCompressionService - Compressing indexmultimedia.pdf (33011 bytes) into 1 chunks
2025-11-04 13:35:25.379 [pool-3-thread-1] INFO  com.datacomp.service.cpu.CpuCompressionService - Compression complete: 33011 -> 31934 bytes ({:.2f}%) in {:.2f}s ({:.2f} MB/s)
2025-11-04 13:35:25.380 [pool-3-thread-1] INFO  com.datacomp.service.cpu.CpuCompressionService - Compressing indexmultimedia.pdf (33011 bytes) into 1 chunks
2025-11-04 13:35:25.482 [pool-3-thread-1] INFO  com.datacomp.service.cpu.CpuCompressionService - Compression complete: 33011 -> 31934 bytes ({:.2f}%) in {:.2f}s ({:.2f} MB/s)
2025-11-04 13:35:25.483 [pool-3-thread-1] INFO  com.datacomp.service.cpu.CpuCompressionService - Compressing indexmultimedia.pdf (33011 bytes) into 1 chunks
2025-11-04 13:35:25.641 [pool-3-thread-1] INFO  com.datacomp.service.cpu.CpuCompressionService - Compression complete: 33011 -> 31934 bytes ({:.2f}%) in {:.2f}s ({:.2f} MB/s)
2025-11-04 13:35:25.641 [pool-3-thread-1] INFO  com.datacomp.service.cpu.CpuCompressionService - Compressing indexmultimedia.pdf (33011 bytes) into 1 chunks
2025-11-04 13:35:25.749 [pool-3-thread-1] INFO  com.datacomp.service.cpu.CpuCompressionService - Compression complete: 33011 -> 31934 bytes ({:.2f}%) in {:.2f}s ({:.2f} MB/s)
2025-11-04 13:35:25.749 [pool-3-thread-1] INFO  com.datacomp.service.cpu.CpuCompressionService - Compressing indexmultimedia.pdf (33011 bytes) into 1 chunks
2025-11-04 13:35:25.846 [pool-3-thread-1] INFO  com.datacomp.service.cpu.CpuCompressionService - Compression complete: 33011 -> 31934 bytes ({:.2f}%) in {:.2f}s ({:.2f} MB/s)
2025-11-04 13:35:25.847 [pool-3-thread-1] INFO  com.datacomp.service.cpu.CpuCompressionService - Compressing indexmultimedia.pdf (33011 bytes) into 1 chunks
2025-11-04 13:35:26.149 [pool-3-thread-1] INFO  com.datacomp.service.cpu.CpuCompressionService - Compression complete: 33011 -> 31934 bytes ({:.2f}%) in {:.2f}s ({:.2f} MB/s)
2025-11-04 13:35:26.149 [pool-3-thread-1] INFO  com.datacomp.service.cpu.CpuCompressionService - Compressing indexmultimedia.pdf (33011 bytes) into 1 chunks
2025-11-04 13:35:26.225 [pool-3-thread-1] INFO  com.datacomp.service.cpu.CpuCompressionService - Compression complete: 33011 -> 31934 bytes ({:.2f}%) in {:.2f}s ({:.2f} MB/s)
2025-11-04 13:35:26.226 [pool-3-thread-1] INFO  com.datacomp.service.cpu.CpuCompressionService - Compressing indexmultimedia.pdf (33011 bytes) into 1 chunks
2025-11-04 13:35:26.295 [pool-3-thread-1] INFO  com.datacomp.service.cpu.CpuCompressionService - Compression complete: 33011 -> 31934 bytes ({:.2f}%) in {:.2f}s ({:.2f} MB/s)
2025-11-04 13:35:26.298 [pool-3-thread-1] INFO  com.datacomp.benchmark.BenchmarkSuite - Benchmark complete: CPU [CPU Compression]: 0.25 MB/s, 96.74% compression, 0.131s total
2025-11-04 13:35:26.298 [pool-3-thread-1] INFO  com.datacomp.service.gpu.GpuFrequencyService - Selected GPU device: NVIDIA GeForce RTX 3050 Ti Laptop GPU CL_DEVICE_TYPE_GPU (available)
2025-11-04 13:35:26.320 [pool-3-thread-1] INFO  com.datacomp.service.gpu.GpuCompressionService - GPU compression service initialized: GPU (NVIDIA GeForce RTX 3050 Ti Laptop GPU CL_DEVICE_TYPE_GPU (available))
2025-11-04 13:35:26.348 [pool-3-thread-1] INFO  com.datacomp.benchmark.BenchmarkSuite - Benchmarking GPU: GPU Compression (GPU (NVIDIA GeForce RTX 3050 Ti Laptop GPU CL_DEVICE_TYPE_GPU (available)))
2025-11-04 13:35:26.381 [pool-3-thread-1] INFO  com.datacomp.service.cpu.CpuCompressionService - Compressing indexmultimedia.pdf (33011 bytes) into 1 chunks
2025-11-04 13:35:26.457 [pool-3-thread-1] INFO  com.datacomp.service.cpu.CpuCompressionService - Compression complete: 33011 -> 31934 bytes ({:.2f}%) in {:.2f}s ({:.2f} MB/s)
2025-11-04 13:35:26.477 [pool-3-thread-1] INFO  com.datacomp.service.cpu.CpuCompressionService - Compressing indexmultimedia.pdf (33011 bytes) into 1 chunks
2025-11-04 13:35:26.555 [pool-3-thread-1] INFO  com.datacomp.service.cpu.CpuCompressionService - Compression complete: 33011 -> 31934 bytes ({:.2f}%) in {:.2f}s ({:.2f} MB/s)
2025-11-04 13:35:26.580 [pool-3-thread-1] INFO  com.datacomp.service.cpu.CpuCompressionService - Compressing indexmultimedia.pdf (33011 bytes) into 1 chunks
2025-11-04 13:35:27.094 [pool-3-thread-1] INFO  com.datacomp.service.cpu.CpuCompressionService - Compression complete: 33011 -> 31934 bytes ({:.2f}%) in {:.2f}s ({:.2f} MB/s)
2025-11-04 13:35:27.121 [pool-3-thread-1] INFO  com.datacomp.service.cpu.CpuCompressionService - Compressing indexmultimedia.pdf (33011 bytes) into 1 chunks
2025-11-04 13:35:27.147 [pool-3-thread-1] INFO  com.datacomp.service.cpu.CpuCompressionService - Compression complete: 33011 -> 31934 bytes ({:.2f}%) in {:.2f}s ({:.2f} MB/s)
2025-11-04 13:35:27.168 [pool-3-thread-1] INFO  com.datacomp.service.cpu.CpuCompressionService - Compressing indexmultimedia.pdf (33011 bytes) into 1 chunks
2025-11-04 13:35:27.243 [pool-3-thread-1] INFO  com.datacomp.service.cpu.CpuCompressionService - Compression complete: 33011 -> 31934 bytes ({:.2f}%) in {:.2f}s ({:.2f} MB/s)
2025-11-04 13:35:27.266 [pool-3-thread-1] INFO  com.datacomp.service.cpu.CpuCompressionService - Compressing indexmultimedia.pdf (33011 bytes) into 1 chunks
2025-11-04 13:35:27.342 [pool-3-thread-1] INFO  com.datacomp.service.cpu.CpuCompressionService - Compression complete: 33011 -> 31934 bytes ({:.2f}%) in {:.2f}s ({:.2f} MB/s)
2025-11-04 13:35:27.369 [pool-3-thread-1] INFO  com.datacomp.service.cpu.CpuCompressionService - Compressing indexmultimedia.pdf (33011 bytes) into 1 chunks
2025-11-04 13:35:27.441 [pool-3-thread-1] INFO  com.datacomp.service.cpu.CpuCompressionService - Compression complete: 33011 -> 31934 bytes ({:.2f}%) in {:.2f}s ({:.2f} MB/s)
2025-11-04 13:35:27.460 [pool-3-thread-1] INFO  com.datacomp.service.cpu.CpuCompressionService - Compressing indexmultimedia.pdf (33011 bytes) into 1 chunks
2025-11-04 13:35:27.573 [pool-3-thread-1] INFO  com.datacomp.service.cpu.CpuCompressionService - Compression complete: 33011 -> 31934 bytes ({:.2f}%) in {:.2f}s ({:.2f} MB/s)
2025-11-04 13:35:27.574 [pool-3-thread-1] INFO  com.datacomp.benchmark.BenchmarkSuite - Benchmark complete: GPU [GPU Compression (GPU (NVIDIA GeForce RTX 3050 Ti Laptop GPU CL_DEVICE_TYPE_GPU (available)))]: 0.35 MB/s, 96.74% compression, 0.095s total
2025-11-04 13:36:29.509 [JavaFX Application Thread] INFO  com.datacomp.ui.SettingsController - Settings loaded from configuration
2025-11-04 13:37:37.426 [JavaFX Application Thread] INFO  com.datacomp.ui.SettingsController - GPU auto-detect: true
2025-11-04 13:37:37.426 [JavaFX Application Thread] INFO  com.datacomp.ui.SettingsController - GPU fallback on error: true
2025-11-04 13:37:37.426 [JavaFX Application Thread] INFO  com.datacomp.ui.SettingsController - Preferred device: any
2025-11-04 13:37:37.426 [JavaFX Application Thread] INFO  com.datacomp.ui.SettingsController - Chunk size: 1024 MB
2025-11-04 13:37:37.426 [JavaFX Application Thread] INFO  com.datacomp.ui.SettingsController - Verify after compression: true
2025-11-04 13:37:37.426 [JavaFX Application Thread] INFO  com.datacomp.ui.SettingsController - Keep original file: true
2025-11-04 13:37:37.433 [JavaFX Application Thread] INFO  com.datacomp.ui.SettingsController - Theme applied: dark
2025-11-04 13:37:37.434 [JavaFX Application Thread] INFO  com.datacomp.ui.SettingsController - Theme: dark
2025-11-04 13:37:37.434 [JavaFX Application Thread] INFO  com.datacomp.ui.SettingsController - Enable animations: true
2025-11-04 13:37:39.182 [JavaFX Application Thread] INFO  com.datacomp.ui.SettingsController - Settings saved successfully
2025-11-04 13:38:00.931 [pool-4-thread-1] INFO  com.datacomp.benchmark.BenchmarkSuite - Starting benchmark suite on file: C:\Users\Lenovo\Videos\2025-05-21 21-01-52.mp4
2025-11-04 13:38:00.931 [pool-4-thread-1] INFO  com.datacomp.benchmark.BenchmarkSuite - Benchmarking CPU: CPU Compression
2025-11-04 13:38:00.932 [pool-4-thread-1] INFO  com.datacomp.service.cpu.CpuCompressionService - Compressing 2025-05-21 21-01-52.mp4 (11120640 bytes) into 1 chunks
2025-11-04 13:38:01.303 [pool-4-thread-1] INFO  com.datacomp.service.cpu.CpuCompressionService - Compression complete: 11120640 -> 2201498 bytes ({:.2f}%) in {:.2f}s ({:.2f} MB/s)
2025-11-04 13:38:01.304 [pool-4-thread-1] INFO  com.datacomp.service.cpu.CpuCompressionService - Compressing 2025-05-21 21-01-52.mp4 (11120640 bytes) into 1 chunks
2025-11-04 13:38:01.492 [pool-4-thread-1] INFO  com.datacomp.service.cpu.CpuCompressionService - Compression complete: 11120640 -> 2201498 bytes ({:.2f}%) in {:.2f}s ({:.2f} MB/s)
2025-11-04 13:38:01.492 [pool-4-thread-1] INFO  com.datacomp.service.cpu.CpuCompressionService - Compressing 2025-05-21 21-01-52.mp4 (11120640 bytes) into 1 chunks
2025-11-04 13:38:01.639 [pool-4-thread-1] INFO  com.datacomp.service.cpu.CpuCompressionService - Compression complete: 11120640 -> 2201498 bytes ({:.2f}%) in {:.2f}s ({:.2f} MB/s)
2025-11-04 13:38:01.640 [pool-4-thread-1] INFO  com.datacomp.service.cpu.CpuCompressionService - Compressing 2025-05-21 21-01-52.mp4 (11120640 bytes) into 1 chunks
2025-11-04 13:38:01.787 [pool-4-thread-1] INFO  com.datacomp.service.cpu.CpuCompressionService - Compression complete: 11120640 -> 2201498 bytes ({:.2f}%) in {:.2f}s ({:.2f} MB/s)
2025-11-04 13:38:01.788 [pool-4-thread-1] INFO  com.datacomp.service.cpu.CpuCompressionService - Compressing 2025-05-21 21-01-52.mp4 (11120640 bytes) into 1 chunks
2025-11-04 13:38:01.934 [pool-4-thread-1] INFO  com.datacomp.service.cpu.CpuCompressionService - Compression complete: 11120640 -> 2201498 bytes ({:.2f}%) in {:.2f}s ({:.2f} MB/s)
2025-11-04 13:38:01.935 [pool-4-thread-1] INFO  com.datacomp.service.cpu.CpuCompressionService - Compressing 2025-05-21 21-01-52.mp4 (11120640 bytes) into 1 chunks
2025-11-04 13:38:02.078 [pool-4-thread-1] INFO  com.datacomp.service.cpu.CpuCompressionService - Compression complete: 11120640 -> 2201498 bytes ({:.2f}%) in {:.2f}s ({:.2f} MB/s)
2025-11-04 13:38:02.079 [pool-4-thread-1] INFO  com.datacomp.service.cpu.CpuCompressionService - Compressing 2025-05-21 21-01-52.mp4 (11120640 bytes) into 1 chunks
2025-11-04 13:38:02.221 [pool-4-thread-1] INFO  com.datacomp.service.cpu.CpuCompressionService - Compression complete: 11120640 -> 2201498 bytes ({:.2f}%) in {:.2f}s ({:.2f} MB/s)
2025-11-04 13:38:02.222 [pool-4-thread-1] INFO  com.datacomp.service.cpu.CpuCompressionService - Compressing 2025-05-21 21-01-52.mp4 (11120640 bytes) into 1 chunks
2025-11-04 13:38:02.368 [pool-4-thread-1] INFO  com.datacomp.service.cpu.CpuCompressionService - Compression complete: 11120640 -> 2201498 bytes ({:.2f}%) in {:.2f}s ({:.2f} MB/s)
2025-11-04 13:38:02.369 [pool-4-thread-1] INFO  com.datacomp.benchmark.BenchmarkSuite - Benchmark complete: CPU [CPU Compression]: 76.50 MB/s, 19.80% compression, 0.145s total
2025-11-04 13:38:02.369 [pool-4-thread-1] INFO  com.datacomp.service.gpu.GpuFrequencyService - Selected GPU device: NVIDIA GeForce RTX 3050 Ti Laptop GPU CL_DEVICE_TYPE_GPU (available)
2025-11-04 13:38:02.390 [pool-4-thread-1] INFO  com.datacomp.service.gpu.GpuCompressionService - GPU compression service initialized: GPU (NVIDIA GeForce RTX 3050 Ti Laptop GPU CL_DEVICE_TYPE_GPU (available))
2025-11-04 13:38:02.408 [pool-4-thread-1] INFO  com.datacomp.benchmark.BenchmarkSuite - Benchmarking GPU: GPU Compression (GPU (NVIDIA GeForce RTX 3050 Ti Laptop GPU CL_DEVICE_TYPE_GPU (available)))
2025-11-04 13:38:02.425 [pool-4-thread-1] INFO  com.datacomp.service.cpu.CpuCompressionService - Compressing 2025-05-21 21-01-52.mp4 (11120640 bytes) into 1 chunks
2025-11-04 13:38:02.568 [pool-4-thread-1] INFO  com.datacomp.service.cpu.CpuCompressionService - Compression complete: 11120640 -> 2201498 bytes ({:.2f}%) in {:.2f}s ({:.2f} MB/s)
2025-11-04 13:38:02.584 [pool-4-thread-1] INFO  com.datacomp.service.cpu.CpuCompressionService - Compressing 2025-05-21 21-01-52.mp4 (11120640 bytes) into 1 chunks
2025-11-04 13:38:02.729 [pool-4-thread-1] INFO  com.datacomp.service.cpu.CpuCompressionService - Compression complete: 11120640 -> 2201498 bytes ({:.2f}%) in {:.2f}s ({:.2f} MB/s)
2025-11-04 13:38:02.749 [pool-4-thread-1] INFO  com.datacomp.service.cpu.CpuCompressionService - Compressing 2025-05-21 21-01-52.mp4 (11120640 bytes) into 1 chunks
2025-11-04 13:38:02.891 [pool-4-thread-1] INFO  com.datacomp.service.cpu.CpuCompressionService - Compression complete: 11120640 -> 2201498 bytes ({:.2f}%) in {:.2f}s ({:.2f} MB/s)
2025-11-04 13:38:02.912 [pool-4-thread-1] INFO  com.datacomp.service.cpu.CpuCompressionService - Compressing 2025-05-21 21-01-52.mp4 (11120640 bytes) into 1 chunks
2025-11-04 13:38:03.054 [pool-4-thread-1] INFO  com.datacomp.service.cpu.CpuCompressionService - Compression complete: 11120640 -> 2201498 bytes ({:.2f}%) in {:.2f}s ({:.2f} MB/s)
2025-11-04 13:38:03.074 [pool-4-thread-1] INFO  com.datacomp.service.cpu.CpuCompressionService - Compressing 2025-05-21 21-01-52.mp4 (11120640 bytes) into 1 chunks
2025-11-04 13:38:03.219 [pool-4-thread-1] INFO  com.datacomp.service.cpu.CpuCompressionService - Compression complete: 11120640 -> 2201498 bytes ({:.2f}%) in {:.2f}s ({:.2f} MB/s)
2025-11-04 13:38:03.238 [pool-4-thread-1] INFO  com.datacomp.service.cpu.CpuCompressionService - Compressing 2025-05-21 21-01-52.mp4 (11120640 bytes) into 1 chunks
2025-11-04 13:38:03.386 [pool-4-thread-1] INFO  com.datacomp.service.cpu.CpuCompressionService - Compression complete: 11120640 -> 2201498 bytes ({:.2f}%) in {:.2f}s ({:.2f} MB/s)
2025-11-04 13:38:03.401 [pool-4-thread-1] INFO  com.datacomp.service.cpu.CpuCompressionService - Compressing 2025-05-21 21-01-52.mp4 (11120640 bytes) into 1 chunks
2025-11-04 13:38:03.550 [pool-4-thread-1] INFO  com.datacomp.service.cpu.CpuCompressionService - Compression complete: 11120640 -> 2201498 bytes ({:.2f}%) in {:.2f}s ({:.2f} MB/s)
2025-11-04 13:38:03.566 [pool-4-thread-1] INFO  com.datacomp.service.cpu.CpuCompressionService - Compressing 2025-05-21 21-01-52.mp4 (11120640 bytes) into 1 chunks
2025-11-04 13:38:03.745 [pool-4-thread-1] INFO  com.datacomp.service.cpu.CpuCompressionService - Compression complete: 11120640 -> 2201498 bytes ({:.2f}%) in {:.2f}s ({:.2f} MB/s)
2025-11-04 13:38:03.746 [pool-4-thread-1] INFO  com.datacomp.benchmark.BenchmarkSuite - Benchmark complete: GPU [GPU Compression (GPU (NVIDIA GeForce RTX 3050 Ti Laptop GPU CL_DEVICE_TYPE_GPU (available)))]: 65.34 MB/s, 19.80% compression, 0.170s total
2025-11-04 13:39:34.315 [JavaFX Application Thread] INFO  com.datacomp.ui.SettingsController - Settings loaded from configuration
2025-11-04 13:46:24.012 [JavaFX Application Thread] INFO  com.datacomp.service.gpu.GpuFrequencyService - Selected GPU device: NVIDIA GeForce RTX 3050 Ti Laptop GPU CL_DEVICE_TYPE_GPU (available)
2025-11-04 13:46:24.029 [JavaFX Application Thread] INFO  com.datacomp.service.gpu.GpuCompressionService - GPU compression service initialized: GPU (NVIDIA GeForce RTX 3050 Ti Laptop GPU CL_DEVICE_TYPE_GPU (available))
2025-11-04 13:46:24.047 [JavaFX Application Thread] INFO  com.datacomp.service.ServiceFactory - Using GPU compression service
2025-11-04 13:46:56.322 [pool-6-thread-1] INFO  com.datacomp.benchmark.BenchmarkSuite - Starting benchmark suite on file: C:\Users\Lenovo\Videos\2025-05-21 21-01-52.mp4
2025-11-04 13:46:56.322 [pool-6-thread-1] INFO  com.datacomp.benchmark.BenchmarkSuite - Benchmarking CPU: CPU Compression
2025-11-04 13:46:56.323 [pool-6-thread-1] INFO  com.datacomp.service.cpu.CpuCompressionService - Compressing 2025-05-21 21-01-52.mp4 (11120640 bytes) into 1 chunks
2025-11-04 13:46:56.471 [pool-6-thread-1] INFO  com.datacomp.service.cpu.CpuCompressionService - Compression complete: 11120640 -> 2201498 bytes ({:.2f}%) in {:.2f}s ({:.2f} MB/s)
2025-11-04 13:46:56.471 [pool-6-thread-1] INFO  com.datacomp.service.cpu.CpuCompressionService - Compressing 2025-05-21 21-01-52.mp4 (11120640 bytes) into 1 chunks
2025-11-04 13:46:56.615 [pool-6-thread-1] INFO  com.datacomp.service.cpu.CpuCompressionService - Compression complete: 11120640 -> 2201498 bytes ({:.2f}%) in {:.2f}s ({:.2f} MB/s)
2025-11-04 13:46:56.615 [pool-6-thread-1] INFO  com.datacomp.service.cpu.CpuCompressionService - Compressing 2025-05-21 21-01-52.mp4 (11120640 bytes) into 1 chunks
2025-11-04 13:46:56.751 [pool-6-thread-1] INFO  com.datacomp.service.cpu.CpuCompressionService - Compression complete: 11120640 -> 2201498 bytes ({:.2f}%) in {:.2f}s ({:.2f} MB/s)
2025-11-04 13:46:56.751 [pool-6-thread-1] INFO  com.datacomp.service.cpu.CpuCompressionService - Compressing 2025-05-21 21-01-52.mp4 (11120640 bytes) into 1 chunks
2025-11-04 13:46:56.890 [pool-6-thread-1] INFO  com.datacomp.service.cpu.CpuCompressionService - Compression complete: 11120640 -> 2201498 bytes ({:.2f}%) in {:.2f}s ({:.2f} MB/s)
2025-11-04 13:46:56.892 [pool-6-thread-1] INFO  com.datacomp.service.cpu.CpuCompressionService - Compressing 2025-05-21 21-01-52.mp4 (11120640 bytes) into 1 chunks
2025-11-04 13:46:57.044 [pool-6-thread-1] INFO  com.datacomp.service.cpu.CpuCompressionService - Compression complete: 11120640 -> 2201498 bytes ({:.2f}%) in {:.2f}s ({:.2f} MB/s)
2025-11-04 13:46:57.045 [pool-6-thread-1] INFO  com.datacomp.service.cpu.CpuCompressionService - Compressing 2025-05-21 21-01-52.mp4 (11120640 bytes) into 1 chunks
2025-11-04 13:46:57.184 [pool-6-thread-1] INFO  com.datacomp.service.cpu.CpuCompressionService - Compression complete: 11120640 -> 2201498 bytes ({:.2f}%) in {:.2f}s ({:.2f} MB/s)
2025-11-04 13:46:57.185 [pool-6-thread-1] INFO  com.datacomp.service.cpu.CpuCompressionService - Compressing 2025-05-21 21-01-52.mp4 (11120640 bytes) into 1 chunks
2025-11-04 13:46:57.321 [pool-6-thread-1] INFO  com.datacomp.service.cpu.CpuCompressionService - Compression complete: 11120640 -> 2201498 bytes ({:.2f}%) in {:.2f}s ({:.2f} MB/s)
2025-11-04 13:46:57.322 [pool-6-thread-1] INFO  com.datacomp.service.cpu.CpuCompressionService - Compressing 2025-05-21 21-01-52.mp4 (11120640 bytes) into 1 chunks
2025-11-04 13:46:57.458 [pool-6-thread-1] INFO  com.datacomp.service.cpu.CpuCompressionService - Compression complete: 11120640 -> 2201498 bytes ({:.2f}%) in {:.2f}s ({:.2f} MB/s)
2025-11-04 13:46:57.459 [pool-6-thread-1] INFO  com.datacomp.benchmark.BenchmarkSuite - Benchmark complete: CPU [CPU Compression]: 78.86 MB/s, 19.80% compression, 0.141s total
2025-11-04 13:46:57.459 [pool-6-thread-1] INFO  com.datacomp.service.gpu.GpuFrequencyService - Selected GPU device: NVIDIA GeForce RTX 3050 Ti Laptop GPU CL_DEVICE_TYPE_GPU (available)
2025-11-04 13:46:57.472 [pool-6-thread-1] INFO  com.datacomp.service.gpu.GpuCompressionService - GPU compression service initialized: GPU (NVIDIA GeForce RTX 3050 Ti Laptop GPU CL_DEVICE_TYPE_GPU (available))
2025-11-04 13:46:57.483 [pool-6-thread-1] INFO  com.datacomp.benchmark.BenchmarkSuite - Benchmarking GPU: GPU Compression (GPU (NVIDIA GeForce RTX 3050 Ti Laptop GPU CL_DEVICE_TYPE_GPU (available)))
2025-11-04 13:46:57.496 [pool-6-thread-1] INFO  com.datacomp.service.cpu.CpuCompressionService - Compressing 2025-05-21 21-01-52.mp4 (11120640 bytes) into 1 chunks
2025-11-04 13:46:57.633 [pool-6-thread-1] INFO  com.datacomp.service.cpu.CpuCompressionService - Compression complete: 11120640 -> 2201498 bytes ({:.2f}%) in {:.2f}s ({:.2f} MB/s)
2025-11-04 13:46:57.646 [pool-6-thread-1] INFO  com.datacomp.service.cpu.CpuCompressionService - Compressing 2025-05-21 21-01-52.mp4 (11120640 bytes) into 1 chunks
2025-11-04 13:46:57.783 [pool-6-thread-1] INFO  com.datacomp.service.cpu.CpuCompressionService - Compression complete: 11120640 -> 2201498 bytes ({:.2f}%) in {:.2f}s ({:.2f} MB/s)
2025-11-04 13:46:57.798 [pool-6-thread-1] INFO  com.datacomp.service.cpu.CpuCompressionService - Compressing 2025-05-21 21-01-52.mp4 (11120640 bytes) into 1 chunks
2025-11-04 13:46:57.943 [pool-6-thread-1] INFO  com.datacomp.service.cpu.CpuCompressionService - Compression complete: 11120640 -> 2201498 bytes ({:.2f}%) in {:.2f}s ({:.2f} MB/s)
2025-11-04 13:46:57.962 [pool-6-thread-1] INFO  com.datacomp.service.cpu.CpuCompressionService - Compressing 2025-05-21 21-01-52.mp4 (11120640 bytes) into 1 chunks
2025-11-04 13:46:58.108 [pool-6-thread-1] INFO  com.datacomp.service.cpu.CpuCompressionService - Compression complete: 11120640 -> 2201498 bytes ({:.2f}%) in {:.2f}s ({:.2f} MB/s)
2025-11-04 13:46:58.123 [pool-6-thread-1] INFO  com.datacomp.service.cpu.CpuCompressionService - Compressing 2025-05-21 21-01-52.mp4 (11120640 bytes) into 1 chunks
2025-11-04 13:46:58.258 [pool-6-thread-1] INFO  com.datacomp.service.cpu.CpuCompressionService - Compression complete: 11120640 -> 2201498 bytes ({:.2f}%) in {:.2f}s ({:.2f} MB/s)
2025-11-04 13:46:58.270 [pool-6-thread-1] INFO  com.datacomp.service.cpu.CpuCompressionService - Compressing 2025-05-21 21-01-52.mp4 (11120640 bytes) into 1 chunks
2025-11-04 13:46:58.404 [pool-6-thread-1] INFO  com.datacomp.service.cpu.CpuCompressionService - Compression complete: 11120640 -> 2201498 bytes ({:.2f}%) in {:.2f}s ({:.2f} MB/s)
2025-11-04 13:46:58.417 [pool-6-thread-1] INFO  com.datacomp.service.cpu.CpuCompressionService - Compressing 2025-05-21 21-01-52.mp4 (11120640 bytes) into 1 chunks
2025-11-04 13:46:58.557 [pool-6-thread-1] INFO  com.datacomp.service.cpu.CpuCompressionService - Compression complete: 11120640 -> 2201498 bytes ({:.2f}%) in {:.2f}s ({:.2f} MB/s)
2025-11-04 13:46:58.570 [pool-6-thread-1] INFO  com.datacomp.service.cpu.CpuCompressionService - Compressing 2025-05-21 21-01-52.mp4 (11120640 bytes) into 1 chunks
2025-11-04 13:46:58.711 [pool-6-thread-1] INFO  com.datacomp.service.cpu.CpuCompressionService - Compression complete: 11120640 -> 2201498 bytes ({:.2f}%) in {:.2f}s ({:.2f} MB/s)
2025-11-04 13:46:58.711 [pool-6-thread-1] INFO  com.datacomp.benchmark.BenchmarkSuite - Benchmark complete: GPU [GPU Compression (GPU (NVIDIA GeForce RTX 3050 Ti Laptop GPU CL_DEVICE_TYPE_GPU (available)))]: 72.68 MB/s, 19.80% compression, 0.153s total
2025-11-04 13:47:09.879 [JavaFX Application Thread] INFO  com.datacomp.service.gpu.GpuFrequencyService - Selected GPU device: NVIDIA GeForce RTX 3050 Ti Laptop GPU CL_DEVICE_TYPE_GPU (available)
2025-11-04 13:47:09.895 [JavaFX Application Thread] INFO  com.datacomp.service.gpu.GpuCompressionService - GPU compression service initialized: GPU (NVIDIA GeForce RTX 3050 Ti Laptop GPU CL_DEVICE_TYPE_GPU (available))
2025-11-04 13:47:09.908 [JavaFX Application Thread] INFO  com.datacomp.service.ServiceFactory - Using GPU compression service
2025-11-04 13:47:16.172 [pool-7-thread-1] INFO  com.datacomp.service.cpu.CpuCompressionService - Compressing indexmultimedia.pdf (33011 bytes) into 1 chunks
2025-11-04 13:47:16.200 [pool-7-thread-1] INFO  com.datacomp.service.cpu.CpuCompressionService - Compression complete: 33011 -> 31934 bytes ({:.2f}%) in {:.2f}s ({:.2f} MB/s)
2025-11-04 13:47:22.887 [JavaFX Application Thread] INFO  com.datacomp.ui.SettingsController - Settings loaded from configuration
2025-11-04 13:47:54.389 [JavaFX Application Thread] INFO  com.datacomp.ui.DataCompApp - Application stopping
2025-11-04 22:24:22.323 [JavaFX-Launcher] INFO  com.datacomp.ui.DataCompApp - Initializing DataComp application
2025-11-04 22:24:22.965 [JavaFX Application Thread] INFO  com.datacomp.ui.MainViewController - Initializing main view controller
2025-11-04 22:24:24.362 [JavaFX Application Thread] INFO  com.datacomp.service.gpu.GpuFrequencyService - Selected GPU device: NVIDIA GeForce RTX 3050 Ti Laptop GPU CL_DEVICE_TYPE_GPU (available)
2025-11-04 22:24:25.862 [JavaFX Application Thread] INFO  com.datacomp.service.gpu.GpuCompressionService - GPU compression service initialized: GPU (NVIDIA GeForce RTX 3050 Ti Laptop GPU CL_DEVICE_TYPE_GPU (available))
2025-11-04 22:24:25.976 [JavaFX Application Thread] INFO  com.datacomp.service.ServiceFactory - Using GPU compression service
2025-11-04 22:24:26.461 [JavaFX Application Thread] INFO  com.datacomp.ui.DataCompApp - Application started successfully
2025-11-04 22:24:38.466 [JavaFX Application Thread] INFO  com.datacomp.service.gpu.GpuFrequencyService - Selected GPU device: NVIDIA GeForce RTX 3050 Ti Laptop GPU CL_DEVICE_TYPE_GPU (available)
2025-11-04 22:24:38.521 [JavaFX Application Thread] INFO  com.datacomp.service.gpu.GpuCompressionService - GPU compression service initialized: GPU (NVIDIA GeForce RTX 3050 Ti Laptop GPU CL_DEVICE_TYPE_GPU (available))
2025-11-04 22:24:38.575 [JavaFX Application Thread] INFO  com.datacomp.service.ServiceFactory - Using GPU compression service
2025-11-04 22:26:03.330 [JavaFX Application Thread] INFO  com.datacomp.service.gpu.GpuFrequencyService - Selected GPU device: NVIDIA GeForce RTX 3050 Ti Laptop GPU CL_DEVICE_TYPE_GPU (available)
2025-11-04 22:26:03.382 [JavaFX Application Thread] INFO  com.datacomp.service.gpu.GpuCompressionService - GPU compression service initialized: GPU (NVIDIA GeForce RTX 3050 Ti Laptop GPU CL_DEVICE_TYPE_GPU (available))
2025-11-04 22:26:03.428 [JavaFX Application Thread] INFO  com.datacomp.service.ServiceFactory - Using GPU compression service
2025-11-04 22:29:31.137 [pool-3-thread-1] INFO  com.datacomp.service.cpu.CpuCompressionService - Compressing haha.tar (61818880 bytes) into 1 chunks
2025-11-04 22:29:36.217 [pool-3-thread-1] INFO  com.datacomp.service.cpu.CpuCompressionService - Compression complete: 61818880 -> 61715325 bytes ({:.2f}%) in {:.2f}s ({:.2f} MB/s)
2025-11-04 22:30:35.580 [pool-4-thread-1] INFO  com.datacomp.benchmark.BenchmarkSuite - Starting benchmark suite on file: C:\Users\Lenovo\Downloads\haha.tar
2025-11-04 22:30:35.581 [pool-4-thread-1] INFO  com.datacomp.benchmark.BenchmarkSuite - Benchmarking CPU: CPU Compression
2025-11-04 22:30:35.644 [pool-4-thread-1] INFO  com.datacomp.service.cpu.CpuCompressionService - Compressing haha.tar (61818880 bytes) into 1 chunks
2025-11-04 22:30:40.221 [pool-4-thread-1] INFO  com.datacomp.service.cpu.CpuCompressionService - Compression complete: 61818880 -> 61715325 bytes ({:.2f}%) in {:.2f}s ({:.2f} MB/s)
2025-11-04 22:30:40.232 [pool-4-thread-1] INFO  com.datacomp.service.cpu.CpuCompressionService - Compressing haha.tar (61818880 bytes) into 1 chunks
2025-11-04 22:30:44.733 [pool-4-thread-1] INFO  com.datacomp.service.cpu.CpuCompressionService - Compression complete: 61818880 -> 61715325 bytes ({:.2f}%) in {:.2f}s ({:.2f} MB/s)
2025-11-04 22:30:44.745 [pool-4-thread-1] INFO  com.datacomp.service.cpu.CpuCompressionService - Compressing haha.tar (61818880 bytes) into 1 chunks
2025-11-04 22:30:48.858 [pool-4-thread-1] INFO  com.datacomp.service.cpu.CpuCompressionService - Compression complete: 61818880 -> 61715325 bytes ({:.2f}%) in {:.2f}s ({:.2f} MB/s)
2025-11-04 22:30:48.869 [pool-4-thread-1] INFO  com.datacomp.service.cpu.CpuCompressionService - Compressing haha.tar (61818880 bytes) into 1 chunks
2025-11-04 22:30:53.123 [pool-4-thread-1] INFO  com.datacomp.service.cpu.CpuCompressionService - Compression complete: 61818880 -> 61715325 bytes ({:.2f}%) in {:.2f}s ({:.2f} MB/s)
2025-11-04 22:30:53.134 [pool-4-thread-1] INFO  com.datacomp.service.cpu.CpuCompressionService - Compressing haha.tar (61818880 bytes) into 1 chunks
2025-11-04 22:30:57.385 [pool-4-thread-1] INFO  com.datacomp.service.cpu.CpuCompressionService - Compression complete: 61818880 -> 61715325 bytes ({:.2f}%) in {:.2f}s ({:.2f} MB/s)
2025-11-04 22:30:57.394 [pool-4-thread-1] INFO  com.datacomp.service.cpu.CpuCompressionService - Compressing haha.tar (61818880 bytes) into 1 chunks
2025-11-04 22:31:01.572 [pool-4-thread-1] INFO  com.datacomp.service.cpu.CpuCompressionService - Compression complete: 61818880 -> 61715325 bytes ({:.2f}%) in {:.2f}s ({:.2f} MB/s)
2025-11-04 22:31:01.580 [pool-4-thread-1] INFO  com.datacomp.service.cpu.CpuCompressionService - Compressing haha.tar (61818880 bytes) into 1 chunks
2025-11-04 22:31:05.578 [pool-4-thread-1] INFO  com.datacomp.service.cpu.CpuCompressionService - Compression complete: 61818880 -> 61715325 bytes ({:.2f}%) in {:.2f}s ({:.2f} MB/s)
2025-11-04 22:31:05.587 [pool-4-thread-1] INFO  com.datacomp.service.cpu.CpuCompressionService - Compressing haha.tar (61818880 bytes) into 1 chunks
2025-11-04 22:31:09.922 [pool-4-thread-1] INFO  com.datacomp.service.cpu.CpuCompressionService - Compression complete: 61818880 -> 61715325 bytes ({:.2f}%) in {:.2f}s ({:.2f} MB/s)
2025-11-04 22:31:09.934 [pool-4-thread-1] INFO  com.datacomp.benchmark.BenchmarkSuite - Benchmark complete: CPU [CPU Compression]: 14.71 MB/s, 99.83% compression, 4.203s total
2025-11-04 22:31:09.936 [pool-4-thread-1] INFO  com.datacomp.service.gpu.GpuFrequencyService - Selected GPU device: NVIDIA GeForce RTX 3050 Ti Laptop GPU CL_DEVICE_TYPE_GPU (available)
2025-11-04 22:31:10.044 [pool-4-thread-1] INFO  com.datacomp.service.gpu.GpuCompressionService - GPU compression service initialized: GPU (NVIDIA GeForce RTX 3050 Ti Laptop GPU CL_DEVICE_TYPE_GPU (available))
2025-11-04 22:31:10.098 [pool-4-thread-1] INFO  com.datacomp.benchmark.BenchmarkSuite - Benchmarking GPU: GPU Compression (GPU (NVIDIA GeForce RTX 3050 Ti Laptop GPU CL_DEVICE_TYPE_GPU (available)))
2025-11-04 22:31:10.155 [pool-4-thread-1] INFO  com.datacomp.service.cpu.CpuCompressionService - Compressing haha.tar (61818880 bytes) into 1 chunks
2025-11-04 22:31:10.228 [JavaFX Application Thread] INFO  com.datacomp.ui.SettingsController - Settings loaded from configuration
2025-11-04 22:31:10.795 [JavaFX Application Thread] INFO  com.datacomp.ui.SettingsController - Settings loaded from configuration
2025-11-04 22:31:14.169 [pool-4-thread-1] INFO  com.datacomp.service.cpu.CpuCompressionService - Compression complete: 61818880 -> 61715325 bytes ({:.2f}%) in {:.2f}s ({:.2f} MB/s)
2025-11-04 22:31:14.237 [pool-4-thread-1] INFO  com.datacomp.service.cpu.CpuCompressionService - Compressing haha.tar (61818880 bytes) into 1 chunks
2025-11-04 22:31:18.283 [pool-4-thread-1] INFO  com.datacomp.service.cpu.CpuCompressionService - Compression complete: 61818880 -> 61715325 bytes ({:.2f}%) in {:.2f}s ({:.2f} MB/s)
2025-11-04 22:31:18.348 [pool-4-thread-1] INFO  com.datacomp.service.cpu.CpuCompressionService - Compressing haha.tar (61818880 bytes) into 1 chunks
2025-11-04 22:31:22.835 [pool-4-thread-1] INFO  com.datacomp.service.cpu.CpuCompressionService - Compression complete: 61818880 -> 61715325 bytes ({:.2f}%) in {:.2f}s ({:.2f} MB/s)
2025-11-04 22:31:22.895 [pool-4-thread-1] INFO  com.datacomp.service.cpu.CpuCompressionService - Compressing haha.tar (61818880 bytes) into 1 chunks
2025-11-04 22:31:27.179 [pool-4-thread-1] INFO  com.datacomp.service.cpu.CpuCompressionService - Compression complete: 61818880 -> 61715325 bytes ({:.2f}%) in {:.2f}s ({:.2f} MB/s)
2025-11-04 22:31:27.238 [pool-4-thread-1] INFO  com.datacomp.service.cpu.CpuCompressionService - Compressing haha.tar (61818880 bytes) into 1 chunks
2025-11-04 22:31:31.342 [pool-4-thread-1] INFO  com.datacomp.service.cpu.CpuCompressionService - Compression complete: 61818880 -> 61715325 bytes ({:.2f}%) in {:.2f}s ({:.2f} MB/s)
2025-11-04 22:31:31.386 [pool-4-thread-1] INFO  com.datacomp.service.cpu.CpuCompressionService - Compressing haha.tar (61818880 bytes) into 1 chunks
2025-11-04 22:31:32.901 [pool-5-thread-1] INFO  com.datacomp.benchmark.BenchmarkSuite - Starting benchmark suite on file: C:\Users\Lenovo\Downloads\haha.tar
2025-11-04 22:31:32.901 [pool-5-thread-1] INFO  com.datacomp.benchmark.BenchmarkSuite - Benchmarking CPU: CPU Compression
2025-11-04 22:31:32.903 [pool-5-thread-1] INFO  com.datacomp.service.cpu.CpuCompressionService - Compressing haha.tar (61818880 bytes) into 1 chunks
2025-11-04 22:31:35.732 [pool-4-thread-1] INFO  com.datacomp.service.cpu.CpuCompressionService - Compression complete: 61818880 -> 61715325 bytes ({:.2f}%) in {:.2f}s ({:.2f} MB/s)
2025-11-04 22:31:35.784 [pool-4-thread-1] INFO  com.datacomp.service.cpu.CpuCompressionService - Compressing haha.tar (61818880 bytes) into 1 chunks
2025-11-04 22:31:37.394 [pool-5-thread-1] INFO  com.datacomp.service.cpu.CpuCompressionService - Compression complete: 61818880 -> 61715325 bytes ({:.2f}%) in {:.2f}s ({:.2f} MB/s)
2025-11-04 22:31:37.404 [pool-5-thread-1] INFO  com.datacomp.service.cpu.CpuCompressionService - Compressing haha.tar (61818880 bytes) into 1 chunks
2025-11-04 22:31:40.171 [pool-4-thread-1] INFO  com.datacomp.service.cpu.CpuCompressionService - Compression complete: 61818880 -> 61715325 bytes ({:.2f}%) in {:.2f}s ({:.2f} MB/s)
2025-11-04 22:31:40.218 [pool-4-thread-1] INFO  com.datacomp.service.cpu.CpuCompressionService - Compressing haha.tar (61818880 bytes) into 1 chunks
2025-11-04 22:31:42.052 [pool-5-thread-1] INFO  com.datacomp.service.cpu.CpuCompressionService - Compression complete: 61818880 -> 61715325 bytes ({:.2f}%) in {:.2f}s ({:.2f} MB/s)
2025-11-04 22:31:42.062 [pool-5-thread-1] INFO  com.datacomp.service.cpu.CpuCompressionService - Compressing haha.tar (61818880 bytes) into 1 chunks
2025-11-04 22:31:44.668 [pool-4-thread-1] INFO  com.datacomp.service.cpu.CpuCompressionService - Compression complete: 61818880 -> 61715325 bytes ({:.2f}%) in {:.2f}s ({:.2f} MB/s)
2025-11-04 22:31:44.676 [pool-4-thread-1] INFO  com.datacomp.benchmark.BenchmarkSuite - Benchmark complete: GPU [GPU Compression (GPU (NVIDIA GeForce RTX 3050 Ti Laptop GPU CL_DEVICE_TYPE_GPU (available)))]: 14.19 MB/s, 99.83% compression, 4.357s total
2025-11-04 22:31:46.214 [pool-5-thread-1] INFO  com.datacomp.service.cpu.CpuCompressionService - Compression complete: 61818880 -> 61715325 bytes ({:.2f}%) in {:.2f}s ({:.2f} MB/s)
2025-11-04 22:31:46.222 [pool-5-thread-1] INFO  com.datacomp.service.cpu.CpuCompressionService - Compressing haha.tar (61818880 bytes) into 1 chunks
2025-11-04 22:31:50.293 [pool-5-thread-1] INFO  com.datacomp.service.cpu.CpuCompressionService - Compression complete: 61818880 -> 61715325 bytes ({:.2f}%) in {:.2f}s ({:.2f} MB/s)
2025-11-04 22:31:50.303 [pool-5-thread-1] INFO  com.datacomp.service.cpu.CpuCompressionService - Compressing haha.tar (61818880 bytes) into 1 chunks
2025-11-04 22:31:54.904 [pool-5-thread-1] INFO  com.datacomp.service.cpu.CpuCompressionService - Compression complete: 61818880 -> 61715325 bytes ({:.2f}%) in {:.2f}s ({:.2f} MB/s)
2025-11-04 22:31:54.914 [pool-5-thread-1] INFO  com.datacomp.service.cpu.CpuCompressionService - Compressing haha.tar (61818880 bytes) into 1 chunks
2025-11-04 22:31:59.934 [pool-5-thread-1] INFO  com.datacomp.service.cpu.CpuCompressionService - Compression complete: 61818880 -> 61715325 bytes ({:.2f}%) in {:.2f}s ({:.2f} MB/s)
2025-11-04 22:31:59.943 [pool-5-thread-1] INFO  com.datacomp.service.cpu.CpuCompressionService - Compressing haha.tar (61818880 bytes) into 1 chunks
2025-11-04 22:32:05.030 [pool-5-thread-1] INFO  com.datacomp.service.cpu.CpuCompressionService - Compression complete: 61818880 -> 61715325 bytes ({:.2f}%) in {:.2f}s ({:.2f} MB/s)
2025-11-04 22:32:05.039 [pool-5-thread-1] INFO  com.datacomp.service.cpu.CpuCompressionService - Compressing haha.tar (61818880 bytes) into 1 chunks
2025-11-04 22:32:10.256 [pool-5-thread-1] INFO  com.datacomp.service.cpu.CpuCompressionService - Compression complete: 61818880 -> 61715325 bytes ({:.2f}%) in {:.2f}s ({:.2f} MB/s)
2025-11-04 22:32:10.266 [pool-5-thread-1] INFO  com.datacomp.benchmark.BenchmarkSuite - Benchmark complete: CPU [CPU Compression]: 12.88 MB/s, 99.83% compression, 4.800s total
2025-11-04 22:32:10.267 [pool-5-thread-1] INFO  com.datacomp.service.gpu.GpuFrequencyService - Selected GPU device: NVIDIA GeForce RTX 3050 Ti Laptop GPU CL_DEVICE_TYPE_GPU (available)
2025-11-04 22:32:10.306 [pool-5-thread-1] INFO  com.datacomp.service.gpu.GpuCompressionService - GPU compression service initialized: GPU (NVIDIA GeForce RTX 3050 Ti Laptop GPU CL_DEVICE_TYPE_GPU (available))
2025-11-04 22:32:10.353 [pool-5-thread-1] INFO  com.datacomp.benchmark.BenchmarkSuite - Benchmarking GPU: GPU Compression (GPU (NVIDIA GeForce RTX 3050 Ti Laptop GPU CL_DEVICE_TYPE_GPU (available)))
2025-11-04 22:32:10.391 [pool-5-thread-1] INFO  com.datacomp.service.cpu.CpuCompressionService - Compressing haha.tar (61818880 bytes) into 1 chunks
2025-11-04 22:32:14.979 [pool-5-thread-1] INFO  com.datacomp.service.cpu.CpuCompressionService - Compression complete: 61818880 -> 61715325 bytes ({:.2f}%) in {:.2f}s ({:.2f} MB/s)
2025-11-04 22:32:15.026 [pool-5-thread-1] INFO  com.datacomp.service.cpu.CpuCompressionService - Compressing haha.tar (61818880 bytes) into 1 chunks
2025-11-04 22:32:19.409 [pool-5-thread-1] INFO  com.datacomp.service.cpu.CpuCompressionService - Compression complete: 61818880 -> 61715325 bytes ({:.2f}%) in {:.2f}s ({:.2f} MB/s)
2025-11-04 22:32:19.453 [pool-5-thread-1] INFO  com.datacomp.service.cpu.CpuCompressionService - Compressing haha.tar (61818880 bytes) into 1 chunks
2025-11-04 22:32:23.989 [pool-5-thread-1] INFO  com.datacomp.service.cpu.CpuCompressionService - Compression complete: 61818880 -> 61715325 bytes ({:.2f}%) in {:.2f}s ({:.2f} MB/s)
2025-11-04 22:32:24.033 [pool-5-thread-1] INFO  com.datacomp.service.cpu.CpuCompressionService - Compressing haha.tar (61818880 bytes) into 1 chunks
2025-11-04 22:32:28.629 [pool-5-thread-1] INFO  com.datacomp.service.cpu.CpuCompressionService - Compression complete: 61818880 -> 61715325 bytes ({:.2f}%) in {:.2f}s ({:.2f} MB/s)
2025-11-04 22:32:28.674 [pool-5-thread-1] INFO  com.datacomp.service.cpu.CpuCompressionService - Compressing haha.tar (61818880 bytes) into 1 chunks
2025-11-04 22:32:33.185 [pool-5-thread-1] INFO  com.datacomp.service.cpu.CpuCompressionService - Compression complete: 61818880 -> 61715325 bytes ({:.2f}%) in {:.2f}s ({:.2f} MB/s)
2025-11-04 22:32:33.234 [pool-5-thread-1] INFO  com.datacomp.service.cpu.CpuCompressionService - Compressing haha.tar (61818880 bytes) into 1 chunks
2025-11-04 22:32:37.767 [pool-5-thread-1] INFO  com.datacomp.service.cpu.CpuCompressionService - Compression complete: 61818880 -> 61715325 bytes ({:.2f}%) in {:.2f}s ({:.2f} MB/s)
2025-11-04 22:32:37.810 [pool-5-thread-1] INFO  com.datacomp.service.cpu.CpuCompressionService - Compressing haha.tar (61818880 bytes) into 1 chunks
2025-11-04 22:32:42.173 [pool-5-thread-1] INFO  com.datacomp.service.cpu.CpuCompressionService - Compression complete: 61818880 -> 61715325 bytes ({:.2f}%) in {:.2f}s ({:.2f} MB/s)
2025-11-04 22:32:42.213 [pool-5-thread-1] INFO  com.datacomp.service.cpu.CpuCompressionService - Compressing haha.tar (61818880 bytes) into 1 chunks
2025-11-04 22:32:47.076 [pool-5-thread-1] INFO  com.datacomp.service.cpu.CpuCompressionService - Compression complete: 61818880 -> 61715325 bytes ({:.2f}%) in {:.2f}s ({:.2f} MB/s)
2025-11-04 22:32:47.086 [pool-5-thread-1] INFO  com.datacomp.benchmark.BenchmarkSuite - Benchmark complete: GPU [GPU Compression (GPU (NVIDIA GeForce RTX 3050 Ti Laptop GPU CL_DEVICE_TYPE_GPU (available)))]: 13.41 MB/s, 99.83% compression, 4.609s total
2025-11-04 22:35:14.562 [JavaFX Application Thread] INFO  com.datacomp.ui.SettingsController - Settings loaded from configuration
2025-11-04 22:35:19.325 [JavaFX Application Thread] INFO  com.datacomp.ui.SettingsController - GPU auto-detect: true
2025-11-04 22:35:19.325 [JavaFX Application Thread] INFO  com.datacomp.ui.SettingsController - GPU fallback on error: true
2025-11-04 22:35:19.325 [JavaFX Application Thread] INFO  com.datacomp.ui.SettingsController - Preferred device: any
2025-11-04 22:35:19.325 [JavaFX Application Thread] INFO  com.datacomp.ui.SettingsController - Chunk size: 512 MB
2025-11-04 22:35:19.325 [JavaFX Application Thread] INFO  com.datacomp.ui.SettingsController - Verify after compression: true
2025-11-04 22:35:19.325 [JavaFX Application Thread] INFO  com.datacomp.ui.SettingsController - Keep original file: true
2025-11-04 22:35:19.347 [JavaFX Application Thread] INFO  com.datacomp.ui.SettingsController - Theme applied: Light
2025-11-04 22:35:19.347 [JavaFX Application Thread] INFO  com.datacomp.ui.SettingsController - Theme: Light
2025-11-04 22:35:19.348 [JavaFX Application Thread] INFO  com.datacomp.ui.SettingsController - Enable animations: true
2025-11-04 22:35:21.901 [JavaFX Application Thread] INFO  com.datacomp.ui.SettingsController - Settings saved successfully
2025-11-04 22:35:26.471 [JavaFX Application Thread] INFO  com.datacomp.ui.SettingsController - GPU auto-detect: true
2025-11-04 22:35:26.473 [JavaFX Application Thread] INFO  com.datacomp.ui.SettingsController - GPU fallback on error: true
2025-11-04 22:35:26.473 [JavaFX Application Thread] INFO  com.datacomp.ui.SettingsController - Preferred device: any
2025-11-04 22:35:26.473 [JavaFX Application Thread] INFO  com.datacomp.ui.SettingsController - Chunk size: 512 MB
2025-11-04 22:35:26.473 [JavaFX Application Thread] INFO  com.datacomp.ui.SettingsController - Verify after compression: true
2025-11-04 22:35:26.473 [JavaFX Application Thread] INFO  com.datacomp.ui.SettingsController - Keep original file: true
2025-11-04 22:35:26.487 [JavaFX Application Thread] INFO  com.datacomp.ui.SettingsController - Theme applied: Dark
2025-11-04 22:35:26.488 [JavaFX Application Thread] INFO  com.datacomp.ui.SettingsController - Theme: Dark
2025-11-04 22:35:26.488 [JavaFX Application Thread] INFO  com.datacomp.ui.SettingsController - Enable animations: true
2025-11-04 22:35:28.107 [JavaFX Application Thread] INFO  com.datacomp.ui.SettingsController - Settings saved successfully
2025-11-04 22:35:40.635 [JavaFX Application Thread] INFO  com.datacomp.ui.SettingsController - GPU auto-detect: true
2025-11-04 22:35:40.635 [JavaFX Application Thread] INFO  com.datacomp.ui.SettingsController - GPU fallback on error: true
2025-11-04 22:35:40.635 [JavaFX Application Thread] INFO  com.datacomp.ui.SettingsController - Preferred device: CUDA
2025-11-04 22:35:40.635 [JavaFX Application Thread] INFO  com.datacomp.ui.SettingsController - Chunk size: 512 MB
2025-11-04 22:35:40.635 [JavaFX Application Thread] INFO  com.datacomp.ui.SettingsController - Verify after compression: true
2025-11-04 22:35:40.635 [JavaFX Application Thread] INFO  com.datacomp.ui.SettingsController - Keep original file: true
2025-11-04 22:35:40.644 [JavaFX Application Thread] INFO  com.datacomp.ui.SettingsController - Theme applied: Dark
2025-11-04 22:35:40.645 [JavaFX Application Thread] INFO  com.datacomp.ui.SettingsController - Theme: Dark
2025-11-04 22:35:40.645 [JavaFX Application Thread] INFO  com.datacomp.ui.SettingsController - Enable animations: true
2025-11-04 22:35:42.102 [JavaFX Application Thread] INFO  com.datacomp.ui.SettingsController - Settings saved successfully
2025-11-04 22:35:43.929 [JavaFX Application Thread] INFO  com.datacomp.service.gpu.GpuFrequencyService - Selected GPU device: NVIDIA GeForce RTX 3050 Ti Laptop GPU CL_DEVICE_TYPE_GPU (available)
2025-11-04 22:35:43.961 [JavaFX Application Thread] INFO  com.datacomp.service.gpu.GpuCompressionService - GPU compression service initialized: GPU (NVIDIA GeForce RTX 3050 Ti Laptop GPU CL_DEVICE_TYPE_GPU (available))
2025-11-04 22:35:43.991 [JavaFX Application Thread] INFO  com.datacomp.service.ServiceFactory - Using GPU compression service
2025-11-04 22:35:50.908 [JavaFX Application Thread] INFO  com.datacomp.ui.SettingsController - Settings loaded from configuration
2025-11-04 22:35:57.701 [JavaFX Application Thread] INFO  com.datacomp.ui.SettingsController - GPU auto-detect: true
2025-11-04 22:35:57.701 [JavaFX Application Thread] INFO  com.datacomp.ui.SettingsController - GPU fallback on error: true
2025-11-04 22:35:57.701 [JavaFX Application Thread] INFO  com.datacomp.ui.SettingsController - Preferred device: Any
2025-11-04 22:35:57.701 [JavaFX Application Thread] INFO  com.datacomp.ui.SettingsController - Chunk size: 512 MB
2025-11-04 22:35:57.701 [JavaFX Application Thread] INFO  com.datacomp.ui.SettingsController - Verify after compression: true
2025-11-04 22:35:57.701 [JavaFX Application Thread] INFO  com.datacomp.ui.SettingsController - Keep original file: true
2025-11-04 22:35:57.715 [JavaFX Application Thread] INFO  com.datacomp.ui.SettingsController - Theme applied: Dark
2025-11-04 22:35:57.716 [JavaFX Application Thread] INFO  com.datacomp.ui.SettingsController - Theme: Dark
2025-11-04 22:35:57.716 [JavaFX Application Thread] INFO  com.datacomp.ui.SettingsController - Enable animations: true
2025-11-04 22:35:59.557 [JavaFX Application Thread] INFO  com.datacomp.ui.SettingsController - Settings saved successfully
2025-11-04 22:36:35.738 [JavaFX Application Thread] INFO  com.datacomp.service.gpu.GpuFrequencyService - Selected GPU device: NVIDIA GeForce RTX 3050 Ti Laptop GPU CL_DEVICE_TYPE_GPU (available)
2025-11-04 22:36:35.767 [JavaFX Application Thread] INFO  com.datacomp.service.gpu.GpuCompressionService - GPU compression service initialized: GPU (NVIDIA GeForce RTX 3050 Ti Laptop GPU CL_DEVICE_TYPE_GPU (available))
2025-11-04 22:36:35.793 [JavaFX Application Thread] INFO  com.datacomp.service.ServiceFactory - Using GPU compression service
2025-11-04 22:36:41.138 [pool-7-thread-1] INFO  com.datacomp.service.cpu.CpuCompressionService - Compressing indexmultimedia.pdf (33011 bytes) into 1 chunks
2025-11-04 22:36:41.184 [pool-7-thread-1] INFO  com.datacomp.service.cpu.CpuCompressionService - Compression complete: 33011 -> 31934 bytes ({:.2f}%) in {:.2f}s ({:.2f} MB/s)
2025-11-04 22:37:06.367 [JavaFX Application Thread] INFO  com.datacomp.service.gpu.GpuFrequencyService - Selected GPU device: NVIDIA GeForce RTX 3050 Ti Laptop GPU CL_DEVICE_TYPE_GPU (available)
2025-11-04 22:37:06.394 [JavaFX Application Thread] INFO  com.datacomp.service.gpu.GpuCompressionService - GPU compression service initialized: GPU (NVIDIA GeForce RTX 3050 Ti Laptop GPU CL_DEVICE_TYPE_GPU (available))
2025-11-04 22:37:06.417 [JavaFX Application Thread] INFO  com.datacomp.service.ServiceFactory - Using GPU compression service
2025-11-04 22:37:11.240 [JavaFX Application Thread] INFO  com.datacomp.ui.SettingsController - Settings loaded from configuration
2025-11-09 18:01:27.502 [JavaFX-Launcher] INFO  com.datacomp.ui.DataCompApp - Initializing DataComp application
2025-11-09 18:01:27.997 [JavaFX Application Thread] INFO  com.datacomp.ui.MainViewController - Initializing main view controller
2025-11-09 18:01:28.946 [JavaFX Application Thread] INFO  com.datacomp.service.gpu.GpuFrequencyService - Selected GPU device: NVIDIA GeForce RTX 3050 Ti Laptop GPU CL_DEVICE_TYPE_GPU (available)
2025-11-09 18:01:29.881 [JavaFX Application Thread] INFO  com.datacomp.service.gpu.GpuCompressionService - GPU compression service initialized: GPU (NVIDIA GeForce RTX 3050 Ti Laptop GPU CL_DEVICE_TYPE_GPU (available))
2025-11-09 18:01:29.932 [JavaFX Application Thread] INFO  com.datacomp.service.ServiceFactory - Using GPU compression service
2025-11-09 18:01:30.319 [JavaFX Application Thread] INFO  com.datacomp.ui.DataCompApp - Application started successfully
2025-11-09 18:01:34.652 [JavaFX Application Thread] INFO  com.datacomp.service.gpu.GpuFrequencyService - Selected GPU device: NVIDIA GeForce RTX 3050 Ti Laptop GPU CL_DEVICE_TYPE_GPU (available)
2025-11-09 18:01:34.708 [JavaFX Application Thread] INFO  com.datacomp.service.gpu.GpuCompressionService - GPU compression service initialized: GPU (NVIDIA GeForce RTX 3050 Ti Laptop GPU CL_DEVICE_TYPE_GPU (available))
2025-11-09 18:01:34.755 [JavaFX Application Thread] INFO  com.datacomp.service.ServiceFactory - Using GPU compression service
2025-11-09 18:02:09.678 [pool-2-thread-1] INFO  com.datacomp.service.cpu.CpuCompressionService - Compressing ubuntu-24.04.3-desktop-amd64.iso (0 bytes) into 0 chunks
2025-11-09 18:02:09.968 [pool-2-thread-1] INFO  com.datacomp.service.cpu.CpuCompressionService - Compression complete: 0 -> 100 bytes ({:.2f}%) in {:.2f}s ({:.2f} MB/s)
2025-11-09 18:02:25.511 [JavaFX Application Thread] INFO  com.datacomp.ui.DataCompApp - Application stopping
2025-11-09 18:05:28.733 [Test worker] INFO  com.datacomp.service.cpu.CpuCompressionService - Compressing random.bin (10240 bytes) into 1 chunks
2025-11-09 18:05:28.783 [Test worker] INFO  com.datacomp.service.cpu.CpuCompressionService - Compression complete: 10240 -> 10889 bytes ({:.2f}%) in {:.2f}s ({:.2f} MB/s)
2025-11-09 18:05:28.784 [Test worker] INFO  com.datacomp.service.cpu.CpuCompressionService - Decompressing random.dcz to random.decompressed.bin
2025-11-09 18:05:28.804 [Test worker] INFO  com.datacomp.service.cpu.CpuCompressionService - Decompressing 1 chunks, original size: 10240 bytes
2025-11-09 18:05:28.818 [Test worker] INFO  com.datacomp.service.cpu.CpuCompressionService - Decompression complete: 10240 bytes in {:.2f}s ({:.2f} MB/s)
2025-11-09 18:05:28.877 [Test worker] INFO  com.datacomp.service.cpu.CpuCompressionService - Compressing test.txt (1300 bytes) into 1 chunks
2025-11-09 18:05:28.902 [Test worker] INFO  com.datacomp.service.cpu.CpuCompressionService - Compression complete: 1300 -> 1148 bytes ({:.2f}%) in {:.2f}s ({:.2f} MB/s)
2025-11-09 18:05:28.904 [Test worker] INFO  com.datacomp.service.cpu.CpuCompressionService - Decompressing test.dcz to test.decompressed.txt
2025-11-09 18:05:28.922 [Test worker] INFO  com.datacomp.service.cpu.CpuCompressionService - Decompressing 1 chunks, original size: 1300 bytes
2025-11-09 18:05:28.923 [Test worker] INFO  com.datacomp.service.cpu.CpuCompressionService - Decompression complete: 1300 bytes in {:.2f}s ({:.2f} MB/s)
2025-11-09 18:05:28.939 [Test worker] INFO  com.datacomp.service.cpu.CpuCompressionService - Compressing empty.txt (0 bytes) into 0 chunks
2025-11-09 18:05:28.941 [Test worker] INFO  com.datacomp.service.cpu.CpuCompressionService - Compression complete: 0 -> 77 bytes ({:.2f}%) in {:.2f}s ({:.2f} MB/s)
2025-11-09 18:05:28.942 [Test worker] INFO  com.datacomp.service.cpu.CpuCompressionService - Decompressing empty.dcz to empty.decompressed.txt
2025-11-09 18:05:28.960 [Test worker] INFO  com.datacomp.service.cpu.CpuCompressionService - Decompressing 0 chunks, original size: 0 bytes
2025-11-09 18:05:28.961 [Test worker] INFO  com.datacomp.service.cpu.CpuCompressionService - Decompression complete: 0 bytes in {:.2f}s ({:.2f} MB/s)
2025-11-09 18:05:28.999 [Test worker] INFO  com.datacomp.service.cpu.CpuCompressionService - Compressing large.bin (3145728 bytes) into 3 chunks
2025-11-09 18:05:29.288 [Test worker] INFO  com.datacomp.service.cpu.CpuCompressionService - Compression complete: 3145728 -> 3147521 bytes ({:.2f}%) in {:.2f}s ({:.2f} MB/s)
2025-11-09 18:05:29.288 [Test worker] INFO  com.datacomp.service.cpu.CpuCompressionService - Decompressing large.dcz to large.decompressed.bin
2025-11-09 18:05:29.308 [Test worker] INFO  com.datacomp.service.cpu.CpuCompressionService - Decompressing 3 chunks, original size: 3145728 bytes
2025-11-09 18:05:29.584 [Test worker] INFO  com.datacomp.service.cpu.CpuCompressionService - Decompression complete: 3145728 bytes in {:.2f}s ({:.2f} MB/s)
2025-11-09 18:05:29.631 [Test worker] INFO  com.datacomp.service.cpu.CpuCompressionService - Compressing test.txt (29 bytes) into 1 chunks
2025-11-09 18:05:29.651 [Test worker] INFO  com.datacomp.service.cpu.CpuCompressionService - Compression complete: 29 -> 663 bytes ({:.2f}%) in {:.2f}s ({:.2f} MB/s)
2025-11-09 18:06:37.688 [JavaFX-Launcher] INFO  com.datacomp.ui.DataCompApp - Initializing DataComp application
2025-11-09 18:06:38.566 [JavaFX Application Thread] INFO  com.datacomp.ui.MainViewController - Initializing main view controller
2025-11-09 18:06:40.118 [JavaFX Application Thread] INFO  com.datacomp.service.gpu.GpuFrequencyService - Selected GPU device: NVIDIA GeForce RTX 3050 Ti Laptop GPU CL_DEVICE_TYPE_GPU (available)
2025-11-09 18:06:41.681 [JavaFX Application Thread] INFO  com.datacomp.service.gpu.GpuCompressionService - GPU compression service initialized: GPU (NVIDIA GeForce RTX 3050 Ti Laptop GPU CL_DEVICE_TYPE_GPU (available))
2025-11-09 18:06:41.758 [JavaFX Application Thread] INFO  com.datacomp.service.ServiceFactory - Using GPU compression service
2025-11-09 18:06:42.295 [JavaFX Application Thread] INFO  com.datacomp.ui.DataCompApp - Application started successfully
2025-11-09 18:06:49.202 [JavaFX Application Thread] INFO  com.datacomp.service.gpu.GpuFrequencyService - Selected GPU device: NVIDIA GeForce RTX 3050 Ti Laptop GPU CL_DEVICE_TYPE_GPU (available)
2025-11-09 18:06:49.257 [JavaFX Application Thread] INFO  com.datacomp.service.gpu.GpuCompressionService - GPU compression service initialized: GPU (NVIDIA GeForce RTX 3050 Ti Laptop GPU CL_DEVICE_TYPE_GPU (available))
2025-11-09 18:06:49.312 [JavaFX Application Thread] INFO  com.datacomp.service.ServiceFactory - Using GPU compression service
2025-11-09 18:07:02.333 [pool-2-thread-1] INFO  com.datacomp.service.cpu.CpuCompressionService - Compressing ubuntu-24.04.3-desktop-amd64.iso (0 bytes) into 0 chunks
2025-11-09 18:07:02.597 [pool-2-thread-1] INFO  com.datacomp.service.cpu.CpuCompressionService - Compression complete: 0 -> 100 bytes ({:.2f}%) in {:.2f}s ({:.2f} MB/s)
2025-11-09 18:07:04.656 [JavaFX Application Thread] INFO  com.datacomp.ui.DataCompApp - Application stopping
2025-11-09 18:13:53.636 [Test worker] INFO  com.datacomp.service.cpu.CpuCompressionService - Compressing random.bin (10240 bytes) into 1 chunks
2025-11-09 18:13:53.689 [Test worker] INFO  com.datacomp.service.cpu.CpuCompressionService - Compression complete: 10240 -> 10889 bytes ({:.2f}%) in {:.2f}s ({:.2f} MB/s)
2025-11-09 18:13:53.691 [Test worker] INFO  com.datacomp.service.cpu.CpuCompressionService - Decompressing random.dcz to random.decompressed.bin
2025-11-09 18:13:53.709 [Test worker] INFO  com.datacomp.service.cpu.CpuCompressionService - Decompressing 1 chunks, original size: 10240 bytes
2025-11-09 18:13:53.722 [Test worker] INFO  com.datacomp.service.cpu.CpuCompressionService - Decompression complete: 10240 bytes in {:.2f}s ({:.2f} MB/s)
2025-11-09 18:13:53.774 [Test worker] INFO  com.datacomp.service.cpu.CpuCompressionService - Compressing test.txt (1300 bytes) into 1 chunks
2025-11-09 18:13:53.795 [Test worker] INFO  com.datacomp.service.cpu.CpuCompressionService - Compression complete: 1300 -> 1148 bytes ({:.2f}%) in {:.2f}s ({:.2f} MB/s)
2025-11-09 18:13:53.797 [Test worker] INFO  com.datacomp.service.cpu.CpuCompressionService - Decompressing test.dcz to test.decompressed.txt
2025-11-09 18:13:53.813 [Test worker] INFO  com.datacomp.service.cpu.CpuCompressionService - Decompressing 1 chunks, original size: 1300 bytes
2025-11-09 18:13:53.816 [Test worker] INFO  com.datacomp.service.cpu.CpuCompressionService - Decompression complete: 1300 bytes in {:.2f}s ({:.2f} MB/s)
2025-11-09 18:13:53.832 [Test worker] INFO  com.datacomp.service.cpu.CpuCompressionService - Compressing empty.txt (0 bytes) into 0 chunks
2025-11-09 18:13:53.834 [Test worker] INFO  com.datacomp.service.cpu.CpuCompressionService - Compression complete: 0 -> 77 bytes ({:.2f}%) in {:.2f}s ({:.2f} MB/s)
2025-11-09 18:13:53.834 [Test worker] INFO  com.datacomp.service.cpu.CpuCompressionService - Decompressing empty.dcz to empty.decompressed.txt
2025-11-09 18:13:53.848 [Test worker] INFO  com.datacomp.service.cpu.CpuCompressionService - Decompressing 0 chunks, original size: 0 bytes
2025-11-09 18:13:53.849 [Test worker] INFO  com.datacomp.service.cpu.CpuCompressionService - Decompression complete: 0 bytes in {:.2f}s ({:.2f} MB/s)
2025-11-09 18:13:53.894 [Test worker] INFO  com.datacomp.service.cpu.CpuCompressionService - Compressing large.bin (3145728 bytes) into 3 chunks
2025-11-09 18:13:54.175 [Test worker] INFO  com.datacomp.service.cpu.CpuCompressionService - Compression complete: 3145728 -> 3147521 bytes ({:.2f}%) in {:.2f}s ({:.2f} MB/s)
2025-11-09 18:13:54.175 [Test worker] INFO  com.datacomp.service.cpu.CpuCompressionService - Decompressing large.dcz to large.decompressed.bin
2025-11-09 18:13:54.210 [Test worker] INFO  com.datacomp.service.cpu.CpuCompressionService - Decompressing 3 chunks, original size: 3145728 bytes
2025-11-09 18:13:54.497 [Test worker] INFO  com.datacomp.service.cpu.CpuCompressionService - Decompression complete: 3145728 bytes in {:.2f}s ({:.2f} MB/s)
2025-11-09 18:13:54.535 [Test worker] INFO  com.datacomp.service.cpu.CpuCompressionService - Compressing test.txt (29 bytes) into 1 chunks
2025-11-09 18:13:54.552 [Test worker] INFO  com.datacomp.service.cpu.CpuCompressionService - Compression complete: 29 -> 663 bytes ({:.2f}%) in {:.2f}s ({:.2f} MB/s)
2025-11-09 18:14:30.286 [Test worker] INFO  com.datacomp.util.TestDataGenerator - Generating 1MB random test file: C:\Users\Lenovo\AppData\Local\Temp\junit6872201888319707583\test.bin
2025-11-09 18:14:30.311 [Test worker] INFO  com.datacomp.util.TestDataGenerator - Test file generated: 1048576 bytes
2025-11-09 18:14:30.312 [Test worker] INFO  com.datacomp.benchmark.BenchmarkSuite - Starting benchmark suite on file: C:\Users\Lenovo\AppData\Local\Temp\junit6872201888319707583\test.bin
2025-11-09 18:14:30.318 [Test worker] INFO  com.datacomp.benchmark.BenchmarkSuite - Benchmarking CPU: CPU Compression
2025-11-09 18:14:30.320 [Test worker] INFO  com.datacomp.service.cpu.CpuCompressionService - Compressing test.bin (1048576 bytes) into 1 chunks
2025-11-09 18:14:30.650 [Test worker] INFO  com.datacomp.service.cpu.CpuCompressionService - Compression complete: 1048576 -> 1049224 bytes ({:.2f}%) in {:.2f}s ({:.2f} MB/s)
2025-11-09 18:14:30.651 [Test worker] INFO  com.datacomp.service.cpu.CpuCompressionService - Compressing test.bin (1048576 bytes) into 1 chunks
2025-11-09 18:14:30.838 [Test worker] INFO  com.datacomp.service.cpu.CpuCompressionService - Compression complete: 1048576 -> 1049224 bytes ({:.2f}%) in {:.2f}s ({:.2f} MB/s)
2025-11-09 18:14:30.840 [Test worker] INFO  com.datacomp.service.cpu.CpuCompressionService - Compressing test.bin (1048576 bytes) into 1 chunks
2025-11-09 18:14:31.072 [Test worker] INFO  com.datacomp.service.cpu.CpuCompressionService - Compression complete: 1048576 -> 1049224 bytes ({:.2f}%) in {:.2f}s ({:.2f} MB/s)
2025-11-09 18:14:31.074 [Test worker] INFO  com.datacomp.service.cpu.CpuCompressionService - Compressing test.bin (1048576 bytes) into 1 chunks
2025-11-09 18:14:31.231 [Test worker] INFO  com.datacomp.service.cpu.CpuCompressionService - Compression complete: 1048576 -> 1049224 bytes ({:.2f}%) in {:.2f}s ({:.2f} MB/s)
2025-11-09 18:14:31.233 [Test worker] INFO  com.datacomp.service.cpu.CpuCompressionService - Compressing test.bin (1048576 bytes) into 1 chunks
2025-11-09 18:14:31.339 [Test worker] INFO  com.datacomp.service.cpu.CpuCompressionService - Compression complete: 1048576 -> 1049224 bytes ({:.2f}%) in {:.2f}s ({:.2f} MB/s)
2025-11-09 18:14:31.341 [Test worker] INFO  com.datacomp.service.cpu.CpuCompressionService - Compressing test.bin (1048576 bytes) into 1 chunks
2025-11-09 18:14:31.443 [Test worker] INFO  com.datacomp.service.cpu.CpuCompressionService - Compression complete: 1048576 -> 1049224 bytes ({:.2f}%) in {:.2f}s ({:.2f} MB/s)
2025-11-09 18:14:31.445 [Test worker] INFO  com.datacomp.service.cpu.CpuCompressionService - Compressing test.bin (1048576 bytes) into 1 chunks
2025-11-09 18:14:31.548 [Test worker] INFO  com.datacomp.service.cpu.CpuCompressionService - Compression complete: 1048576 -> 1049224 bytes ({:.2f}%) in {:.2f}s ({:.2f} MB/s)
2025-11-09 18:14:31.550 [Test worker] INFO  com.datacomp.service.cpu.CpuCompressionService - Compressing test.bin (1048576 bytes) into 1 chunks
2025-11-09 18:14:31.660 [Test worker] INFO  com.datacomp.service.cpu.CpuCompressionService - Compression complete: 1048576 -> 1049224 bytes ({:.2f}%) in {:.2f}s ({:.2f} MB/s)
2025-11-09 18:14:31.664 [Test worker] INFO  com.datacomp.benchmark.BenchmarkSuite - Benchmark complete: CPU [CPU Compression]: 9.00 MB/s, 100.06% compression, 0.116s total
2025-11-09 18:14:31.673 [Test worker] WARN  com.datacomp.service.gpu.GpuFrequencyService - Failed to initialize TornadoVM device: null
2025-11-09 18:14:31.674 [Test worker] WARN  com.datacomp.service.gpu.GpuCompressionService - GPU not available, will use CPU fallback
2025-11-09 18:14:31.674 [Test worker] INFO  com.datacomp.benchmark.BenchmarkSuite - GPU not available, skipping GPU benchmark
2025-11-09 18:14:31.750 [Test worker] INFO  com.datacomp.service.cpu.CpuCompressionService - Compressing random.bin (10240 bytes) into 1 chunks
2025-11-09 18:14:31.779 [Test worker] INFO  com.datacomp.service.cpu.CpuCompressionService - Compression complete: 10240 -> 10889 bytes ({:.2f}%) in {:.2f}s ({:.2f} MB/s)
2025-11-09 18:14:31.779 [Test worker] INFO  com.datacomp.service.cpu.CpuCompressionService - Decompressing random.dcz to random.decompressed.bin
2025-11-09 18:14:31.799 [Test worker] INFO  com.datacomp.service.cpu.CpuCompressionService - Decompressing 1 chunks, original size: 10240 bytes
2025-11-09 18:14:31.811 [Test worker] INFO  com.datacomp.service.cpu.CpuCompressionService - Decompression complete: 10240 bytes in {:.2f}s ({:.2f} MB/s)
2025-11-09 18:14:31.844 [Test worker] INFO  com.datacomp.service.cpu.CpuCompressionService - Compressing test.txt (1300 bytes) into 1 chunks
2025-11-09 18:14:31.850 [Test worker] INFO  com.datacomp.service.cpu.CpuCompressionService - Compression complete: 1300 -> 1148 bytes ({:.2f}%) in {:.2f}s ({:.2f} MB/s)
2025-11-09 18:14:31.851 [Test worker] INFO  com.datacomp.service.cpu.CpuCompressionService - Decompressing test.dcz to test.decompressed.txt
2025-11-09 18:14:31.876 [Test worker] INFO  com.datacomp.service.cpu.CpuCompressionService - Decompressing 1 chunks, original size: 1300 bytes
2025-11-09 18:14:31.878 [Test worker] INFO  com.datacomp.service.cpu.CpuCompressionService - Decompression complete: 1300 bytes in {:.2f}s ({:.2f} MB/s)
2025-11-09 18:14:31.899 [Test worker] INFO  com.datacomp.service.cpu.CpuCompressionService - Compressing empty.txt (0 bytes) into 0 chunks
2025-11-09 18:14:31.902 [Test worker] INFO  com.datacomp.service.cpu.CpuCompressionService - Compression complete: 0 -> 77 bytes ({:.2f}%) in {:.2f}s ({:.2f} MB/s)
2025-11-09 18:14:31.902 [Test worker] INFO  com.datacomp.service.cpu.CpuCompressionService - Decompressing empty.dcz to empty.decompressed.txt
2025-11-09 18:14:31.921 [Test worker] INFO  com.datacomp.service.cpu.CpuCompressionService - Decompressing 0 chunks, original size: 0 bytes
2025-11-09 18:14:31.922 [Test worker] INFO  com.datacomp.service.cpu.CpuCompressionService - Decompression complete: 0 bytes in {:.2f}s ({:.2f} MB/s)
2025-11-09 18:14:31.991 [Test worker] INFO  com.datacomp.service.cpu.CpuCompressionService - Compressing large.bin (3145728 bytes) into 3 chunks
2025-11-09 18:14:32.232 [Test worker] INFO  com.datacomp.service.cpu.CpuCompressionService - Compression complete: 3145728 -> 3147521 bytes ({:.2f}%) in {:.2f}s ({:.2f} MB/s)
2025-11-09 18:14:32.232 [Test worker] INFO  com.datacomp.service.cpu.CpuCompressionService - Decompressing large.dcz to large.decompressed.bin
2025-11-09 18:14:32.255 [Test worker] INFO  com.datacomp.service.cpu.CpuCompressionService - Decompressing 3 chunks, original size: 3145728 bytes
2025-11-09 18:14:32.551 [Test worker] INFO  com.datacomp.service.cpu.CpuCompressionService - Decompression complete: 3145728 bytes in {:.2f}s ({:.2f} MB/s)
2025-11-09 18:14:32.600 [Test worker] INFO  com.datacomp.service.cpu.CpuCompressionService - Compressing test.txt (29 bytes) into 1 chunks
2025-11-09 18:14:32.605 [Test worker] INFO  com.datacomp.service.cpu.CpuCompressionService - Compression complete: 29 -> 663 bytes ({:.2f}%) in {:.2f}s ({:.2f} MB/s)
2025-11-09 18:14:32.678 [Test worker] WARN  com.datacomp.service.gpu.GpuFrequencyService - Failed to initialize TornadoVM device: Could not initialize class uk.ac.manchester.tornado.api.runtime.TornadoRuntimeProvider
2025-11-09 18:17:50.707 [main] INFO  com.datacomp.service.cpu.CpuCompressionService - Compressing test_file.txt (372 bytes) into 1 chunks
2025-11-09 18:17:50.771 [main] INFO  com.datacomp.service.cpu.CpuCompressionService - Compression complete: 372 -> 801 bytes ({:.2f}%) in {:.2f}s ({:.2f} MB/s)
2025-11-09 18:18:22.096 [main] INFO  com.datacomp.service.cpu.CpuCompressionService - Decompressing test_file.dcz to test_file_decompressed.txt
2025-11-09 18:18:22.123 [main] INFO  com.datacomp.service.cpu.CpuCompressionService - Decompressing 1 chunks, original size: 372 bytes
2025-11-09 18:18:22.184 [main] INFO  com.datacomp.service.cpu.CpuCompressionService - Decompression complete: 372 bytes in {:.2f}s ({:.2f} MB/s)
2025-11-09 18:21:34.823 [main] INFO  com.datacomp.service.cpu.CpuCompressionService - Compressing large_test.txt (1300002 bytes) into 2 chunks
2025-11-09 18:21:34.921 [main] INFO  com.datacomp.service.cpu.CpuCompressionService - Compression complete: 1300002 -> 503646 bytes ({:.2f}%) in {:.2f}s ({:.2f} MB/s)
2025-11-09 18:21:57.135 [main] INFO  com.datacomp.service.cpu.CpuCompressionService - Decompressing large_test.dcz to large_test_decompressed.txt
2025-11-09 18:21:57.151 [main] INFO  com.datacomp.service.cpu.CpuCompressionService - Decompressing 2 chunks, original size: 1300002 bytes
2025-11-09 18:21:57.225 [main] INFO  com.datacomp.service.cpu.CpuCompressionService - Decompression complete: 1300002 bytes in {:.2f}s ({:.2f} MB/s)
2025-11-09 18:23:40.594 [JavaFX-Launcher] INFO  com.datacomp.ui.DataCompApp - Initializing DataComp application
2025-11-09 18:23:40.813 [JavaFX Application Thread] INFO  com.datacomp.ui.MainViewController - Initializing main view controller
2025-11-09 18:23:41.214 [JavaFX Application Thread] INFO  com.datacomp.service.gpu.GpuFrequencyService - Selected GPU device: NVIDIA GeForce RTX 3050 Ti Laptop GPU CL_DEVICE_TYPE_GPU (available)
2025-11-09 18:23:41.636 [JavaFX Application Thread] INFO  com.datacomp.service.gpu.GpuCompressionService - GPU compression service initialized: GPU (NVIDIA GeForce RTX 3050 Ti Laptop GPU CL_DEVICE_TYPE_GPU (available))
2025-11-09 18:23:41.656 [JavaFX Application Thread] INFO  com.datacomp.service.ServiceFactory - Using GPU compression service
2025-11-09 18:23:41.832 [JavaFX Application Thread] INFO  com.datacomp.ui.DataCompApp - Application started successfully
2025-11-09 18:23:46.210 [JavaFX Application Thread] INFO  com.datacomp.ui.DataCompApp - Application stopping
2025-11-09 18:24:22.334 [JavaFX-Launcher] INFO  com.datacomp.ui.DataCompApp - Initializing DataComp application
2025-11-09 18:24:22.559 [JavaFX Application Thread] INFO  com.datacomp.ui.MainViewController - Initializing main view controller
2025-11-09 18:24:22.956 [JavaFX Application Thread] INFO  com.datacomp.service.gpu.GpuFrequencyService - Selected GPU device: NVIDIA GeForce RTX 3050 Ti Laptop GPU CL_DEVICE_TYPE_GPU (available)
2025-11-09 18:24:23.378 [JavaFX Application Thread] INFO  com.datacomp.service.gpu.GpuCompressionService - GPU compression service initialized: GPU (NVIDIA GeForce RTX 3050 Ti Laptop GPU CL_DEVICE_TYPE_GPU (available))
2025-11-09 18:24:23.411 [JavaFX Application Thread] INFO  com.datacomp.service.ServiceFactory - Using GPU compression service
2025-11-09 18:24:23.593 [JavaFX Application Thread] INFO  com.datacomp.ui.DataCompApp - Application started successfully
2025-11-09 18:24:28.281 [JavaFX Application Thread] INFO  com.datacomp.service.gpu.GpuFrequencyService - Selected GPU device: NVIDIA GeForce RTX 3050 Ti Laptop GPU CL_DEVICE_TYPE_GPU (available)
2025-11-09 18:24:28.301 [JavaFX Application Thread] INFO  com.datacomp.service.gpu.GpuCompressionService - GPU compression service initialized: GPU (NVIDIA GeForce RTX 3050 Ti Laptop GPU CL_DEVICE_TYPE_GPU (available))
2025-11-09 18:24:28.321 [JavaFX Application Thread] INFO  com.datacomp.service.ServiceFactory - Using GPU compression service
2025-11-09 18:24:33.899 [JavaFX Application Thread] INFO  com.datacomp.service.gpu.GpuFrequencyService - Selected GPU device: NVIDIA GeForce RTX 3050 Ti Laptop GPU CL_DEVICE_TYPE_GPU (available)
2025-11-09 18:24:33.919 [JavaFX Application Thread] INFO  com.datacomp.service.gpu.GpuCompressionService - GPU compression service initialized: GPU (NVIDIA GeForce RTX 3050 Ti Laptop GPU CL_DEVICE_TYPE_GPU (available))
2025-11-09 18:24:33.936 [JavaFX Application Thread] INFO  com.datacomp.service.ServiceFactory - Using GPU compression service
2025-11-09 18:24:33.966 [pool-2-thread-1] INFO  com.datacomp.service.cpu.CpuCompressionService - Compressing indexmultimedia.pdf (33011 bytes) into 1 chunks
2025-11-09 18:24:34.053 [pool-2-thread-1] INFO  com.datacomp.service.cpu.CpuCompressionService - Compression complete: 33011 -> 31934 bytes ({:.2f}%) in {:.2f}s ({:.2f} MB/s)
2025-11-09 18:24:41.005 [JavaFX Application Thread] INFO  com.datacomp.service.gpu.GpuFrequencyService - Selected GPU device: NVIDIA GeForce RTX 3050 Ti Laptop GPU CL_DEVICE_TYPE_GPU (available)
2025-11-09 18:24:41.023 [JavaFX Application Thread] INFO  com.datacomp.service.gpu.GpuCompressionService - GPU compression service initialized: GPU (NVIDIA GeForce RTX 3050 Ti Laptop GPU CL_DEVICE_TYPE_GPU (available))
2025-11-09 18:24:41.038 [JavaFX Application Thread] INFO  com.datacomp.service.ServiceFactory - Using GPU compression service
2025-11-09 18:25:00.445 [JavaFX Application Thread] INFO  com.datacomp.service.gpu.GpuFrequencyService - Selected GPU device: NVIDIA GeForce RTX 3050 Ti Laptop GPU CL_DEVICE_TYPE_GPU (available)
2025-11-09 18:25:00.470 [JavaFX Application Thread] INFO  com.datacomp.service.gpu.GpuCompressionService - GPU compression service initialized: GPU (NVIDIA GeForce RTX 3050 Ti Laptop GPU CL_DEVICE_TYPE_GPU (available))
2025-11-09 18:25:00.486 [JavaFX Application Thread] INFO  com.datacomp.service.ServiceFactory - Using GPU compression service
2025-11-09 18:25:00.508 [pool-3-thread-1] INFO  com.datacomp.service.cpu.CpuCompressionService - Compressing ubuntu-24.04.3-desktop-amd64.iso (0 bytes) into 0 chunks
2025-11-09 18:25:00.612 [pool-3-thread-1] INFO  com.datacomp.service.cpu.CpuCompressionService - Compression complete: 0 -> 100 bytes ({:.2f}%) in {:.2f}s ({:.2f} MB/s)
2025-11-09 18:25:17.204 [JavaFX Application Thread] INFO  com.datacomp.ui.SettingsController - Settings loaded from configuration
2025-11-09 18:25:19.936 [JavaFX Application Thread] INFO  com.datacomp.service.gpu.GpuFrequencyService - Selected GPU device: NVIDIA GeForce RTX 3050 Ti Laptop GPU CL_DEVICE_TYPE_GPU (available)
2025-11-09 18:25:19.951 [JavaFX Application Thread] INFO  com.datacomp.service.gpu.GpuCompressionService - GPU compression service initialized: GPU (NVIDIA GeForce RTX 3050 Ti Laptop GPU CL_DEVICE_TYPE_GPU (available))
2025-11-09 18:25:19.965 [JavaFX Application Thread] INFO  com.datacomp.service.ServiceFactory - Using GPU compression service
2025-11-09 18:25:36.542 [JavaFX Application Thread] INFO  com.datacomp.service.gpu.GpuFrequencyService - Selected GPU device: NVIDIA GeForce RTX 3050 Ti Laptop GPU CL_DEVICE_TYPE_GPU (available)
2025-11-09 18:25:36.559 [JavaFX Application Thread] INFO  com.datacomp.service.gpu.GpuCompressionService - GPU compression service initialized: GPU (NVIDIA GeForce RTX 3050 Ti Laptop GPU CL_DEVICE_TYPE_GPU (available))
2025-11-09 18:25:36.573 [JavaFX Application Thread] INFO  com.datacomp.service.ServiceFactory - Using GPU compression service
2025-11-09 18:25:36.575 [pool-4-thread-1] INFO  com.datacomp.service.cpu.CpuCompressionService - Decompressing indexmultimedia.pdf.dcz to indexmultimedia.pdf
2025-11-09 18:25:36.576 [pool-4-thread-1] INFO  com.datacomp.service.cpu.CpuCompressionService - Decompressing 1 chunks, original size: 33011 bytes
2025-11-09 18:25:36.586 [pool-4-thread-1] INFO  com.datacomp.service.cpu.CpuCompressionService - Decompression complete: 33011 bytes in {:.2f}s ({:.2f} MB/s)
2025-11-09 18:25:59.322 [JavaFX Application Thread] INFO  com.datacomp.ui.DataCompApp - Application stopping
2025-11-09 18:30:04.646 [Test worker] INFO  com.datacomp.service.cpu.CpuCompressionService - Compressing random.bin (10240 bytes) into 1 chunks
2025-11-09 18:30:04.683 [Test worker] INFO  com.datacomp.service.cpu.CpuCompressionService - Compression complete: 10240 -> 10889 bytes ({:.2f}%) in {:.2f}s ({:.2f} MB/s)
2025-11-09 18:30:04.683 [Test worker] INFO  com.datacomp.service.cpu.CpuCompressionService - Decompressing random.dcz to random.decompressed.bin
2025-11-09 18:30:04.693 [Test worker] INFO  com.datacomp.service.cpu.CpuCompressionService - Decompressing 1 chunks, original size: 10240 bytes
2025-11-09 18:30:04.697 [Test worker] INFO  com.datacomp.service.cpu.CpuCompressionService - Decompression complete: 10240 bytes in {:.2f}s ({:.2f} MB/s)
2025-11-09 18:30:04.725 [Test worker] INFO  com.datacomp.service.cpu.CpuCompressionService - Compressing test.txt (1300 bytes) into 1 chunks
2025-11-09 18:30:04.740 [Test worker] INFO  com.datacomp.service.cpu.CpuCompressionService - Compression complete: 1300 -> 1148 bytes ({:.2f}%) in {:.2f}s ({:.2f} MB/s)
2025-11-09 18:30:04.741 [Test worker] INFO  com.datacomp.service.cpu.CpuCompressionService - Decompressing test.dcz to test.decompressed.txt
2025-11-09 18:30:04.750 [Test worker] INFO  com.datacomp.service.cpu.CpuCompressionService - Decompressing 1 chunks, original size: 1300 bytes
2025-11-09 18:30:04.750 [Test worker] INFO  com.datacomp.service.cpu.CpuCompressionService - Decompression complete: 1300 bytes in {:.2f}s ({:.2f} MB/s)
2025-11-09 18:30:04.759 [Test worker] INFO  com.datacomp.service.cpu.CpuCompressionService - Compressing empty.txt (0 bytes) into 0 chunks
2025-11-09 18:30:04.761 [Test worker] INFO  com.datacomp.service.cpu.CpuCompressionService - Compression complete: 0 -> 77 bytes ({:.2f}%) in {:.2f}s ({:.2f} MB/s)
2025-11-09 18:30:04.762 [Test worker] INFO  com.datacomp.service.cpu.CpuCompressionService - Decompressing empty.dcz to empty.decompressed.txt
2025-11-09 18:30:04.770 [Test worker] INFO  com.datacomp.service.cpu.CpuCompressionService - Decompressing 0 chunks, original size: 0 bytes
2025-11-09 18:30:04.771 [Test worker] INFO  com.datacomp.service.cpu.CpuCompressionService - Decompression complete: 0 bytes in {:.2f}s ({:.2f} MB/s)
2025-11-09 18:30:04.789 [Test worker] INFO  com.datacomp.service.cpu.CpuCompressionService - Compressing large.bin (3145728 bytes) into 3 chunks
2025-11-09 18:30:04.883 [Test worker] INFO  com.datacomp.service.cpu.CpuCompressionService - Compression complete: 3145728 -> 3147521 bytes ({:.2f}%) in {:.2f}s ({:.2f} MB/s)
2025-11-09 18:30:04.883 [Test worker] INFO  com.datacomp.service.cpu.CpuCompressionService - Decompressing large.dcz to large.decompressed.bin
2025-11-09 18:30:04.892 [Test worker] INFO  com.datacomp.service.cpu.CpuCompressionService - Decompressing 3 chunks, original size: 3145728 bytes
2025-11-09 18:30:05.016 [Test worker] INFO  com.datacomp.service.cpu.CpuCompressionService - Decompression complete: 3145728 bytes in {:.2f}s ({:.2f} MB/s)
2025-11-09 18:30:05.042 [Test worker] INFO  com.datacomp.service.cpu.CpuCompressionService - Compressing test.txt (29 bytes) into 1 chunks
2025-11-09 18:30:05.055 [Test worker] INFO  com.datacomp.service.cpu.CpuCompressionService - Compression complete: 29 -> 663 bytes ({:.2f}%) in {:.2f}s ({:.2f} MB/s)
2025-11-09 18:30:32.371 [main] INFO  com.datacomp.util.TestDataGenerator - Generating 1024MB random test file: test-data-1024mb.bin
2025-11-09 18:30:33.811 [main] INFO  com.datacomp.util.TestDataGenerator - Test file generated: 1073741824 bytes
2025-11-09 18:30:49.397 [main] INFO  com.datacomp.service.cpu.CpuCompressionService - Compressing test-data-1024mb.bin (1073741824 bytes) into 8 chunks
2025-11-09 18:31:07.285 [main] INFO  com.datacomp.service.cpu.CpuCompressionService - Compression complete: 1073741824 -> 1073746488 bytes ({:.2f}%) in {:.2f}s ({:.2f} MB/s)
2025-11-09 18:31:37.971 [main] INFO  com.datacomp.service.cpu.CpuCompressionService - Decompressing test-data-1024mb.dcz to test-data-1024mb-decompressed.bin
2025-11-09 18:31:37.988 [main] INFO  com.datacomp.service.cpu.CpuCompressionService - Decompressing 8 chunks, original size: 1073741824 bytes
2025-11-09 18:32:20.438 [main] INFO  com.datacomp.service.cpu.CpuCompressionService - Decompression complete: 1073741824 bytes in {:.2f}s ({:.2f} MB/s)
2025-11-09 18:33:47.404 [Test worker] INFO  com.datacomp.util.TestDataGenerator - Generating 1MB random test file: C:\Users\Lenovo\AppData\Local\Temp\junit10475958353028377228\test.bin
2025-11-09 18:33:47.414 [Test worker] INFO  com.datacomp.util.TestDataGenerator - Test file generated: 1048576 bytes
2025-11-09 18:33:47.415 [Test worker] INFO  com.datacomp.benchmark.BenchmarkSuite - Starting benchmark suite on file: C:\Users\Lenovo\AppData\Local\Temp\junit10475958353028377228\test.bin
2025-11-09 18:33:47.418 [Test worker] INFO  com.datacomp.benchmark.BenchmarkSuite - Benchmarking CPU: CPU Compression
2025-11-09 18:33:47.420 [Test worker] INFO  com.datacomp.service.cpu.CpuCompressionService - Compressing test.bin (1048576 bytes) into 1 chunks
2025-11-09 18:33:47.555 [Test worker] INFO  com.datacomp.service.cpu.CpuCompressionService - Compression complete: 1048576 -> 1049224 bytes ({:.2f}%) in {:.2f}s ({:.2f} MB/s)
2025-11-09 18:33:47.556 [Test worker] INFO  com.datacomp.service.cpu.CpuCompressionService - Compressing test.bin (1048576 bytes) into 1 chunks
2025-11-09 18:33:47.668 [Test worker] INFO  com.datacomp.service.cpu.CpuCompressionService - Compression complete: 1048576 -> 1049224 bytes ({:.2f}%) in {:.2f}s ({:.2f} MB/s)
2025-11-09 18:33:47.669 [Test worker] INFO  com.datacomp.service.cpu.CpuCompressionService - Compressing test.bin (1048576 bytes) into 1 chunks
2025-11-09 18:33:47.762 [Test worker] INFO  com.datacomp.service.cpu.CpuCompressionService - Compression complete: 1048576 -> 1049224 bytes ({:.2f}%) in {:.2f}s ({:.2f} MB/s)
2025-11-09 18:33:47.762 [Test worker] INFO  com.datacomp.service.cpu.CpuCompressionService - Compressing test.bin (1048576 bytes) into 1 chunks
2025-11-09 18:33:47.826 [Test worker] INFO  com.datacomp.service.cpu.CpuCompressionService - Compression complete: 1048576 -> 1049224 bytes ({:.2f}%) in {:.2f}s ({:.2f} MB/s)
2025-11-09 18:33:47.827 [Test worker] INFO  com.datacomp.service.cpu.CpuCompressionService - Compressing test.bin (1048576 bytes) into 1 chunks
2025-11-09 18:33:47.876 [Test worker] INFO  com.datacomp.service.cpu.CpuCompressionService - Compression complete: 1048576 -> 1049224 bytes ({:.2f}%) in {:.2f}s ({:.2f} MB/s)
2025-11-09 18:33:47.877 [Test worker] INFO  com.datacomp.service.cpu.CpuCompressionService - Compressing test.bin (1048576 bytes) into 1 chunks
2025-11-09 18:33:47.931 [Test worker] INFO  com.datacomp.service.cpu.CpuCompressionService - Compression complete: 1048576 -> 1049224 bytes ({:.2f}%) in {:.2f}s ({:.2f} MB/s)
2025-11-09 18:33:47.931 [Test worker] INFO  com.datacomp.service.cpu.CpuCompressionService - Compressing test.bin (1048576 bytes) into 1 chunks
2025-11-09 18:33:47.985 [Test worker] INFO  com.datacomp.service.cpu.CpuCompressionService - Compression complete: 1048576 -> 1049224 bytes ({:.2f}%) in {:.2f}s ({:.2f} MB/s)
2025-11-09 18:33:47.985 [Test worker] INFO  com.datacomp.service.cpu.CpuCompressionService - Compressing test.bin (1048576 bytes) into 1 chunks
2025-11-09 18:33:48.039 [Test worker] INFO  com.datacomp.service.cpu.CpuCompressionService - Compression complete: 1048576 -> 1049224 bytes ({:.2f}%) in {:.2f}s ({:.2f} MB/s)
2025-11-09 18:33:48.040 [Test worker] INFO  com.datacomp.benchmark.BenchmarkSuite - Benchmark complete: CPU [CPU Compression]: 19.00 MB/s, 100.06% compression, 0.055s total
2025-11-09 18:33:48.050 [Test worker] WARN  com.datacomp.service.gpu.GpuFrequencyService - Failed to initialize TornadoVM device: null
2025-11-09 18:33:48.050 [Test worker] WARN  com.datacomp.service.gpu.GpuCompressionService - GPU not available, will use CPU fallback
2025-11-09 18:33:48.051 [Test worker] INFO  com.datacomp.benchmark.BenchmarkSuite - GPU not available, skipping GPU benchmark
2025-11-09 18:33:48.084 [Test worker] INFO  com.datacomp.service.cpu.CpuCompressionService - Compressing random.bin (10240 bytes) into 1 chunks
2025-11-09 18:33:48.107 [Test worker] INFO  com.datacomp.service.cpu.CpuCompressionService - Compression complete: 10240 -> 10889 bytes ({:.2f}%) in {:.2f}s ({:.2f} MB/s)
2025-11-09 18:33:48.108 [Test worker] INFO  com.datacomp.service.cpu.CpuCompressionService - Decompressing random.dcz to random.decompressed.bin
2025-11-09 18:33:48.119 [Test worker] INFO  com.datacomp.service.cpu.CpuCompressionService - Decompressing 1 chunks, original size: 10240 bytes
2025-11-09 18:33:48.124 [Test worker] INFO  com.datacomp.service.cpu.CpuCompressionService - Decompression complete: 10240 bytes in {:.2f}s ({:.2f} MB/s)
2025-11-09 18:33:48.142 [Test worker] INFO  com.datacomp.service.cpu.CpuCompressionService - Compressing test.txt (1300 bytes) into 1 chunks
2025-11-09 18:33:48.147 [Test worker] INFO  com.datacomp.service.cpu.CpuCompressionService - Compression complete: 1300 -> 1148 bytes ({:.2f}%) in {:.2f}s ({:.2f} MB/s)
2025-11-09 18:33:48.148 [Test worker] INFO  com.datacomp.service.cpu.CpuCompressionService - Decompressing test.dcz to test.decompressed.txt
2025-11-09 18:33:48.158 [Test worker] INFO  com.datacomp.service.cpu.CpuCompressionService - Decompressing 1 chunks, original size: 1300 bytes
2025-11-09 18:33:48.158 [Test worker] INFO  com.datacomp.service.cpu.CpuCompressionService - Decompression complete: 1300 bytes in {:.2f}s ({:.2f} MB/s)
2025-11-09 18:33:48.165 [Test worker] INFO  com.datacomp.service.cpu.CpuCompressionService - Compressing empty.txt (0 bytes) into 0 chunks
2025-11-09 18:33:48.168 [Test worker] INFO  com.datacomp.service.cpu.CpuCompressionService - Compression complete: 0 -> 77 bytes ({:.2f}%) in {:.2f}s ({:.2f} MB/s)
2025-11-09 18:33:48.168 [Test worker] INFO  com.datacomp.service.cpu.CpuCompressionService - Decompressing empty.dcz to empty.decompressed.txt
2025-11-09 18:33:48.179 [Test worker] INFO  com.datacomp.service.cpu.CpuCompressionService - Decompressing 0 chunks, original size: 0 bytes
2025-11-09 18:33:48.179 [Test worker] INFO  com.datacomp.service.cpu.CpuCompressionService - Decompression complete: 0 bytes in {:.2f}s ({:.2f} MB/s)
2025-11-09 18:33:48.199 [Test worker] INFO  com.datacomp.service.cpu.CpuCompressionService - Compressing large.bin (3145728 bytes) into 3 chunks
2025-11-09 18:33:48.272 [Test worker] INFO  com.datacomp.service.cpu.CpuCompressionService - Compression complete: 3145728 -> 3147521 bytes ({:.2f}%) in {:.2f}s ({:.2f} MB/s)
2025-11-09 18:33:48.274 [Test worker] INFO  com.datacomp.service.cpu.CpuCompressionService - Decompressing large.dcz to large.decompressed.bin
2025-11-09 18:33:48.286 [Test worker] INFO  com.datacomp.service.cpu.CpuCompressionService - Decompressing 3 chunks, original size: 3145728 bytes
2025-11-09 18:33:48.412 [Test worker] INFO  com.datacomp.service.cpu.CpuCompressionService - Decompression complete: 3145728 bytes in {:.2f}s ({:.2f} MB/s)
2025-11-09 18:33:48.438 [Test worker] INFO  com.datacomp.service.cpu.CpuCompressionService - Compressing test.txt (29 bytes) into 1 chunks
2025-11-09 18:33:48.442 [Test worker] INFO  com.datacomp.service.cpu.CpuCompressionService - Compression complete: 29 -> 663 bytes ({:.2f}%) in {:.2f}s ({:.2f} MB/s)
2025-11-09 18:33:48.485 [Test worker] WARN  com.datacomp.service.gpu.GpuFrequencyService - Failed to initialize TornadoVM device: Could not initialize class uk.ac.manchester.tornado.api.runtime.TornadoRuntimeProvider
2025-11-09 18:36:23.432 [JavaFX-Launcher] INFO  com.datacomp.ui.DataCompApp - Initializing DataComp application
2025-11-09 18:36:23.654 [JavaFX Application Thread] INFO  com.datacomp.ui.MainViewController - Initializing main view controller
2025-11-09 18:36:24.075 [JavaFX Application Thread] INFO  com.datacomp.service.gpu.GpuFrequencyService - Selected GPU device: NVIDIA GeForce RTX 3050 Ti Laptop GPU CL_DEVICE_TYPE_GPU (available)
2025-11-09 18:36:24.459 [JavaFX Application Thread] INFO  com.datacomp.service.gpu.GpuCompressionService - GPU compression service initialized: GPU (NVIDIA GeForce RTX 3050 Ti Laptop GPU CL_DEVICE_TYPE_GPU (available))
2025-11-09 18:36:24.480 [JavaFX Application Thread] INFO  com.datacomp.service.ServiceFactory - Using GPU compression service
2025-11-09 18:36:24.652 [JavaFX Application Thread] INFO  com.datacomp.ui.DataCompApp - Application started successfully
2025-11-09 18:36:30.860 [JavaFX Application Thread] INFO  com.datacomp.service.gpu.GpuFrequencyService - Selected GPU device: NVIDIA GeForce RTX 3050 Ti Laptop GPU CL_DEVICE_TYPE_GPU (available)
2025-11-09 18:36:30.879 [JavaFX Application Thread] INFO  com.datacomp.service.gpu.GpuCompressionService - GPU compression service initialized: GPU (NVIDIA GeForce RTX 3050 Ti Laptop GPU CL_DEVICE_TYPE_GPU (available))
2025-11-09 18:36:30.897 [JavaFX Application Thread] INFO  com.datacomp.service.ServiceFactory - Using GPU compression service
2025-11-09 18:36:55.880 [JavaFX Application Thread] INFO  com.datacomp.service.gpu.GpuFrequencyService - Selected GPU device: NVIDIA GeForce RTX 3050 Ti Laptop GPU CL_DEVICE_TYPE_GPU (available)
2025-11-09 18:36:55.905 [JavaFX Application Thread] INFO  com.datacomp.service.gpu.GpuCompressionService - GPU compression service initialized: GPU (NVIDIA GeForce RTX 3050 Ti Laptop GPU CL_DEVICE_TYPE_GPU (available))
2025-11-09 18:36:55.925 [JavaFX Application Thread] INFO  com.datacomp.service.ServiceFactory - Using GPU compression service
2025-11-09 18:36:55.955 [pool-2-thread-1] INFO  com.datacomp.service.cpu.CpuCompressionService - Compressing ubuntu-24.04.3-desktop-amd64.iso (0 bytes) into 0 chunks
2025-11-09 18:36:56.022 [pool-2-thread-1] INFO  com.datacomp.service.cpu.CpuCompressionService - Compression complete: 0 -> 100 bytes ({:.2f}%) in {:.2f}s ({:.2f} MB/s)
2025-11-09 18:37:07.414 [JavaFX Application Thread] INFO  com.datacomp.ui.DataCompApp - Application stopping
2025-11-09 18:37:24.420 [JavaFX-Launcher] INFO  com.datacomp.ui.DataCompApp - Initializing DataComp application
2025-11-09 18:37:24.640 [JavaFX Application Thread] INFO  com.datacomp.ui.MainViewController - Initializing main view controller
2025-11-09 18:37:25.029 [JavaFX Application Thread] INFO  com.datacomp.service.gpu.GpuFrequencyService - Selected GPU device: NVIDIA GeForce RTX 3050 Ti Laptop GPU CL_DEVICE_TYPE_GPU (available)
2025-11-09 18:37:25.408 [JavaFX Application Thread] INFO  com.datacomp.service.gpu.GpuCompressionService - GPU compression service initialized: GPU (NVIDIA GeForce RTX 3050 Ti Laptop GPU CL_DEVICE_TYPE_GPU (available))
2025-11-09 18:37:25.429 [JavaFX Application Thread] INFO  com.datacomp.service.ServiceFactory - Using GPU compression service
2025-11-09 18:37:25.593 [JavaFX Application Thread] INFO  com.datacomp.ui.DataCompApp - Application started successfully
2025-11-09 18:37:29.676 [JavaFX Application Thread] INFO  com.datacomp.service.gpu.GpuFrequencyService - Selected GPU device: NVIDIA GeForce RTX 3050 Ti Laptop GPU CL_DEVICE_TYPE_GPU (available)
2025-11-09 18:37:29.695 [JavaFX Application Thread] INFO  com.datacomp.service.gpu.GpuCompressionService - GPU compression service initialized: GPU (NVIDIA GeForce RTX 3050 Ti Laptop GPU CL_DEVICE_TYPE_GPU (available))
2025-11-09 18:37:29.712 [JavaFX Application Thread] INFO  com.datacomp.service.ServiceFactory - Using GPU compression service
2025-11-09 18:40:07.655 [JavaFX Application Thread] INFO  com.datacomp.ui.SettingsController - Settings loaded from configuration
2025-11-09 18:40:32.256 [JavaFX Application Thread] INFO  com.datacomp.ui.SettingsController - GPU auto-detect: true
2025-11-09 18:40:32.257 [JavaFX Application Thread] INFO  com.datacomp.ui.SettingsController - GPU fallback on error: true
2025-11-09 18:40:32.257 [JavaFX Application Thread] INFO  com.datacomp.ui.SettingsController - Preferred device: any
2025-11-09 18:40:32.257 [JavaFX Application Thread] INFO  com.datacomp.ui.SettingsController - Chunk size: 512 MB
2025-11-09 18:40:32.257 [JavaFX Application Thread] INFO  com.datacomp.ui.SettingsController - Verify after compression: true
2025-11-09 18:40:32.257 [JavaFX Application Thread] INFO  com.datacomp.ui.SettingsController - Keep original file: true
2025-11-09 18:40:32.265 [JavaFX Application Thread] INFO  com.datacomp.ui.SettingsController - Theme applied: dark
2025-11-09 18:40:32.265 [JavaFX Application Thread] INFO  com.datacomp.ui.SettingsController - Theme: dark
2025-11-09 18:40:32.265 [JavaFX Application Thread] INFO  com.datacomp.ui.SettingsController - Enable animations: true
2025-11-09 18:40:33.693 [JavaFX Application Thread] INFO  com.datacomp.ui.SettingsController - Settings saved successfully
2025-11-09 18:40:34.748 [JavaFX Application Thread] INFO  com.datacomp.service.gpu.GpuFrequencyService - Selected GPU device: NVIDIA GeForce RTX 3050 Ti Laptop GPU CL_DEVICE_TYPE_GPU (available)
2025-11-09 18:40:34.767 [JavaFX Application Thread] INFO  com.datacomp.service.gpu.GpuCompressionService - GPU compression service initialized: GPU (NVIDIA GeForce RTX 3050 Ti Laptop GPU CL_DEVICE_TYPE_GPU (available))
2025-11-09 18:40:34.785 [JavaFX Application Thread] INFO  com.datacomp.service.ServiceFactory - Using GPU compression service
2025-11-09 18:41:24.196 [JavaFX Application Thread] INFO  com.datacomp.service.gpu.GpuFrequencyService - Selected GPU device: NVIDIA GeForce RTX 3050 Ti Laptop GPU CL_DEVICE_TYPE_GPU (available)
2025-11-09 18:41:24.220 [JavaFX Application Thread] INFO  com.datacomp.service.gpu.GpuCompressionService - GPU compression service initialized: GPU (NVIDIA GeForce RTX 3050 Ti Laptop GPU CL_DEVICE_TYPE_GPU (available))
2025-11-09 18:41:24.244 [JavaFX Application Thread] INFO  com.datacomp.service.ServiceFactory - Using GPU compression service
2025-11-09 18:41:24.250 [pool-3-thread-1] INFO  com.datacomp.service.cpu.CpuCompressionService - Decompressing indexmultimedia.pdf.dcz to indexmultimedia.pdf
2025-11-09 18:41:24.254 [pool-3-thread-1] INFO  com.datacomp.service.cpu.CpuCompressionService - Decompressing 1 chunks, original size: 33011 bytes
2025-11-09 18:41:24.273 [pool-3-thread-1] INFO  com.datacomp.service.cpu.CpuCompressionService - Decompression complete: 33011 bytes in {:.2f}s ({:.2f} MB/s)
2025-11-09 18:41:41.747 [JavaFX Application Thread] INFO  com.datacomp.service.gpu.GpuFrequencyService - Selected GPU device: NVIDIA GeForce RTX 3050 Ti Laptop GPU CL_DEVICE_TYPE_GPU (available)
2025-11-09 18:41:41.771 [JavaFX Application Thread] INFO  com.datacomp.service.gpu.GpuCompressionService - GPU compression service initialized: GPU (NVIDIA GeForce RTX 3050 Ti Laptop GPU CL_DEVICE_TYPE_GPU (available))
2025-11-09 18:41:41.791 [JavaFX Application Thread] INFO  com.datacomp.service.ServiceFactory - Using GPU compression service
2025-11-09 18:41:50.999 [JavaFX Application Thread] INFO  com.datacomp.service.gpu.GpuFrequencyService - Selected GPU device: NVIDIA GeForce RTX 3050 Ti Laptop GPU CL_DEVICE_TYPE_GPU (available)
2025-11-09 18:41:51.017 [JavaFX Application Thread] INFO  com.datacomp.service.gpu.GpuCompressionService - GPU compression service initialized: GPU (NVIDIA GeForce RTX 3050 Ti Laptop GPU CL_DEVICE_TYPE_GPU (available))
2025-11-09 18:41:51.034 [JavaFX Application Thread] INFO  com.datacomp.service.ServiceFactory - Using GPU compression service
2025-11-09 18:42:00.796 [JavaFX Application Thread] INFO  com.datacomp.service.gpu.GpuFrequencyService - Selected GPU device: NVIDIA GeForce RTX 3050 Ti Laptop GPU CL_DEVICE_TYPE_GPU (available)
2025-11-09 18:42:00.819 [JavaFX Application Thread] INFO  com.datacomp.service.gpu.GpuCompressionService - GPU compression service initialized: GPU (NVIDIA GeForce RTX 3050 Ti Laptop GPU CL_DEVICE_TYPE_GPU (available))
2025-11-09 18:42:00.834 [JavaFX Application Thread] INFO  com.datacomp.service.ServiceFactory - Using GPU compression service
2025-11-09 18:42:00.867 [pool-5-thread-1] INFO  com.datacomp.service.cpu.CpuCompressionService - Compressing ubuntu-24.04.3-desktop-amd64.iso (0 bytes) into 0 chunks
2025-11-09 18:42:00.937 [pool-5-thread-1] INFO  com.datacomp.service.cpu.CpuCompressionService - Compression complete: 0 -> 100 bytes ({:.2f}%) in {:.2f}s ({:.2f} MB/s)
2025-11-09 18:42:04.254 [JavaFX Application Thread] INFO  com.datacomp.ui.DataCompApp - Application stopping
2025-11-09 18:49:10.589 [Test worker] INFO  com.datacomp.service.cpu.CpuCompressionService - Compressing random.bin (10240 bytes, {:.2f} GB) into 9.5367431640625E-6 chunks
2025-11-09 18:49:10.593 [Test worker] INFO  com.datacomp.service.cpu.CpuCompressionService - Phase 1: Compressing chunks to temporary file...
2025-11-09 18:49:10.613 [Test worker] INFO  com.datacomp.service.cpu.CpuCompressionService - Chunk 1/1 compressed: 10240 -> 10239 bytes (ratio: {:.2f}%, 99.990234375ms)
2025-11-09 18:49:10.614 [Test worker] INFO  com.datacomp.service.cpu.CpuCompressionService - Phase 1 complete: 10239 bytes compressed to temp file
2025-11-09 18:49:10.615 [Test worker] INFO  com.datacomp.service.cpu.CpuCompressionService - Phase 2: Writing final compressed file...
2025-11-09 18:49:10.616 [Test worker] INFO  com.datacomp.service.cpu.CpuCompressionService - Header written (1 chunks metadata)
2025-11-09 18:49:10.626 [Test worker] INFO  com.datacomp.service.cpu.CpuCompressionService - Copied 10239 bytes of compressed data to final file
2025-11-09 18:49:10.628 [Test worker] INFO  com.datacomp.service.cpu.CpuCompressionService - Compression complete: 10240 -> 10889 bytes ({:.2f}%) in {:.2f}s ({:.2f} MB/s)
2025-11-09 18:49:10.629 [Test worker] INFO  com.datacomp.service.cpu.CpuCompressionService - Decompressing random.dcz to random.decompressed.bin
2025-11-09 18:49:10.629 [Test worker] INFO  com.datacomp.service.cpu.CpuCompressionService - Input file size: 10889 bytes ({:.2f} GB)
2025-11-09 18:49:10.638 [Test worker] INFO  com.datacomp.service.cpu.CpuCompressionService - Reading compression header...
2025-11-09 18:49:10.638 [Test worker] INFO  com.datacomp.service.cpu.CpuCompressionService - Decompressing 1 chunks, original size: 10240 bytes ({:.2f} GB)
2025-11-09 18:49:10.638 [Test worker] INFO  com.datacomp.service.cpu.CpuCompressionService - Decompressing chunk 1/1: offset=0, compressedSize=10239, originalSize=10240
2025-11-09 18:49:10.642 [Test worker] INFO  com.datacomp.service.cpu.CpuCompressionService - Chunk 1/1 decompressed: 10240 bytes (4ms, checksum OK)
2025-11-09 18:49:10.648 [Test worker] INFO  com.datacomp.service.cpu.CpuCompressionService - Decompression complete: 10240 bytes in {:.2f}s ({:.2f} MB/s)
2025-11-09 18:49:10.649 [Test worker] INFO  com.datacomp.service.cpu.CpuCompressionService - File integrity verified - decompressed 10240 bytes successfully
2025-11-09 18:49:10.676 [Test worker] INFO  com.datacomp.service.cpu.CpuCompressionService - Compressing test.txt (1300 bytes, {:.2f} GB) into 1.210719347000122E-6 chunks
2025-11-09 18:49:10.677 [Test worker] INFO  com.datacomp.service.cpu.CpuCompressionService - Phase 1: Compressing chunks to temporary file...
2025-11-09 18:49:10.680 [Test worker] INFO  com.datacomp.service.cpu.CpuCompressionService - Chunk 1/1 compressed: 1300 -> 500 bytes (ratio: {:.2f}%, 38.46153846153847ms)
2025-11-09 18:49:10.681 [Test worker] INFO  com.datacomp.service.cpu.CpuCompressionService - Phase 1 complete: 500 bytes compressed to temp file
2025-11-09 18:49:10.681 [Test worker] INFO  com.datacomp.service.cpu.CpuCompressionService - Phase 2: Writing final compressed file...
2025-11-09 18:49:10.682 [Test worker] INFO  com.datacomp.service.cpu.CpuCompressionService - Header written (1 chunks metadata)
2025-11-09 18:49:10.683 [Test worker] INFO  com.datacomp.service.cpu.CpuCompressionService - Copied 500 bytes of compressed data to final file
2025-11-09 18:49:10.684 [Test worker] INFO  com.datacomp.service.cpu.CpuCompressionService - Compression complete: 1300 -> 1148 bytes ({:.2f}%) in {:.2f}s ({:.2f} MB/s)
2025-11-09 18:49:10.685 [Test worker] INFO  com.datacomp.service.cpu.CpuCompressionService - Decompressing test.dcz to test.decompressed.txt
2025-11-09 18:49:10.687 [Test worker] INFO  com.datacomp.service.cpu.CpuCompressionService - Input file size: 1148 bytes ({:.2f} GB)
2025-11-09 18:49:10.699 [Test worker] INFO  com.datacomp.service.cpu.CpuCompressionService - Reading compression header...
2025-11-09 18:49:10.699 [Test worker] INFO  com.datacomp.service.cpu.CpuCompressionService - Decompressing 1 chunks, original size: 1300 bytes ({:.2f} GB)
2025-11-09 18:49:10.700 [Test worker] INFO  com.datacomp.service.cpu.CpuCompressionService - Decompressing chunk 1/1: offset=0, compressedSize=500, originalSize=1300
2025-11-09 18:49:10.700 [Test worker] INFO  com.datacomp.service.cpu.CpuCompressionService - Chunk 1/1 decompressed: 1300 bytes (0ms, checksum OK)
2025-11-09 18:49:10.702 [Test worker] INFO  com.datacomp.service.cpu.CpuCompressionService - Decompression complete: 1300 bytes in {:.2f}s ({:.2f} MB/s)
2025-11-09 18:49:10.702 [Test worker] INFO  com.datacomp.service.cpu.CpuCompressionService - File integrity verified - decompressed 1300 bytes successfully
2025-11-09 18:49:10.710 [Test worker] INFO  com.datacomp.service.cpu.CpuCompressionService - Compressing empty.txt (0 bytes, {:.2f} GB) into 0.0 chunks
2025-11-09 18:49:10.710 [Test worker] INFO  com.datacomp.service.cpu.CpuCompressionService - Phase 1: Compressing chunks to temporary file...
2025-11-09 18:49:10.712 [Test worker] ERROR com.datacomp.service.cpu.CpuCompressionService - Compression failed for file: C:\Users\Lenovo\AppData\Local\Temp\junit6310330484614211541\empty.txt
java.io.IOException: Temporary compressed file is empty (0 bytes)
	at com.datacomp.service.cpu.CpuCompressionService.compress(CpuCompressionService.java:147)
	at com.datacomp.service.cpu.CpuCompressionServiceTest.testCompressDecompressEmptyFile(CpuCompressionServiceTest.java:89)
	at java.base/jdk.internal.reflect.DirectMethodHandleAccessor.invoke(DirectMethodHandleAccessor.java:103)
	at java.base/java.lang.reflect.Method.invoke(Method.java:580)
	at org.junit.platform.commons.util.ReflectionUtils.invokeMethod(ReflectionUtils.java:728)
	at org.junit.jupiter.engine.execution.MethodInvocation.proceed(MethodInvocation.java:60)
	at org.junit.jupiter.engine.execution.InvocationInterceptorChain$ValidatingInvocation.proceed(InvocationInterceptorChain.java:131)
	at org.junit.jupiter.engine.extension.TimeoutExtension.intercept(TimeoutExtension.java:156)
	at org.junit.jupiter.engine.extension.TimeoutExtension.interceptTestableMethod(TimeoutExtension.java:147)
	at org.junit.jupiter.engine.extension.TimeoutExtension.interceptTestMethod(TimeoutExtension.java:86)
	at org.junit.jupiter.engine.execution.InterceptingExecutableInvoker$ReflectiveInterceptorCall.lambda$ofVoidMethod$0(InterceptingExecutableInvoker.java:103)
	at org.junit.jupiter.engine.execution.InterceptingExecutableInvoker.lambda$invoke$0(InterceptingExecutableInvoker.java:93)
	at org.junit.jupiter.engine.execution.InvocationInterceptorChain$InterceptedInvocation.proceed(InvocationInterceptorChain.java:106)
	at org.junit.jupiter.engine.execution.InvocationInterceptorChain.proceed(InvocationInterceptorChain.java:64)
	at org.junit.jupiter.engine.execution.InvocationInterceptorChain.chainAndInvoke(InvocationInterceptorChain.java:45)
	at org.junit.jupiter.engine.execution.InvocationInterceptorChain.invoke(InvocationInterceptorChain.java:37)
	at org.junit.jupiter.engine.execution.InterceptingExecutableInvoker.invoke(InterceptingExecutableInvoker.java:92)
	at org.junit.jupiter.engine.execution.InterceptingExecutableInvoker.invoke(InterceptingExecutableInvoker.java:86)
	at org.junit.jupiter.engine.descriptor.TestMethodTestDescriptor.lambda$invokeTestMethod$7(TestMethodTestDescriptor.java:218)
	at org.junit.platform.engine.support.hierarchical.ThrowableCollector.execute(ThrowableCollector.java:73)
	at org.junit.jupiter.engine.descriptor.TestMethodTestDescriptor.invokeTestMethod(TestMethodTestDescriptor.java:214)
	at org.junit.jupiter.engine.descriptor.TestMethodTestDescriptor.execute(TestMethodTestDescriptor.java:139)
	at org.junit.jupiter.engine.descriptor.TestMethodTestDescriptor.execute(TestMethodTestDescriptor.java:69)
	at org.junit.platform.engine.support.hierarchical.NodeTestTask.lambda$executeRecursively$6(NodeTestTask.java:151)
	at org.junit.platform.engine.support.hierarchical.ThrowableCollector.execute(ThrowableCollector.java:73)
	at org.junit.platform.engine.support.hierarchical.NodeTestTask.lambda$executeRecursively$8(NodeTestTask.java:141)
	at org.junit.platform.engine.support.hierarchical.Node.around(Node.java:137)
	at org.junit.platform.engine.support.hierarchical.NodeTestTask.lambda$executeRecursively$9(NodeTestTask.java:139)
	at org.junit.platform.engine.support.hierarchical.ThrowableCollector.execute(ThrowableCollector.java:73)
	at org.junit.platform.engine.support.hierarchical.NodeTestTask.executeRecursively(NodeTestTask.java:138)
	at org.junit.platform.engine.support.hierarchical.NodeTestTask.execute(NodeTestTask.java:95)
	at java.base/java.util.ArrayList.forEach(ArrayList.java:1596)
	at org.junit.platform.engine.support.hierarchical.SameThreadHierarchicalTestExecutorService.invokeAll(SameThreadHierarchicalTestExecutorService.java:41)
	at org.junit.platform.engine.support.hierarchical.NodeTestTask.lambda$executeRecursively$6(NodeTestTask.java:155)
	at org.junit.platform.engine.support.hierarchical.ThrowableCollector.execute(ThrowableCollector.java:73)
	at org.junit.platform.engine.support.hierarchical.NodeTestTask.lambda$executeRecursively$8(NodeTestTask.java:141)
	at org.junit.platform.engine.support.hierarchical.Node.around(Node.java:137)
	at org.junit.platform.engine.support.hierarchical.NodeTestTask.lambda$executeRecursively$9(NodeTestTask.java:139)
	at org.junit.platform.engine.support.hierarchical.ThrowableCollector.execute(ThrowableCollector.java:73)
	at org.junit.platform.engine.support.hierarchical.NodeTestTask.executeRecursively(NodeTestTask.java:138)
	at org.junit.platform.engine.support.hierarchical.NodeTestTask.execute(NodeTestTask.java:95)
	at java.base/java.util.ArrayList.forEach(ArrayList.java:1596)
	at org.junit.platform.engine.support.hierarchical.SameThreadHierarchicalTestExecutorService.invokeAll(SameThreadHierarchicalTestExecutorService.java:41)
	at org.junit.platform.engine.support.hierarchical.NodeTestTask.lambda$executeRecursively$6(NodeTestTask.java:155)
	at org.junit.platform.engine.support.hierarchical.ThrowableCollector.execute(ThrowableCollector.java:73)
	at org.junit.platform.engine.support.hierarchical.NodeTestTask.lambda$executeRecursively$8(NodeTestTask.java:141)
	at org.junit.platform.engine.support.hierarchical.Node.around(Node.java:137)
	at org.junit.platform.engine.support.hierarchical.NodeTestTask.lambda$executeRecursively$9(NodeTestTask.java:139)
	at org.junit.platform.engine.support.hierarchical.ThrowableCollector.execute(ThrowableCollector.java:73)
	at org.junit.platform.engine.support.hierarchical.NodeTestTask.executeRecursively(NodeTestTask.java:138)
	at org.junit.platform.engine.support.hierarchical.NodeTestTask.execute(NodeTestTask.java:95)
	at org.junit.platform.engine.support.hierarchical.SameThreadHierarchicalTestExecutorService.submit(SameThreadHierarchicalTestExecutorService.java:35)
	at org.junit.platform.engine.support.hierarchical.HierarchicalTestExecutor.execute(HierarchicalTestExecutor.java:57)
	at org.junit.platform.engine.support.hierarchical.HierarchicalTestEngine.execute(HierarchicalTestEngine.java:54)
	at org.junit.platform.launcher.core.EngineExecutionOrchestrator.execute(EngineExecutionOrchestrator.java:198)
	at org.junit.platform.launcher.core.EngineExecutionOrchestrator.execute(EngineExecutionOrchestrator.java:169)
	at org.junit.platform.launcher.core.EngineExecutionOrchestrator.execute(EngineExecutionOrchestrator.java:93)
	at org.junit.platform.launcher.core.EngineExecutionOrchestrator.lambda$execute$0(EngineExecutionOrchestrator.java:58)
	at org.junit.platform.launcher.core.EngineExecutionOrchestrator.withInterceptedStreams(EngineExecutionOrchestrator.java:141)
	at org.junit.platform.launcher.core.EngineExecutionOrchestrator.execute(EngineExecutionOrchestrator.java:57)
	at org.junit.platform.launcher.core.DefaultLauncher.execute(DefaultLauncher.java:103)
	at org.junit.platform.launcher.core.DefaultLauncher.execute(DefaultLauncher.java:85)
	at org.junit.platform.launcher.core.DelegatingLauncher.execute(DelegatingLauncher.java:47)
	at org.gradle.api.internal.tasks.testing.junitplatform.JUnitPlatformTestClassProcessor$CollectAllTestClassesExecutor.processAllTestClasses(JUnitPlatformTestClassProcessor.java:124)
	at org.gradle.api.internal.tasks.testing.junitplatform.JUnitPlatformTestClassProcessor$CollectAllTestClassesExecutor.access$000(JUnitPlatformTestClassProcessor.java:99)
	at org.gradle.api.internal.tasks.testing.junitplatform.JUnitPlatformTestClassProcessor.stop(JUnitPlatformTestClassProcessor.java:94)
	at org.gradle.api.internal.tasks.testing.SuiteTestClassProcessor.stop(SuiteTestClassProcessor.java:63)
	at java.base/jdk.internal.reflect.DirectMethodHandleAccessor.invoke(DirectMethodHandleAccessor.java:103)
	at java.base/java.lang.reflect.Method.invoke(Method.java:580)
	at org.gradle.internal.dispatch.ReflectionDispatch.dispatch(ReflectionDispatch.java:36)
	at org.gradle.internal.dispatch.ReflectionDispatch.dispatch(ReflectionDispatch.java:24)
	at org.gradle.internal.dispatch.ContextClassLoaderDispatch.dispatch(ContextClassLoaderDispatch.java:33)
	at org.gradle.internal.dispatch.ProxyDispatchAdapter$DispatchingInvocationHandler.invoke(ProxyDispatchAdapter.java:92)
	at jdk.proxy1/jdk.proxy1.$Proxy4.stop(Unknown Source)
	at org.gradle.api.internal.tasks.testing.worker.TestWorker$3.run(TestWorker.java:200)
	at org.gradle.api.internal.tasks.testing.worker.TestWorker.executeAndMaintainThreadName(TestWorker.java:132)
	at org.gradle.api.internal.tasks.testing.worker.TestWorker.execute(TestWorker.java:103)
	at org.gradle.api.internal.tasks.testing.worker.TestWorker.execute(TestWorker.java:63)
	at org.gradle.process.internal.worker.child.ActionExecutionWorker.execute(ActionExecutionWorker.java:56)
	at org.gradle.process.internal.worker.child.SystemApplicationClassLoaderWorker.call(SystemApplicationClassLoaderWorker.java:122)
	at org.gradle.process.internal.worker.child.SystemApplicationClassLoaderWorker.call(SystemApplicationClassLoaderWorker.java:72)
	at worker.org.gradle.process.internal.worker.GradleWorkerMain.run(GradleWorkerMain.java:69)
	at worker.org.gradle.process.internal.worker.GradleWorkerMain.main(GradleWorkerMain.java:74)
2025-11-09 18:49:10.717 [Test worker] ERROR com.datacomp.service.cpu.CpuCompressionService - File size: 0 bytes, Chunks: 0
2025-11-09 18:49:10.718 [Test worker] ERROR com.datacomp.service.cpu.CpuCompressionService - Temp file exists: true, Output exists: false
2025-11-09 18:49:10.743 [Test worker] INFO  com.datacomp.service.cpu.CpuCompressionService - Compressing large.bin (3145728 bytes, {:.2f} GB) into 0.0029296875 chunks
2025-11-09 18:49:10.743 [Test worker] INFO  com.datacomp.service.cpu.CpuCompressionService - Phase 1: Compressing chunks to temporary file...
2025-11-09 18:49:10.799 [Test worker] INFO  com.datacomp.service.cpu.CpuCompressionService - Chunk 1/3 compressed: 1048576 -> 1048576 bytes (ratio: {:.2f}%, 100.0ms)
2025-11-09 18:49:10.817 [Test worker] INFO  com.datacomp.service.cpu.CpuCompressionService - Chunk 2/3 compressed: 1048576 -> 1048576 bytes (ratio: {:.2f}%, 100.0ms)
2025-11-09 18:49:10.833 [Test worker] INFO  com.datacomp.service.cpu.CpuCompressionService - Chunk 3/3 compressed: 1048576 -> 1048576 bytes (ratio: {:.2f}%, 100.0ms)
2025-11-09 18:49:10.833 [Test worker] INFO  com.datacomp.service.cpu.CpuCompressionService - Phase 1 complete: 3145728 bytes compressed to temp file
2025-11-09 18:49:10.834 [Test worker] INFO  com.datacomp.service.cpu.CpuCompressionService - Phase 2: Writing final compressed file...
2025-11-09 18:49:10.834 [Test worker] INFO  com.datacomp.service.cpu.CpuCompressionService - Header written (3 chunks metadata)
2025-11-09 18:49:10.844 [Test worker] INFO  com.datacomp.service.cpu.CpuCompressionService - Copied 3145728 bytes of compressed data to final file
2025-11-09 18:49:10.845 [Test worker] INFO  com.datacomp.service.cpu.CpuCompressionService - Compression complete: 3145728 -> 3147521 bytes ({:.2f}%) in {:.2f}s ({:.2f} MB/s)
2025-11-09 18:49:10.845 [Test worker] INFO  com.datacomp.service.cpu.CpuCompressionService - Decompressing large.dcz to large.decompressed.bin
2025-11-09 18:49:10.846 [Test worker] INFO  com.datacomp.service.cpu.CpuCompressionService - Input file size: 3147521 bytes ({:.2f} GB)
2025-11-09 18:49:10.855 [Test worker] INFO  com.datacomp.service.cpu.CpuCompressionService - Reading compression header...
2025-11-09 18:49:10.856 [Test worker] INFO  com.datacomp.service.cpu.CpuCompressionService - Decompressing 3 chunks, original size: 3145728 bytes ({:.2f} GB)
2025-11-09 18:49:10.857 [Test worker] INFO  com.datacomp.service.cpu.CpuCompressionService - Decompressing chunk 1/3: offset=0, compressedSize=1048576, originalSize=1048576
2025-11-09 18:49:10.897 [Test worker] INFO  com.datacomp.service.cpu.CpuCompressionService - Chunk 1/3 decompressed: 1048576 bytes (40ms, checksum OK)
2025-11-09 18:49:10.897 [Test worker] INFO  com.datacomp.service.cpu.CpuCompressionService - Decompressing chunk 2/3: offset=1048576, compressedSize=1048576, originalSize=1048576
2025-11-09 18:49:10.937 [Test worker] INFO  com.datacomp.service.cpu.CpuCompressionService - Chunk 2/3 decompressed: 1048576 bytes (40ms, checksum OK)
2025-11-09 18:49:10.937 [Test worker] INFO  com.datacomp.service.cpu.CpuCompressionService - Decompressing chunk 3/3: offset=2097152, compressedSize=1048576, originalSize=1048576
2025-11-09 18:49:10.976 [Test worker] INFO  com.datacomp.service.cpu.CpuCompressionService - Chunk 3/3 decompressed: 1048576 bytes (39ms, checksum OK)
2025-11-09 18:49:10.983 [Test worker] INFO  com.datacomp.service.cpu.CpuCompressionService - Decompression complete: 3145728 bytes in {:.2f}s ({:.2f} MB/s)
2025-11-09 18:49:10.984 [Test worker] INFO  com.datacomp.service.cpu.CpuCompressionService - File integrity verified - decompressed 3145728 bytes successfully
2025-11-09 18:49:11.003 [Test worker] INFO  com.datacomp.service.cpu.CpuCompressionService - Compressing test.txt (29 bytes, {:.2f} GB) into 2.7008354663848877E-8 chunks
2025-11-09 18:49:11.004 [Test worker] INFO  com.datacomp.service.cpu.CpuCompressionService - Phase 1: Compressing chunks to temporary file...
2025-11-09 18:49:11.005 [Test worker] INFO  com.datacomp.service.cpu.CpuCompressionService - Chunk 1/1 compressed: 29 -> 15 bytes (ratio: {:.2f}%, 51.724137931034484ms)
2025-11-09 18:49:11.006 [Test worker] INFO  com.datacomp.service.cpu.CpuCompressionService - Phase 1 complete: 15 bytes compressed to temp file
2025-11-09 18:49:11.006 [Test worker] INFO  com.datacomp.service.cpu.CpuCompressionService - Phase 2: Writing final compressed file...
2025-11-09 18:49:11.008 [Test worker] INFO  com.datacomp.service.cpu.CpuCompressionService - Header written (1 chunks metadata)
2025-11-09 18:49:11.009 [Test worker] INFO  com.datacomp.service.cpu.CpuCompressionService - Copied 15 bytes of compressed data to final file
2025-11-09 18:49:11.010 [Test worker] INFO  com.datacomp.service.cpu.CpuCompressionService - Compression complete: 29 -> 663 bytes ({:.2f}%) in {:.2f}s ({:.2f} MB/s)
2025-11-09 18:49:57.679 [Test worker] INFO  com.datacomp.service.cpu.CpuCompressionService - Compressing random.bin (10240 bytes, {:.2f} GB) into 9.5367431640625E-6 chunks
2025-11-09 18:49:57.684 [Test worker] INFO  com.datacomp.service.cpu.CpuCompressionService - Phase 1: Compressing chunks to temporary file...
2025-11-09 18:49:57.704 [Test worker] INFO  com.datacomp.service.cpu.CpuCompressionService - Chunk 1/1 compressed: 10240 -> 10239 bytes (ratio: {:.2f}%, 99.990234375ms)
2025-11-09 18:49:57.706 [Test worker] INFO  com.datacomp.service.cpu.CpuCompressionService - Phase 1 complete: 10239 bytes compressed to temp file
2025-11-09 18:49:57.706 [Test worker] INFO  com.datacomp.service.cpu.CpuCompressionService - Phase 2: Writing final compressed file...
2025-11-09 18:49:57.707 [Test worker] INFO  com.datacomp.service.cpu.CpuCompressionService - Header written (1 chunks metadata)
2025-11-09 18:49:57.717 [Test worker] INFO  com.datacomp.service.cpu.CpuCompressionService - Copied 10239 bytes of compressed data to final file
2025-11-09 18:49:57.718 [Test worker] INFO  com.datacomp.service.cpu.CpuCompressionService - Compression complete: 10240 -> 10889 bytes ({:.2f}%) in {:.2f}s ({:.2f} MB/s)
2025-11-09 18:49:57.718 [Test worker] INFO  com.datacomp.service.cpu.CpuCompressionService - Decompressing random.dcz to random.decompressed.bin
2025-11-09 18:49:57.719 [Test worker] INFO  com.datacomp.service.cpu.CpuCompressionService - Input file size: 10889 bytes ({:.2f} GB)
2025-11-09 18:49:57.727 [Test worker] INFO  com.datacomp.service.cpu.CpuCompressionService - Reading compression header...
2025-11-09 18:49:57.728 [Test worker] INFO  com.datacomp.service.cpu.CpuCompressionService - Decompressing 1 chunks, original size: 10240 bytes ({:.2f} GB)
2025-11-09 18:49:57.728 [Test worker] INFO  com.datacomp.service.cpu.CpuCompressionService - Decompressing chunk 1/1: offset=0, compressedSize=10239, originalSize=10240
2025-11-09 18:49:57.735 [Test worker] INFO  com.datacomp.service.cpu.CpuCompressionService - Chunk 1/1 decompressed: 10240 bytes (7ms, checksum OK)
2025-11-09 18:49:57.737 [Test worker] INFO  com.datacomp.service.cpu.CpuCompressionService - Decompression complete: 10240 bytes in {:.2f}s ({:.2f} MB/s)
2025-11-09 18:49:57.738 [Test worker] INFO  com.datacomp.service.cpu.CpuCompressionService - File integrity verified - decompressed 10240 bytes successfully
2025-11-09 18:49:57.766 [Test worker] INFO  com.datacomp.service.cpu.CpuCompressionService - Compressing test.txt (1300 bytes, {:.2f} GB) into 1.210719347000122E-6 chunks
2025-11-09 18:49:57.767 [Test worker] INFO  com.datacomp.service.cpu.CpuCompressionService - Phase 1: Compressing chunks to temporary file...
2025-11-09 18:49:57.770 [Test worker] INFO  com.datacomp.service.cpu.CpuCompressionService - Chunk 1/1 compressed: 1300 -> 500 bytes (ratio: {:.2f}%, 38.46153846153847ms)
2025-11-09 18:49:57.771 [Test worker] INFO  com.datacomp.service.cpu.CpuCompressionService - Phase 1 complete: 500 bytes compressed to temp file
2025-11-09 18:49:57.771 [Test worker] INFO  com.datacomp.service.cpu.CpuCompressionService - Phase 2: Writing final compressed file...
2025-11-09 18:49:57.772 [Test worker] INFO  com.datacomp.service.cpu.CpuCompressionService - Header written (1 chunks metadata)
2025-11-09 18:49:57.774 [Test worker] INFO  com.datacomp.service.cpu.CpuCompressionService - Copied 500 bytes of compressed data to final file
2025-11-09 18:49:57.775 [Test worker] INFO  com.datacomp.service.cpu.CpuCompressionService - Compression complete: 1300 -> 1148 bytes ({:.2f}%) in {:.2f}s ({:.2f} MB/s)
2025-11-09 18:49:57.776 [Test worker] INFO  com.datacomp.service.cpu.CpuCompressionService - Decompressing test.dcz to test.decompressed.txt
2025-11-09 18:49:57.776 [Test worker] INFO  com.datacomp.service.cpu.CpuCompressionService - Input file size: 1148 bytes ({:.2f} GB)
2025-11-09 18:49:57.786 [Test worker] INFO  com.datacomp.service.cpu.CpuCompressionService - Reading compression header...
2025-11-09 18:49:57.787 [Test worker] INFO  com.datacomp.service.cpu.CpuCompressionService - Decompressing 1 chunks, original size: 1300 bytes ({:.2f} GB)
2025-11-09 18:49:57.787 [Test worker] INFO  com.datacomp.service.cpu.CpuCompressionService - Decompressing chunk 1/1: offset=0, compressedSize=500, originalSize=1300
2025-11-09 18:49:57.787 [Test worker] INFO  com.datacomp.service.cpu.CpuCompressionService - Chunk 1/1 decompressed: 1300 bytes (0ms, checksum OK)
2025-11-09 18:49:57.789 [Test worker] INFO  com.datacomp.service.cpu.CpuCompressionService - Decompression complete: 1300 bytes in {:.2f}s ({:.2f} MB/s)
2025-11-09 18:49:57.789 [Test worker] INFO  com.datacomp.service.cpu.CpuCompressionService - File integrity verified - decompressed 1300 bytes successfully
2025-11-09 18:49:57.797 [Test worker] INFO  com.datacomp.service.cpu.CpuCompressionService - Compressing empty.txt (0 bytes, {:.2f} GB) into 0.0 chunks
2025-11-09 18:49:57.798 [Test worker] INFO  com.datacomp.service.cpu.CpuCompressionService - Phase 1: Compressing chunks to temporary file...
2025-11-09 18:49:57.800 [Test worker] INFO  com.datacomp.service.cpu.CpuCompressionService - Phase 1 complete: 0 bytes compressed to temp file
2025-11-09 18:49:57.800 [Test worker] INFO  com.datacomp.service.cpu.CpuCompressionService - Phase 2: Writing final compressed file...
2025-11-09 18:49:57.801 [Test worker] INFO  com.datacomp.service.cpu.CpuCompressionService - Header written (0 chunks metadata)
2025-11-09 18:49:57.801 [Test worker] INFO  com.datacomp.service.cpu.CpuCompressionService - Copied 0 bytes of compressed data to final file
2025-11-09 18:49:57.802 [Test worker] INFO  com.datacomp.service.cpu.CpuCompressionService - Compression complete: 0 -> 77 bytes ({:.2f}%) in {:.2f}s ({:.2f} MB/s)
2025-11-09 18:49:57.802 [Test worker] INFO  com.datacomp.service.cpu.CpuCompressionService - Decompressing empty.dcz to empty.decompressed.txt
2025-11-09 18:49:57.802 [Test worker] INFO  com.datacomp.service.cpu.CpuCompressionService - Input file size: 77 bytes ({:.2f} GB)
2025-11-09 18:49:57.812 [Test worker] INFO  com.datacomp.service.cpu.CpuCompressionService - Reading compression header...
2025-11-09 18:49:57.812 [Test worker] INFO  com.datacomp.service.cpu.CpuCompressionService - Decompressing 0 chunks, original size: 0 bytes ({:.2f} GB)
2025-11-09 18:49:57.814 [Test worker] ERROR com.datacomp.service.cpu.CpuCompressionService - Decompression failed for file: C:\Users\Lenovo\AppData\Local\Temp\junit18359030868298804542\empty.dcz
java.io.IOException: Header indicates 0 chunks - file may be corrupted
	at com.datacomp.service.cpu.CpuCompressionService.decompress(CpuCompressionService.java:309)
	at com.datacomp.service.cpu.CpuCompressionServiceTest.testCompressDecompressEmptyFile(CpuCompressionServiceTest.java:92)
	at java.base/jdk.internal.reflect.DirectMethodHandleAccessor.invoke(DirectMethodHandleAccessor.java:103)
	at java.base/java.lang.reflect.Method.invoke(Method.java:580)
	at org.junit.platform.commons.util.ReflectionUtils.invokeMethod(ReflectionUtils.java:728)
	at org.junit.jupiter.engine.execution.MethodInvocation.proceed(MethodInvocation.java:60)
	at org.junit.jupiter.engine.execution.InvocationInterceptorChain$ValidatingInvocation.proceed(InvocationInterceptorChain.java:131)
	at org.junit.jupiter.engine.extension.TimeoutExtension.intercept(TimeoutExtension.java:156)
	at org.junit.jupiter.engine.extension.TimeoutExtension.interceptTestableMethod(TimeoutExtension.java:147)
	at org.junit.jupiter.engine.extension.TimeoutExtension.interceptTestMethod(TimeoutExtension.java:86)
	at org.junit.jupiter.engine.execution.InterceptingExecutableInvoker$ReflectiveInterceptorCall.lambda$ofVoidMethod$0(InterceptingExecutableInvoker.java:103)
	at org.junit.jupiter.engine.execution.InterceptingExecutableInvoker.lambda$invoke$0(InterceptingExecutableInvoker.java:93)
	at org.junit.jupiter.engine.execution.InvocationInterceptorChain$InterceptedInvocation.proceed(InvocationInterceptorChain.java:106)
	at org.junit.jupiter.engine.execution.InvocationInterceptorChain.proceed(InvocationInterceptorChain.java:64)
	at org.junit.jupiter.engine.execution.InvocationInterceptorChain.chainAndInvoke(InvocationInterceptorChain.java:45)
	at org.junit.jupiter.engine.execution.InvocationInterceptorChain.invoke(InvocationInterceptorChain.java:37)
	at org.junit.jupiter.engine.execution.InterceptingExecutableInvoker.invoke(InterceptingExecutableInvoker.java:92)
	at org.junit.jupiter.engine.execution.InterceptingExecutableInvoker.invoke(InterceptingExecutableInvoker.java:86)
	at org.junit.jupiter.engine.descriptor.TestMethodTestDescriptor.lambda$invokeTestMethod$7(TestMethodTestDescriptor.java:218)
	at org.junit.platform.engine.support.hierarchical.ThrowableCollector.execute(ThrowableCollector.java:73)
	at org.junit.jupiter.engine.descriptor.TestMethodTestDescriptor.invokeTestMethod(TestMethodTestDescriptor.java:214)
	at org.junit.jupiter.engine.descriptor.TestMethodTestDescriptor.execute(TestMethodTestDescriptor.java:139)
	at org.junit.jupiter.engine.descriptor.TestMethodTestDescriptor.execute(TestMethodTestDescriptor.java:69)
	at org.junit.platform.engine.support.hierarchical.NodeTestTask.lambda$executeRecursively$6(NodeTestTask.java:151)
	at org.junit.platform.engine.support.hierarchical.ThrowableCollector.execute(ThrowableCollector.java:73)
	at org.junit.platform.engine.support.hierarchical.NodeTestTask.lambda$executeRecursively$8(NodeTestTask.java:141)
	at org.junit.platform.engine.support.hierarchical.Node.around(Node.java:137)
	at org.junit.platform.engine.support.hierarchical.NodeTestTask.lambda$executeRecursively$9(NodeTestTask.java:139)
	at org.junit.platform.engine.support.hierarchical.ThrowableCollector.execute(ThrowableCollector.java:73)
	at org.junit.platform.engine.support.hierarchical.NodeTestTask.executeRecursively(NodeTestTask.java:138)
	at org.junit.platform.engine.support.hierarchical.NodeTestTask.execute(NodeTestTask.java:95)
	at java.base/java.util.ArrayList.forEach(ArrayList.java:1596)
	at org.junit.platform.engine.support.hierarchical.SameThreadHierarchicalTestExecutorService.invokeAll(SameThreadHierarchicalTestExecutorService.java:41)
	at org.junit.platform.engine.support.hierarchical.NodeTestTask.lambda$executeRecursively$6(NodeTestTask.java:155)
	at org.junit.platform.engine.support.hierarchical.ThrowableCollector.execute(ThrowableCollector.java:73)
	at org.junit.platform.engine.support.hierarchical.NodeTestTask.lambda$executeRecursively$8(NodeTestTask.java:141)
	at org.junit.platform.engine.support.hierarchical.Node.around(Node.java:137)
	at org.junit.platform.engine.support.hierarchical.NodeTestTask.lambda$executeRecursively$9(NodeTestTask.java:139)
	at org.junit.platform.engine.support.hierarchical.ThrowableCollector.execute(ThrowableCollector.java:73)
	at org.junit.platform.engine.support.hierarchical.NodeTestTask.executeRecursively(NodeTestTask.java:138)
	at org.junit.platform.engine.support.hierarchical.NodeTestTask.execute(NodeTestTask.java:95)
	at java.base/java.util.ArrayList.forEach(ArrayList.java:1596)
	at org.junit.platform.engine.support.hierarchical.SameThreadHierarchicalTestExecutorService.invokeAll(SameThreadHierarchicalTestExecutorService.java:41)
	at org.junit.platform.engine.support.hierarchical.NodeTestTask.lambda$executeRecursively$6(NodeTestTask.java:155)
	at org.junit.platform.engine.support.hierarchical.ThrowableCollector.execute(ThrowableCollector.java:73)
	at org.junit.platform.engine.support.hierarchical.NodeTestTask.lambda$executeRecursively$8(NodeTestTask.java:141)
	at org.junit.platform.engine.support.hierarchical.Node.around(Node.java:137)
	at org.junit.platform.engine.support.hierarchical.NodeTestTask.lambda$executeRecursively$9(NodeTestTask.java:139)
	at org.junit.platform.engine.support.hierarchical.ThrowableCollector.execute(ThrowableCollector.java:73)
	at org.junit.platform.engine.support.hierarchical.NodeTestTask.executeRecursively(NodeTestTask.java:138)
	at org.junit.platform.engine.support.hierarchical.NodeTestTask.execute(NodeTestTask.java:95)
	at org.junit.platform.engine.support.hierarchical.SameThreadHierarchicalTestExecutorService.submit(SameThreadHierarchicalTestExecutorService.java:35)
	at org.junit.platform.engine.support.hierarchical.HierarchicalTestExecutor.execute(HierarchicalTestExecutor.java:57)
	at org.junit.platform.engine.support.hierarchical.HierarchicalTestEngine.execute(HierarchicalTestEngine.java:54)
	at org.junit.platform.launcher.core.EngineExecutionOrchestrator.execute(EngineExecutionOrchestrator.java:198)
	at org.junit.platform.launcher.core.EngineExecutionOrchestrator.execute(EngineExecutionOrchestrator.java:169)
	at org.junit.platform.launcher.core.EngineExecutionOrchestrator.execute(EngineExecutionOrchestrator.java:93)
	at org.junit.platform.launcher.core.EngineExecutionOrchestrator.lambda$execute$0(EngineExecutionOrchestrator.java:58)
	at org.junit.platform.launcher.core.EngineExecutionOrchestrator.withInterceptedStreams(EngineExecutionOrchestrator.java:141)
	at org.junit.platform.launcher.core.EngineExecutionOrchestrator.execute(EngineExecutionOrchestrator.java:57)
	at org.junit.platform.launcher.core.DefaultLauncher.execute(DefaultLauncher.java:103)
	at org.junit.platform.launcher.core.DefaultLauncher.execute(DefaultLauncher.java:85)
	at org.junit.platform.launcher.core.DelegatingLauncher.execute(DelegatingLauncher.java:47)
	at org.gradle.api.internal.tasks.testing.junitplatform.JUnitPlatformTestClassProcessor$CollectAllTestClassesExecutor.processAllTestClasses(JUnitPlatformTestClassProcessor.java:124)
	at org.gradle.api.internal.tasks.testing.junitplatform.JUnitPlatformTestClassProcessor$CollectAllTestClassesExecutor.access$000(JUnitPlatformTestClassProcessor.java:99)
	at org.gradle.api.internal.tasks.testing.junitplatform.JUnitPlatformTestClassProcessor.stop(JUnitPlatformTestClassProcessor.java:94)
	at org.gradle.api.internal.tasks.testing.SuiteTestClassProcessor.stop(SuiteTestClassProcessor.java:63)
	at java.base/jdk.internal.reflect.DirectMethodHandleAccessor.invoke(DirectMethodHandleAccessor.java:103)
	at java.base/java.lang.reflect.Method.invoke(Method.java:580)
	at org.gradle.internal.dispatch.ReflectionDispatch.dispatch(ReflectionDispatch.java:36)
	at org.gradle.internal.dispatch.ReflectionDispatch.dispatch(ReflectionDispatch.java:24)
	at org.gradle.internal.dispatch.ContextClassLoaderDispatch.dispatch(ContextClassLoaderDispatch.java:33)
	at org.gradle.internal.dispatch.ProxyDispatchAdapter$DispatchingInvocationHandler.invoke(ProxyDispatchAdapter.java:92)
	at jdk.proxy1/jdk.proxy1.$Proxy4.stop(Unknown Source)
	at org.gradle.api.internal.tasks.testing.worker.TestWorker$3.run(TestWorker.java:200)
	at org.gradle.api.internal.tasks.testing.worker.TestWorker.executeAndMaintainThreadName(TestWorker.java:132)
	at org.gradle.api.internal.tasks.testing.worker.TestWorker.execute(TestWorker.java:103)
	at org.gradle.api.internal.tasks.testing.worker.TestWorker.execute(TestWorker.java:63)
	at org.gradle.process.internal.worker.child.ActionExecutionWorker.execute(ActionExecutionWorker.java:56)
	at org.gradle.process.internal.worker.child.SystemApplicationClassLoaderWorker.call(SystemApplicationClassLoaderWorker.java:122)
	at org.gradle.process.internal.worker.child.SystemApplicationClassLoaderWorker.call(SystemApplicationClassLoaderWorker.java:72)
	at worker.org.gradle.process.internal.worker.GradleWorkerMain.run(GradleWorkerMain.java:69)
	at worker.org.gradle.process.internal.worker.GradleWorkerMain.main(GradleWorkerMain.java:74)
2025-11-09 18:49:57.820 [Test worker] INFO  com.datacomp.service.cpu.CpuCompressionService - Deleted incomplete output file
2025-11-09 18:49:57.844 [Test worker] INFO  com.datacomp.service.cpu.CpuCompressionService - Compressing large.bin (3145728 bytes, {:.2f} GB) into 0.0029296875 chunks
2025-11-09 18:49:57.845 [Test worker] INFO  com.datacomp.service.cpu.CpuCompressionService - Phase 1: Compressing chunks to temporary file...
2025-11-09 18:49:57.900 [Test worker] INFO  com.datacomp.service.cpu.CpuCompressionService - Chunk 1/3 compressed: 1048576 -> 1048576 bytes (ratio: {:.2f}%, 100.0ms)
2025-11-09 18:49:57.921 [Test worker] INFO  com.datacomp.service.cpu.CpuCompressionService - Chunk 2/3 compressed: 1048576 -> 1048576 bytes (ratio: {:.2f}%, 100.0ms)
2025-11-09 18:49:57.939 [Test worker] INFO  com.datacomp.service.cpu.CpuCompressionService - Chunk 3/3 compressed: 1048576 -> 1048576 bytes (ratio: {:.2f}%, 100.0ms)
2025-11-09 18:49:57.940 [Test worker] INFO  com.datacomp.service.cpu.CpuCompressionService - Phase 1 complete: 3145728 bytes compressed to temp file
2025-11-09 18:49:57.940 [Test worker] INFO  com.datacomp.service.cpu.CpuCompressionService - Phase 2: Writing final compressed file...
2025-11-09 18:49:57.940 [Test worker] INFO  com.datacomp.service.cpu.CpuCompressionService - Header written (3 chunks metadata)
2025-11-09 18:49:57.952 [Test worker] INFO  com.datacomp.service.cpu.CpuCompressionService - Copied 3145728 bytes of compressed data to final file
2025-11-09 18:49:57.953 [Test worker] INFO  com.datacomp.service.cpu.CpuCompressionService - Compression complete: 3145728 -> 3147521 bytes ({:.2f}%) in {:.2f}s ({:.2f} MB/s)
2025-11-09 18:49:57.954 [Test worker] INFO  com.datacomp.service.cpu.CpuCompressionService - Decompressing large.dcz to large.decompressed.bin
2025-11-09 18:49:57.954 [Test worker] INFO  com.datacomp.service.cpu.CpuCompressionService - Input file size: 3147521 bytes ({:.2f} GB)
2025-11-09 18:49:57.964 [Test worker] INFO  com.datacomp.service.cpu.CpuCompressionService - Reading compression header...
2025-11-09 18:49:57.965 [Test worker] INFO  com.datacomp.service.cpu.CpuCompressionService - Decompressing 3 chunks, original size: 3145728 bytes ({:.2f} GB)
2025-11-09 18:49:57.965 [Test worker] INFO  com.datacomp.service.cpu.CpuCompressionService - Decompressing chunk 1/3: offset=0, compressedSize=1048576, originalSize=1048576
2025-11-09 18:49:58.005 [Test worker] INFO  com.datacomp.service.cpu.CpuCompressionService - Chunk 1/3 decompressed: 1048576 bytes (40ms, checksum OK)
2025-11-09 18:49:58.006 [Test worker] INFO  com.datacomp.service.cpu.CpuCompressionService - Decompressing chunk 2/3: offset=1048576, compressedSize=1048576, originalSize=1048576
2025-11-09 18:49:58.044 [Test worker] INFO  com.datacomp.service.cpu.CpuCompressionService - Chunk 2/3 decompressed: 1048576 bytes (38ms, checksum OK)
2025-11-09 18:49:58.045 [Test worker] INFO  com.datacomp.service.cpu.CpuCompressionService - Decompressing chunk 3/3: offset=2097152, compressedSize=1048576, originalSize=1048576
2025-11-09 18:49:58.083 [Test worker] INFO  com.datacomp.service.cpu.CpuCompressionService - Chunk 3/3 decompressed: 1048576 bytes (38ms, checksum OK)
2025-11-09 18:49:58.086 [Test worker] INFO  com.datacomp.service.cpu.CpuCompressionService - Decompression complete: 3145728 bytes in {:.2f}s ({:.2f} MB/s)
2025-11-09 18:49:58.086 [Test worker] INFO  com.datacomp.service.cpu.CpuCompressionService - File integrity verified - decompressed 3145728 bytes successfully
2025-11-09 18:49:58.107 [Test worker] INFO  com.datacomp.service.cpu.CpuCompressionService - Compressing test.txt (29 bytes, {:.2f} GB) into 2.7008354663848877E-8 chunks
2025-11-09 18:49:58.107 [Test worker] INFO  com.datacomp.service.cpu.CpuCompressionService - Phase 1: Compressing chunks to temporary file...
2025-11-09 18:49:58.109 [Test worker] INFO  com.datacomp.service.cpu.CpuCompressionService - Chunk 1/1 compressed: 29 -> 15 bytes (ratio: {:.2f}%, 51.724137931034484ms)
2025-11-09 18:49:58.109 [Test worker] INFO  com.datacomp.service.cpu.CpuCompressionService - Phase 1 complete: 15 bytes compressed to temp file
2025-11-09 18:49:58.109 [Test worker] INFO  com.datacomp.service.cpu.CpuCompressionService - Phase 2: Writing final compressed file...
2025-11-09 18:49:58.110 [Test worker] INFO  com.datacomp.service.cpu.CpuCompressionService - Header written (1 chunks metadata)
2025-11-09 18:49:58.111 [Test worker] INFO  com.datacomp.service.cpu.CpuCompressionService - Copied 15 bytes of compressed data to final file
2025-11-09 18:49:58.112 [Test worker] INFO  com.datacomp.service.cpu.CpuCompressionService - Compression complete: 29 -> 663 bytes ({:.2f}%) in {:.2f}s ({:.2f} MB/s)
2025-11-09 18:50:52.916 [Test worker] INFO  com.datacomp.service.cpu.CpuCompressionService - Compressing random.bin (10240 bytes, {:.2f} GB) into 9.5367431640625E-6 chunks
2025-11-09 18:50:52.922 [Test worker] INFO  com.datacomp.service.cpu.CpuCompressionService - Phase 1: Compressing chunks to temporary file...
2025-11-09 18:50:52.938 [Test worker] INFO  com.datacomp.service.cpu.CpuCompressionService - Chunk 1/1 compressed: 10240 -> 10239 bytes (ratio: {:.2f}%, 99.990234375ms)
2025-11-09 18:50:52.939 [Test worker] INFO  com.datacomp.service.cpu.CpuCompressionService - Phase 1 complete: 10239 bytes compressed to temp file
2025-11-09 18:50:52.939 [Test worker] INFO  com.datacomp.service.cpu.CpuCompressionService - Phase 2: Writing final compressed file...
2025-11-09 18:50:52.940 [Test worker] INFO  com.datacomp.service.cpu.CpuCompressionService - Header written (1 chunks metadata)
2025-11-09 18:50:52.952 [Test worker] INFO  com.datacomp.service.cpu.CpuCompressionService - Copied 10239 bytes of compressed data to final file
2025-11-09 18:50:52.953 [Test worker] INFO  com.datacomp.service.cpu.CpuCompressionService - Compression complete: 10240 -> 10889 bytes ({:.2f}%) in {:.2f}s ({:.2f} MB/s)
2025-11-09 18:50:52.953 [Test worker] INFO  com.datacomp.service.cpu.CpuCompressionService - Decompressing random.dcz to random.decompressed.bin
2025-11-09 18:50:52.954 [Test worker] INFO  com.datacomp.service.cpu.CpuCompressionService - Input file size: 10889 bytes ({:.2f} GB)
2025-11-09 18:50:52.962 [Test worker] INFO  com.datacomp.service.cpu.CpuCompressionService - Reading compression header...
2025-11-09 18:50:52.963 [Test worker] INFO  com.datacomp.service.cpu.CpuCompressionService - Decompressing 1 chunks, original size: 10240 bytes ({:.2f} GB)
2025-11-09 18:50:52.963 [Test worker] INFO  com.datacomp.service.cpu.CpuCompressionService - Decompressing chunk 1/1: offset=0, compressedSize=10239, originalSize=10240
2025-11-09 18:50:52.968 [Test worker] INFO  com.datacomp.service.cpu.CpuCompressionService - Chunk 1/1 decompressed: 10240 bytes (5ms, checksum OK)
2025-11-09 18:50:52.973 [Test worker] INFO  com.datacomp.service.cpu.CpuCompressionService - Decompression complete: 10240 bytes in {:.2f}s ({:.2f} MB/s)
2025-11-09 18:50:52.973 [Test worker] INFO  com.datacomp.service.cpu.CpuCompressionService - File integrity verified - decompressed 10240 bytes successfully
2025-11-09 18:50:53.001 [Test worker] INFO  com.datacomp.service.cpu.CpuCompressionService - Compressing test.txt (1300 bytes, {:.2f} GB) into 1.210719347000122E-6 chunks
2025-11-09 18:50:53.002 [Test worker] INFO  com.datacomp.service.cpu.CpuCompressionService - Phase 1: Compressing chunks to temporary file...
2025-11-09 18:50:53.004 [Test worker] INFO  com.datacomp.service.cpu.CpuCompressionService - Chunk 1/1 compressed: 1300 -> 500 bytes (ratio: {:.2f}%, 38.46153846153847ms)
2025-11-09 18:50:53.006 [Test worker] INFO  com.datacomp.service.cpu.CpuCompressionService - Phase 1 complete: 500 bytes compressed to temp file
2025-11-09 18:50:53.006 [Test worker] INFO  com.datacomp.service.cpu.CpuCompressionService - Phase 2: Writing final compressed file...
2025-11-09 18:50:53.007 [Test worker] INFO  com.datacomp.service.cpu.CpuCompressionService - Header written (1 chunks metadata)
2025-11-09 18:50:53.008 [Test worker] INFO  com.datacomp.service.cpu.CpuCompressionService - Copied 500 bytes of compressed data to final file
2025-11-09 18:50:53.009 [Test worker] INFO  com.datacomp.service.cpu.CpuCompressionService - Compression complete: 1300 -> 1148 bytes ({:.2f}%) in {:.2f}s ({:.2f} MB/s)
2025-11-09 18:50:53.010 [Test worker] INFO  com.datacomp.service.cpu.CpuCompressionService - Decompressing test.dcz to test.decompressed.txt
2025-11-09 18:50:53.011 [Test worker] INFO  com.datacomp.service.cpu.CpuCompressionService - Input file size: 1148 bytes ({:.2f} GB)
2025-11-09 18:50:53.020 [Test worker] INFO  com.datacomp.service.cpu.CpuCompressionService - Reading compression header...
2025-11-09 18:50:53.020 [Test worker] INFO  com.datacomp.service.cpu.CpuCompressionService - Decompressing 1 chunks, original size: 1300 bytes ({:.2f} GB)
2025-11-09 18:50:53.020 [Test worker] INFO  com.datacomp.service.cpu.CpuCompressionService - Decompressing chunk 1/1: offset=0, compressedSize=500, originalSize=1300
2025-11-09 18:50:53.022 [Test worker] INFO  com.datacomp.service.cpu.CpuCompressionService - Chunk 1/1 decompressed: 1300 bytes (2ms, checksum OK)
2025-11-09 18:50:53.023 [Test worker] INFO  com.datacomp.service.cpu.CpuCompressionService - Decompression complete: 1300 bytes in {:.2f}s ({:.2f} MB/s)
2025-11-09 18:50:53.023 [Test worker] INFO  com.datacomp.service.cpu.CpuCompressionService - File integrity verified - decompressed 1300 bytes successfully
2025-11-09 18:50:53.031 [Test worker] INFO  com.datacomp.service.cpu.CpuCompressionService - Compressing empty.txt (0 bytes, {:.2f} GB) into 0.0 chunks
2025-11-09 18:50:53.031 [Test worker] INFO  com.datacomp.service.cpu.CpuCompressionService - Phase 1: Compressing chunks to temporary file...
2025-11-09 18:50:53.032 [Test worker] INFO  com.datacomp.service.cpu.CpuCompressionService - Phase 1 complete: 0 bytes compressed to temp file
2025-11-09 18:50:53.032 [Test worker] INFO  com.datacomp.service.cpu.CpuCompressionService - Phase 2: Writing final compressed file...
2025-11-09 18:50:53.033 [Test worker] INFO  com.datacomp.service.cpu.CpuCompressionService - Header written (0 chunks metadata)
2025-11-09 18:50:53.033 [Test worker] INFO  com.datacomp.service.cpu.CpuCompressionService - Copied 0 bytes of compressed data to final file
2025-11-09 18:50:53.034 [Test worker] INFO  com.datacomp.service.cpu.CpuCompressionService - Compression complete: 0 -> 77 bytes ({:.2f}%) in {:.2f}s ({:.2f} MB/s)
2025-11-09 18:50:53.034 [Test worker] INFO  com.datacomp.service.cpu.CpuCompressionService - Decompressing empty.dcz to empty.decompressed.txt
2025-11-09 18:50:53.035 [Test worker] INFO  com.datacomp.service.cpu.CpuCompressionService - Input file size: 77 bytes ({:.2f} GB)
2025-11-09 18:50:53.044 [Test worker] INFO  com.datacomp.service.cpu.CpuCompressionService - Reading compression header...
2025-11-09 18:50:53.044 [Test worker] INFO  com.datacomp.service.cpu.CpuCompressionService - Decompressing 0 chunks, original size: 0 bytes ({:.2f} GB)
2025-11-09 18:50:53.044 [Test worker] INFO  com.datacomp.service.cpu.CpuCompressionService - Empty file - no chunks to decompress
2025-11-09 18:50:53.046 [Test worker] INFO  com.datacomp.service.cpu.CpuCompressionService - Decompression complete: 0 bytes in {:.2f}s
2025-11-09 18:50:53.063 [Test worker] INFO  com.datacomp.service.cpu.CpuCompressionService - Compressing large.bin (3145728 bytes, {:.2f} GB) into 0.0029296875 chunks
2025-11-09 18:50:53.064 [Test worker] INFO  com.datacomp.service.cpu.CpuCompressionService - Phase 1: Compressing chunks to temporary file...
2025-11-09 18:50:53.114 [Test worker] INFO  com.datacomp.service.cpu.CpuCompressionService - Chunk 1/3 compressed: 1048576 -> 1048576 bytes (ratio: {:.2f}%, 100.0ms)
2025-11-09 18:50:53.133 [Test worker] INFO  com.datacomp.service.cpu.CpuCompressionService - Chunk 2/3 compressed: 1048576 -> 1048576 bytes (ratio: {:.2f}%, 100.0ms)
2025-11-09 18:50:53.150 [Test worker] INFO  com.datacomp.service.cpu.CpuCompressionService - Chunk 3/3 compressed: 1048576 -> 1048576 bytes (ratio: {:.2f}%, 100.0ms)
2025-11-09 18:50:53.150 [Test worker] INFO  com.datacomp.service.cpu.CpuCompressionService - Phase 1 complete: 3145728 bytes compressed to temp file
2025-11-09 18:50:53.151 [Test worker] INFO  com.datacomp.service.cpu.CpuCompressionService - Phase 2: Writing final compressed file...
2025-11-09 18:50:53.151 [Test worker] INFO  com.datacomp.service.cpu.CpuCompressionService - Header written (3 chunks metadata)
2025-11-09 18:50:53.161 [Test worker] INFO  com.datacomp.service.cpu.CpuCompressionService - Copied 3145728 bytes of compressed data to final file
2025-11-09 18:50:53.162 [Test worker] INFO  com.datacomp.service.cpu.CpuCompressionService - Compression complete: 3145728 -> 3147521 bytes ({:.2f}%) in {:.2f}s ({:.2f} MB/s)
2025-11-09 18:50:53.162 [Test worker] INFO  com.datacomp.service.cpu.CpuCompressionService - Decompressing large.dcz to large.decompressed.bin
2025-11-09 18:50:53.163 [Test worker] INFO  com.datacomp.service.cpu.CpuCompressionService - Input file size: 3147521 bytes ({:.2f} GB)
2025-11-09 18:50:53.171 [Test worker] INFO  com.datacomp.service.cpu.CpuCompressionService - Reading compression header...
2025-11-09 18:50:53.172 [Test worker] INFO  com.datacomp.service.cpu.CpuCompressionService - Decompressing 3 chunks, original size: 3145728 bytes ({:.2f} GB)
2025-11-09 18:50:53.173 [Test worker] INFO  com.datacomp.service.cpu.CpuCompressionService - Decompressing chunk 1/3: offset=0, compressedSize=1048576, originalSize=1048576
2025-11-09 18:50:53.215 [Test worker] INFO  com.datacomp.service.cpu.CpuCompressionService - Chunk 1/3 decompressed: 1048576 bytes (42ms, checksum OK)
2025-11-09 18:50:53.215 [Test worker] INFO  com.datacomp.service.cpu.CpuCompressionService - Decompressing chunk 2/3: offset=1048576, compressedSize=1048576, originalSize=1048576
2025-11-09 18:50:53.254 [Test worker] INFO  com.datacomp.service.cpu.CpuCompressionService - Chunk 2/3 decompressed: 1048576 bytes (39ms, checksum OK)
2025-11-09 18:50:53.254 [Test worker] INFO  com.datacomp.service.cpu.CpuCompressionService - Decompressing chunk 3/3: offset=2097152, compressedSize=1048576, originalSize=1048576
2025-11-09 18:50:53.293 [Test worker] INFO  com.datacomp.service.cpu.CpuCompressionService - Chunk 3/3 decompressed: 1048576 bytes (39ms, checksum OK)
2025-11-09 18:50:53.298 [Test worker] INFO  com.datacomp.service.cpu.CpuCompressionService - Decompression complete: 3145728 bytes in {:.2f}s ({:.2f} MB/s)
2025-11-09 18:50:53.299 [Test worker] INFO  com.datacomp.service.cpu.CpuCompressionService - File integrity verified - decompressed 3145728 bytes successfully
2025-11-09 18:50:53.320 [Test worker] INFO  com.datacomp.service.cpu.CpuCompressionService - Compressing test.txt (29 bytes, {:.2f} GB) into 2.7008354663848877E-8 chunks
2025-11-09 18:50:53.320 [Test worker] INFO  com.datacomp.service.cpu.CpuCompressionService - Phase 1: Compressing chunks to temporary file...
2025-11-09 18:50:53.322 [Test worker] INFO  com.datacomp.service.cpu.CpuCompressionService - Chunk 1/1 compressed: 29 -> 15 bytes (ratio: {:.2f}%, 51.724137931034484ms)
2025-11-09 18:50:53.323 [Test worker] INFO  com.datacomp.service.cpu.CpuCompressionService - Phase 1 complete: 15 bytes compressed to temp file
2025-11-09 18:50:53.323 [Test worker] INFO  com.datacomp.service.cpu.CpuCompressionService - Phase 2: Writing final compressed file...
2025-11-09 18:50:53.324 [Test worker] INFO  com.datacomp.service.cpu.CpuCompressionService - Header written (1 chunks metadata)
2025-11-09 18:50:53.325 [Test worker] INFO  com.datacomp.service.cpu.CpuCompressionService - Copied 15 bytes of compressed data to final file
2025-11-09 18:50:53.326 [Test worker] INFO  com.datacomp.service.cpu.CpuCompressionService - Compression complete: 29 -> 663 bytes ({:.2f}%) in {:.2f}s ({:.2f} MB/s)
2025-11-09 18:52:45.066 [Test worker] INFO  com.datacomp.util.TestDataGenerator - Generating 1MB random test file: C:\Users\Lenovo\AppData\Local\Temp\junit6129204975921766827\test.bin
2025-11-09 18:52:45.080 [Test worker] INFO  com.datacomp.util.TestDataGenerator - Test file generated: 1048576 bytes
2025-11-09 18:52:45.081 [Test worker] INFO  com.datacomp.benchmark.BenchmarkSuite - Starting benchmark suite on file: C:\Users\Lenovo\AppData\Local\Temp\junit6129204975921766827\test.bin
2025-11-09 18:52:45.086 [Test worker] INFO  com.datacomp.benchmark.BenchmarkSuite - Benchmarking CPU: CPU Compression
2025-11-09 18:52:45.087 [Test worker] INFO  com.datacomp.service.cpu.CpuCompressionService - Compressing test.bin (1048576 bytes, {:.2f} GB) into 9.765625E-4 chunks
2025-11-09 18:52:45.089 [Test worker] INFO  com.datacomp.service.cpu.CpuCompressionService - Phase 1: Compressing chunks to temporary file...
2025-11-09 18:52:45.244 [Test worker] INFO  com.datacomp.service.cpu.CpuCompressionService - Chunk 1/1 compressed: 1048576 -> 1048576 bytes (ratio: {:.2f}%, 100.0ms)
2025-11-09 18:52:45.245 [Test worker] INFO  com.datacomp.service.cpu.CpuCompressionService - Phase 1 complete: 1048576 bytes compressed to temp file
2025-11-09 18:52:45.245 [Test worker] INFO  com.datacomp.service.cpu.CpuCompressionService - Phase 2: Writing final compressed file...
2025-11-09 18:52:45.252 [Test worker] INFO  com.datacomp.service.cpu.CpuCompressionService - Header written (1 chunks metadata)
2025-11-09 18:52:45.267 [Test worker] INFO  com.datacomp.service.cpu.CpuCompressionService - Copied 1048576 bytes of compressed data to final file
2025-11-09 18:52:45.268 [Test worker] INFO  com.datacomp.service.cpu.CpuCompressionService - Compression complete: 1048576 -> 1049224 bytes ({:.2f}%) in {:.2f}s ({:.2f} MB/s)
2025-11-09 18:52:45.269 [Test worker] INFO  com.datacomp.service.cpu.CpuCompressionService - Compressing test.bin (1048576 bytes, {:.2f} GB) into 9.765625E-4 chunks
2025-11-09 18:52:45.269 [Test worker] INFO  com.datacomp.service.cpu.CpuCompressionService - Phase 1: Compressing chunks to temporary file...
2025-11-09 18:52:45.346 [Test worker] INFO  com.datacomp.service.cpu.CpuCompressionService - Chunk 1/1 compressed: 1048576 -> 1048576 bytes (ratio: {:.2f}%, 100.0ms)
2025-11-09 18:52:45.348 [Test worker] INFO  com.datacomp.service.cpu.CpuCompressionService - Phase 1 complete: 1048576 bytes compressed to temp file
2025-11-09 18:52:45.348 [Test worker] INFO  com.datacomp.service.cpu.CpuCompressionService - Phase 2: Writing final compressed file...
2025-11-09 18:52:45.350 [Test worker] INFO  com.datacomp.service.cpu.CpuCompressionService - Header written (1 chunks metadata)
2025-11-09 18:52:45.366 [Test worker] INFO  com.datacomp.service.cpu.CpuCompressionService - Copied 1048576 bytes of compressed data to final file
2025-11-09 18:52:45.367 [Test worker] INFO  com.datacomp.service.cpu.CpuCompressionService - Compression complete: 1048576 -> 1049224 bytes ({:.2f}%) in {:.2f}s ({:.2f} MB/s)
2025-11-09 18:52:45.368 [Test worker] INFO  com.datacomp.service.cpu.CpuCompressionService - Compressing test.bin (1048576 bytes, {:.2f} GB) into 9.765625E-4 chunks
2025-11-09 18:52:45.368 [Test worker] INFO  com.datacomp.service.cpu.CpuCompressionService - Phase 1: Compressing chunks to temporary file...
2025-11-09 18:52:45.409 [Test worker] INFO  com.datacomp.service.cpu.CpuCompressionService - Chunk 1/1 compressed: 1048576 -> 1048576 bytes (ratio: {:.2f}%, 100.0ms)
2025-11-09 18:52:45.411 [Test worker] INFO  com.datacomp.service.cpu.CpuCompressionService - Phase 1 complete: 1048576 bytes compressed to temp file
2025-11-09 18:52:45.411 [Test worker] INFO  com.datacomp.service.cpu.CpuCompressionService - Phase 2: Writing final compressed file...
2025-11-09 18:52:45.412 [Test worker] INFO  com.datacomp.service.cpu.CpuCompressionService - Header written (1 chunks metadata)
2025-11-09 18:52:45.421 [Test worker] INFO  com.datacomp.service.cpu.CpuCompressionService - Copied 1048576 bytes of compressed data to final file
2025-11-09 18:52:45.423 [Test worker] INFO  com.datacomp.service.cpu.CpuCompressionService - Compression complete: 1048576 -> 1049224 bytes ({:.2f}%) in {:.2f}s ({:.2f} MB/s)
2025-11-09 18:52:45.424 [Test worker] INFO  com.datacomp.service.cpu.CpuCompressionService - Compressing test.bin (1048576 bytes, {:.2f} GB) into 9.765625E-4 chunks
2025-11-09 18:52:45.425 [Test worker] INFO  com.datacomp.service.cpu.CpuCompressionService - Phase 1: Compressing chunks to temporary file...
2025-11-09 18:52:45.465 [Test worker] INFO  com.datacomp.service.cpu.CpuCompressionService - Chunk 1/1 compressed: 1048576 -> 1048576 bytes (ratio: {:.2f}%, 100.0ms)
2025-11-09 18:52:45.466 [Test worker] INFO  com.datacomp.service.cpu.CpuCompressionService - Phase 1 complete: 1048576 bytes compressed to temp file
2025-11-09 18:52:45.466 [Test worker] INFO  com.datacomp.service.cpu.CpuCompressionService - Phase 2: Writing final compressed file...
2025-11-09 18:52:45.468 [Test worker] INFO  com.datacomp.service.cpu.CpuCompressionService - Header written (1 chunks metadata)
2025-11-09 18:52:45.477 [Test worker] INFO  com.datacomp.service.cpu.CpuCompressionService - Copied 1048576 bytes of compressed data to final file
2025-11-09 18:52:45.479 [Test worker] INFO  com.datacomp.service.cpu.CpuCompressionService - Compression complete: 1048576 -> 1049224 bytes ({:.2f}%) in {:.2f}s ({:.2f} MB/s)
2025-11-09 18:52:45.480 [Test worker] INFO  com.datacomp.service.cpu.CpuCompressionService - Compressing test.bin (1048576 bytes, {:.2f} GB) into 9.765625E-4 chunks
2025-11-09 18:52:45.480 [Test worker] INFO  com.datacomp.service.cpu.CpuCompressionService - Phase 1: Compressing chunks to temporary file...
2025-11-09 18:52:45.516 [Test worker] INFO  com.datacomp.service.cpu.CpuCompressionService - Chunk 1/1 compressed: 1048576 -> 1048576 bytes (ratio: {:.2f}%, 100.0ms)
2025-11-09 18:52:45.517 [Test worker] INFO  com.datacomp.service.cpu.CpuCompressionService - Phase 1 complete: 1048576 bytes compressed to temp file
2025-11-09 18:52:45.517 [Test worker] INFO  com.datacomp.service.cpu.CpuCompressionService - Phase 2: Writing final compressed file...
2025-11-09 18:52:45.518 [Test worker] INFO  com.datacomp.service.cpu.CpuCompressionService - Header written (1 chunks metadata)
2025-11-09 18:52:45.528 [Test worker] INFO  com.datacomp.service.cpu.CpuCompressionService - Copied 1048576 bytes of compressed data to final file
2025-11-09 18:52:45.529 [Test worker] INFO  com.datacomp.service.cpu.CpuCompressionService - Compression complete: 1048576 -> 1049224 bytes ({:.2f}%) in {:.2f}s ({:.2f} MB/s)
2025-11-09 18:52:45.530 [Test worker] INFO  com.datacomp.service.cpu.CpuCompressionService - Compressing test.bin (1048576 bytes, {:.2f} GB) into 9.765625E-4 chunks
2025-11-09 18:52:45.531 [Test worker] INFO  com.datacomp.service.cpu.CpuCompressionService - Phase 1: Compressing chunks to temporary file...
2025-11-09 18:52:45.565 [Test worker] INFO  com.datacomp.service.cpu.CpuCompressionService - Chunk 1/1 compressed: 1048576 -> 1048576 bytes (ratio: {:.2f}%, 100.0ms)
2025-11-09 18:52:45.567 [Test worker] INFO  com.datacomp.service.cpu.CpuCompressionService - Phase 1 complete: 1048576 bytes compressed to temp file
2025-11-09 18:52:45.568 [Test worker] INFO  com.datacomp.service.cpu.CpuCompressionService - Phase 2: Writing final compressed file...
2025-11-09 18:52:45.569 [Test worker] INFO  com.datacomp.service.cpu.CpuCompressionService - Header written (1 chunks metadata)
2025-11-09 18:52:45.579 [Test worker] INFO  com.datacomp.service.cpu.CpuCompressionService - Copied 1048576 bytes of compressed data to final file
2025-11-09 18:52:45.579 [Test worker] INFO  com.datacomp.service.cpu.CpuCompressionService - Compression complete: 1048576 -> 1049224 bytes ({:.2f}%) in {:.2f}s ({:.2f} MB/s)
2025-11-09 18:52:45.580 [Test worker] INFO  com.datacomp.service.cpu.CpuCompressionService - Compressing test.bin (1048576 bytes, {:.2f} GB) into 9.765625E-4 chunks
2025-11-09 18:52:45.580 [Test worker] INFO  com.datacomp.service.cpu.CpuCompressionService - Phase 1: Compressing chunks to temporary file...
2025-11-09 18:52:45.617 [Test worker] INFO  com.datacomp.service.cpu.CpuCompressionService - Chunk 1/1 compressed: 1048576 -> 1048576 bytes (ratio: {:.2f}%, 100.0ms)
2025-11-09 18:52:45.619 [Test worker] INFO  com.datacomp.service.cpu.CpuCompressionService - Phase 1 complete: 1048576 bytes compressed to temp file
2025-11-09 18:52:45.619 [Test worker] INFO  com.datacomp.service.cpu.CpuCompressionService - Phase 2: Writing final compressed file...
2025-11-09 18:52:45.619 [Test worker] INFO  com.datacomp.service.cpu.CpuCompressionService - Header written (1 chunks metadata)
2025-11-09 18:52:45.629 [Test worker] INFO  com.datacomp.service.cpu.CpuCompressionService - Copied 1048576 bytes of compressed data to final file
2025-11-09 18:52:45.630 [Test worker] INFO  com.datacomp.service.cpu.CpuCompressionService - Compression complete: 1048576 -> 1049224 bytes ({:.2f}%) in {:.2f}s ({:.2f} MB/s)
2025-11-09 18:52:45.631 [Test worker] INFO  com.datacomp.service.cpu.CpuCompressionService - Compressing test.bin (1048576 bytes, {:.2f} GB) into 9.765625E-4 chunks
2025-11-09 18:52:45.632 [Test worker] INFO  com.datacomp.service.cpu.CpuCompressionService - Phase 1: Compressing chunks to temporary file...
2025-11-09 18:52:45.669 [Test worker] INFO  com.datacomp.service.cpu.CpuCompressionService - Chunk 1/1 compressed: 1048576 -> 1048576 bytes (ratio: {:.2f}%, 100.0ms)
2025-11-09 18:52:45.670 [Test worker] INFO  com.datacomp.service.cpu.CpuCompressionService - Phase 1 complete: 1048576 bytes compressed to temp file
2025-11-09 18:52:45.670 [Test worker] INFO  com.datacomp.service.cpu.CpuCompressionService - Phase 2: Writing final compressed file...
2025-11-09 18:52:45.672 [Test worker] INFO  com.datacomp.service.cpu.CpuCompressionService - Header written (1 chunks metadata)
2025-11-09 18:52:45.681 [Test worker] INFO  com.datacomp.service.cpu.CpuCompressionService - Copied 1048576 bytes of compressed data to final file
2025-11-09 18:52:45.682 [Test worker] INFO  com.datacomp.service.cpu.CpuCompressionService - Compression complete: 1048576 -> 1049224 bytes ({:.2f}%) in {:.2f}s ({:.2f} MB/s)
2025-11-09 18:52:45.684 [Test worker] INFO  com.datacomp.benchmark.BenchmarkSuite - Benchmark complete: CPU [CPU Compression]: 20.35 MB/s, 100.06% compression, 0.052s total
2025-11-09 18:52:45.688 [Test worker] WARN  com.datacomp.service.gpu.GpuFrequencyService - Failed to initialize TornadoVM device: null
2025-11-09 18:52:45.688 [Test worker] WARN  com.datacomp.service.gpu.GpuCompressionService - GPU not available, will use CPU fallback
2025-11-09 18:52:45.689 [Test worker] INFO  com.datacomp.benchmark.BenchmarkSuite - GPU not available, skipping GPU benchmark
2025-11-09 18:52:45.718 [Test worker] INFO  com.datacomp.service.cpu.CpuCompressionService - Compressing random.bin (10240 bytes, {:.2f} GB) into 9.5367431640625E-6 chunks
2025-11-09 18:52:45.719 [Test worker] INFO  com.datacomp.service.cpu.CpuCompressionService - Phase 1: Compressing chunks to temporary file...
2025-11-09 18:52:45.728 [Test worker] INFO  com.datacomp.service.cpu.CpuCompressionService - Chunk 1/1 compressed: 10240 -> 10239 bytes (ratio: {:.2f}%, 99.990234375ms)
2025-11-09 18:52:45.729 [Test worker] INFO  com.datacomp.service.cpu.CpuCompressionService - Phase 1 complete: 10239 bytes compressed to temp file
2025-11-09 18:52:45.729 [Test worker] INFO  com.datacomp.service.cpu.CpuCompressionService - Phase 2: Writing final compressed file...
2025-11-09 18:52:45.730 [Test worker] INFO  com.datacomp.service.cpu.CpuCompressionService - Header written (1 chunks metadata)
2025-11-09 18:52:45.737 [Test worker] INFO  com.datacomp.service.cpu.CpuCompressionService - Copied 10239 bytes of compressed data to final file
2025-11-09 18:52:45.738 [Test worker] INFO  com.datacomp.service.cpu.CpuCompressionService - Compression complete: 10240 -> 10889 bytes ({:.2f}%) in {:.2f}s ({:.2f} MB/s)
2025-11-09 18:52:45.739 [Test worker] INFO  com.datacomp.service.cpu.CpuCompressionService - Decompressing random.dcz to random.decompressed.bin
2025-11-09 18:52:45.739 [Test worker] INFO  com.datacomp.service.cpu.CpuCompressionService - Input file size: 10889 bytes ({:.2f} GB)
2025-11-09 18:52:45.747 [Test worker] INFO  com.datacomp.service.cpu.CpuCompressionService - Reading compression header...
2025-11-09 18:52:45.748 [Test worker] INFO  com.datacomp.service.cpu.CpuCompressionService - Decompressing 1 chunks, original size: 10240 bytes ({:.2f} GB)
2025-11-09 18:52:45.748 [Test worker] INFO  com.datacomp.service.cpu.CpuCompressionService - Decompressing chunk 1/1: offset=0, compressedSize=10239, originalSize=10240
2025-11-09 18:52:45.751 [Test worker] INFO  com.datacomp.service.cpu.CpuCompressionService - Chunk 1/1 decompressed: 10240 bytes (3ms, checksum OK)
2025-11-09 18:52:45.754 [Test worker] INFO  com.datacomp.service.cpu.CpuCompressionService - Decompression complete: 10240 bytes in {:.2f}s ({:.2f} MB/s)
2025-11-09 18:52:45.754 [Test worker] INFO  com.datacomp.service.cpu.CpuCompressionService - File integrity verified - decompressed 10240 bytes successfully
2025-11-09 18:52:45.769 [Test worker] INFO  com.datacomp.service.cpu.CpuCompressionService - Compressing test.txt (1300 bytes, {:.2f} GB) into 1.210719347000122E-6 chunks
2025-11-09 18:52:45.769 [Test worker] INFO  com.datacomp.service.cpu.CpuCompressionService - Phase 1: Compressing chunks to temporary file...
2025-11-09 18:52:45.771 [Test worker] INFO  com.datacomp.service.cpu.CpuCompressionService - Chunk 1/1 compressed: 1300 -> 500 bytes (ratio: {:.2f}%, 38.46153846153847ms)
2025-11-09 18:52:45.772 [Test worker] INFO  com.datacomp.service.cpu.CpuCompressionService - Phase 1 complete: 500 bytes compressed to temp file
2025-11-09 18:52:45.772 [Test worker] INFO  com.datacomp.service.cpu.CpuCompressionService - Phase 2: Writing final compressed file...
2025-11-09 18:52:45.772 [Test worker] INFO  com.datacomp.service.cpu.CpuCompressionService - Header written (1 chunks metadata)
2025-11-09 18:52:45.774 [Test worker] INFO  com.datacomp.service.cpu.CpuCompressionService - Copied 500 bytes of compressed data to final file
2025-11-09 18:52:45.774 [Test worker] INFO  com.datacomp.service.cpu.CpuCompressionService - Compression complete: 1300 -> 1148 bytes ({:.2f}%) in {:.2f}s ({:.2f} MB/s)
2025-11-09 18:52:45.775 [Test worker] INFO  com.datacomp.service.cpu.CpuCompressionService - Decompressing test.dcz to test.decompressed.txt
2025-11-09 18:52:45.775 [Test worker] INFO  com.datacomp.service.cpu.CpuCompressionService - Input file size: 1148 bytes ({:.2f} GB)
2025-11-09 18:52:45.783 [Test worker] INFO  com.datacomp.service.cpu.CpuCompressionService - Reading compression header...
2025-11-09 18:52:45.784 [Test worker] INFO  com.datacomp.service.cpu.CpuCompressionService - Decompressing 1 chunks, original size: 1300 bytes ({:.2f} GB)
2025-11-09 18:52:45.785 [Test worker] INFO  com.datacomp.service.cpu.CpuCompressionService - Decompressing chunk 1/1: offset=0, compressedSize=500, originalSize=1300
2025-11-09 18:52:45.785 [Test worker] INFO  com.datacomp.service.cpu.CpuCompressionService - Chunk 1/1 decompressed: 1300 bytes (0ms, checksum OK)
2025-11-09 18:52:45.786 [Test worker] INFO  com.datacomp.service.cpu.CpuCompressionService - Decompression complete: 1300 bytes in {:.2f}s ({:.2f} MB/s)
2025-11-09 18:52:45.787 [Test worker] INFO  com.datacomp.service.cpu.CpuCompressionService - File integrity verified - decompressed 1300 bytes successfully
2025-11-09 18:52:45.794 [Test worker] INFO  com.datacomp.service.cpu.CpuCompressionService - Compressing empty.txt (0 bytes, {:.2f} GB) into 0.0 chunks
2025-11-09 18:52:45.794 [Test worker] INFO  com.datacomp.service.cpu.CpuCompressionService - Phase 1: Compressing chunks to temporary file...
2025-11-09 18:52:45.795 [Test worker] INFO  com.datacomp.service.cpu.CpuCompressionService - Phase 1 complete: 0 bytes compressed to temp file
2025-11-09 18:52:45.795 [Test worker] INFO  com.datacomp.service.cpu.CpuCompressionService - Phase 2: Writing final compressed file...
2025-11-09 18:52:45.796 [Test worker] INFO  com.datacomp.service.cpu.CpuCompressionService - Header written (0 chunks metadata)
2025-11-09 18:52:45.796 [Test worker] INFO  com.datacomp.service.cpu.CpuCompressionService - Copied 0 bytes of compressed data to final file
2025-11-09 18:52:45.796 [Test worker] INFO  com.datacomp.service.cpu.CpuCompressionService - Compression complete: 0 -> 77 bytes ({:.2f}%) in {:.2f}s ({:.2f} MB/s)
2025-11-09 18:52:45.797 [Test worker] INFO  com.datacomp.service.cpu.CpuCompressionService - Decompressing empty.dcz to empty.decompressed.txt
2025-11-09 18:52:45.797 [Test worker] INFO  com.datacomp.service.cpu.CpuCompressionService - Input file size: 77 bytes ({:.2f} GB)
2025-11-09 18:52:45.805 [Test worker] INFO  com.datacomp.service.cpu.CpuCompressionService - Reading compression header...
2025-11-09 18:52:45.806 [Test worker] INFO  com.datacomp.service.cpu.CpuCompressionService - Decompressing 0 chunks, original size: 0 bytes ({:.2f} GB)
2025-11-09 18:52:45.806 [Test worker] INFO  com.datacomp.service.cpu.CpuCompressionService - Empty file - no chunks to decompress
2025-11-09 18:52:45.807 [Test worker] INFO  com.datacomp.service.cpu.CpuCompressionService - Decompression complete: 0 bytes in {:.2f}s
2025-11-09 18:52:45.823 [Test worker] INFO  com.datacomp.service.cpu.CpuCompressionService - Compressing large.bin (3145728 bytes, {:.2f} GB) into 0.0029296875 chunks
2025-11-09 18:52:45.824 [Test worker] INFO  com.datacomp.service.cpu.CpuCompressionService - Phase 1: Compressing chunks to temporary file...
2025-11-09 18:52:45.848 [Test worker] INFO  com.datacomp.service.cpu.CpuCompressionService - Chunk 1/3 compressed: 1048576 -> 1048576 bytes (ratio: {:.2f}%, 100.0ms)
2025-11-09 18:52:45.864 [Test worker] INFO  com.datacomp.service.cpu.CpuCompressionService - Chunk 2/3 compressed: 1048576 -> 1048576 bytes (ratio: {:.2f}%, 100.0ms)
2025-11-09 18:52:45.880 [Test worker] INFO  com.datacomp.service.cpu.CpuCompressionService - Chunk 3/3 compressed: 1048576 -> 1048576 bytes (ratio: {:.2f}%, 100.0ms)
2025-11-09 18:52:45.881 [Test worker] INFO  com.datacomp.service.cpu.CpuCompressionService - Phase 1 complete: 3145728 bytes compressed to temp file
2025-11-09 18:52:45.881 [Test worker] INFO  com.datacomp.service.cpu.CpuCompressionService - Phase 2: Writing final compressed file...
2025-11-09 18:52:45.881 [Test worker] INFO  com.datacomp.service.cpu.CpuCompressionService - Header written (3 chunks metadata)
2025-11-09 18:52:45.891 [Test worker] INFO  com.datacomp.service.cpu.CpuCompressionService - Copied 3145728 bytes of compressed data to final file
2025-11-09 18:52:45.892 [Test worker] INFO  com.datacomp.service.cpu.CpuCompressionService - Compression complete: 3145728 -> 3147521 bytes ({:.2f}%) in {:.2f}s ({:.2f} MB/s)
2025-11-09 18:52:45.893 [Test worker] INFO  com.datacomp.service.cpu.CpuCompressionService - Decompressing large.dcz to large.decompressed.bin
2025-11-09 18:52:45.893 [Test worker] INFO  com.datacomp.service.cpu.CpuCompressionService - Input file size: 3147521 bytes ({:.2f} GB)
2025-11-09 18:52:45.902 [Test worker] INFO  com.datacomp.service.cpu.CpuCompressionService - Reading compression header...
2025-11-09 18:52:45.903 [Test worker] INFO  com.datacomp.service.cpu.CpuCompressionService - Decompressing 3 chunks, original size: 3145728 bytes ({:.2f} GB)
2025-11-09 18:52:45.903 [Test worker] INFO  com.datacomp.service.cpu.CpuCompressionService - Decompressing chunk 1/3: offset=0, compressedSize=1048576, originalSize=1048576
2025-11-09 18:52:45.946 [Test worker] INFO  com.datacomp.service.cpu.CpuCompressionService - Chunk 1/3 decompressed: 1048576 bytes (43ms, checksum OK)
2025-11-09 18:52:45.946 [Test worker] INFO  com.datacomp.service.cpu.CpuCompressionService - Decompressing chunk 2/3: offset=1048576, compressedSize=1048576, originalSize=1048576
2025-11-09 18:52:45.985 [Test worker] INFO  com.datacomp.service.cpu.CpuCompressionService - Chunk 2/3 decompressed: 1048576 bytes (39ms, checksum OK)
2025-11-09 18:52:45.985 [Test worker] INFO  com.datacomp.service.cpu.CpuCompressionService - Decompressing chunk 3/3: offset=2097152, compressedSize=1048576, originalSize=1048576
2025-11-09 18:52:46.024 [Test worker] INFO  com.datacomp.service.cpu.CpuCompressionService - Chunk 3/3 decompressed: 1048576 bytes (39ms, checksum OK)
2025-11-09 18:52:46.028 [Test worker] INFO  com.datacomp.service.cpu.CpuCompressionService - Decompression complete: 3145728 bytes in {:.2f}s ({:.2f} MB/s)
2025-11-09 18:52:46.028 [Test worker] INFO  com.datacomp.service.cpu.CpuCompressionService - File integrity verified - decompressed 3145728 bytes successfully
2025-11-09 18:52:46.047 [Test worker] INFO  com.datacomp.service.cpu.CpuCompressionService - Compressing test.txt (29 bytes, {:.2f} GB) into 2.7008354663848877E-8 chunks
2025-11-09 18:52:46.048 [Test worker] INFO  com.datacomp.service.cpu.CpuCompressionService - Phase 1: Compressing chunks to temporary file...
2025-11-09 18:52:46.050 [Test worker] INFO  com.datacomp.service.cpu.CpuCompressionService - Chunk 1/1 compressed: 29 -> 15 bytes (ratio: {:.2f}%, 51.724137931034484ms)
2025-11-09 18:52:46.051 [Test worker] INFO  com.datacomp.service.cpu.CpuCompressionService - Phase 1 complete: 15 bytes compressed to temp file
2025-11-09 18:52:46.051 [Test worker] INFO  com.datacomp.service.cpu.CpuCompressionService - Phase 2: Writing final compressed file...
2025-11-09 18:52:46.051 [Test worker] INFO  com.datacomp.service.cpu.CpuCompressionService - Header written (1 chunks metadata)
2025-11-09 18:52:46.053 [Test worker] INFO  com.datacomp.service.cpu.CpuCompressionService - Copied 15 bytes of compressed data to final file
2025-11-09 18:52:46.053 [Test worker] INFO  com.datacomp.service.cpu.CpuCompressionService - Compression complete: 29 -> 663 bytes ({:.2f}%) in {:.2f}s ({:.2f} MB/s)
2025-11-09 18:52:46.090 [Test worker] WARN  com.datacomp.service.gpu.GpuFrequencyService - Failed to initialize TornadoVM device: Could not initialize class uk.ac.manchester.tornado.api.runtime.TornadoRuntimeProvider
2025-11-09 18:54:19.657 [JavaFX-Launcher] INFO  com.datacomp.ui.DataCompApp - Initializing DataComp application
2025-11-09 18:54:19.874 [JavaFX Application Thread] INFO  com.datacomp.ui.MainViewController - Initializing main view controller
2025-11-09 18:54:20.267 [JavaFX Application Thread] INFO  com.datacomp.service.gpu.GpuFrequencyService - Selected GPU device: NVIDIA GeForce RTX 3050 Ti Laptop GPU CL_DEVICE_TYPE_GPU (available)
2025-11-09 18:54:20.737 [JavaFX Application Thread] INFO  com.datacomp.service.gpu.GpuCompressionService - GPU compression service initialized: GPU (NVIDIA GeForce RTX 3050 Ti Laptop GPU CL_DEVICE_TYPE_GPU (available))
2025-11-09 18:54:20.767 [JavaFX Application Thread] INFO  com.datacomp.service.ServiceFactory - Using GPU compression service
2025-11-09 18:54:20.928 [JavaFX Application Thread] INFO  com.datacomp.ui.DataCompApp - Application started successfully
2025-11-09 18:54:28.010 [JavaFX Application Thread] INFO  com.datacomp.service.gpu.GpuFrequencyService - Selected GPU device: NVIDIA GeForce RTX 3050 Ti Laptop GPU CL_DEVICE_TYPE_GPU (available)
2025-11-09 18:54:28.029 [JavaFX Application Thread] INFO  com.datacomp.service.gpu.GpuCompressionService - GPU compression service initialized: GPU (NVIDIA GeForce RTX 3050 Ti Laptop GPU CL_DEVICE_TYPE_GPU (available))
2025-11-09 18:54:28.048 [JavaFX Application Thread] INFO  com.datacomp.service.ServiceFactory - Using GPU compression service
2025-11-09 18:54:51.869 [JavaFX Application Thread] INFO  com.datacomp.service.gpu.GpuFrequencyService - Selected GPU device: NVIDIA GeForce RTX 3050 Ti Laptop GPU CL_DEVICE_TYPE_GPU (available)
2025-11-09 18:54:51.889 [JavaFX Application Thread] INFO  com.datacomp.service.gpu.GpuCompressionService - GPU compression service initialized: GPU (NVIDIA GeForce RTX 3050 Ti Laptop GPU CL_DEVICE_TYPE_GPU (available))
2025-11-09 18:54:51.906 [JavaFX Application Thread] INFO  com.datacomp.service.ServiceFactory - Using GPU compression service
2025-11-09 18:54:51.935 [pool-2-thread-1] INFO  com.datacomp.service.cpu.CpuCompressionService - Compressing ubuntu-24.04.3-desktop-amd64.iso (0 bytes, {:.2f} GB) into 0.0 chunks
2025-11-09 18:54:51.937 [pool-2-thread-1] INFO  com.datacomp.service.cpu.CpuCompressionService - Phase 1: Compressing chunks to temporary file...
2025-11-09 18:54:51.991 [pool-2-thread-1] INFO  com.datacomp.service.cpu.CpuCompressionService - Phase 1 complete: 0 bytes compressed to temp file
2025-11-09 18:54:51.991 [pool-2-thread-1] INFO  com.datacomp.service.cpu.CpuCompressionService - Phase 2: Writing final compressed file...
2025-11-09 18:54:51.992 [pool-2-thread-1] INFO  com.datacomp.service.cpu.CpuCompressionService - Header written (0 chunks metadata)
2025-11-09 18:54:52.003 [pool-2-thread-1] INFO  com.datacomp.service.cpu.CpuCompressionService - Copied 0 bytes of compressed data to final file
2025-11-09 18:54:52.003 [pool-2-thread-1] INFO  com.datacomp.service.cpu.CpuCompressionService - Compression complete: 0 -> 100 bytes ({:.2f}%) in {:.2f}s ({:.2f} MB/s)
2025-11-09 18:54:55.996 [JavaFX Application Thread] INFO  com.datacomp.service.gpu.GpuFrequencyService - Selected GPU device: NVIDIA GeForce RTX 3050 Ti Laptop GPU CL_DEVICE_TYPE_GPU (available)
2025-11-09 18:54:56.014 [JavaFX Application Thread] INFO  com.datacomp.service.gpu.GpuCompressionService - GPU compression service initialized: GPU (NVIDIA GeForce RTX 3050 Ti Laptop GPU CL_DEVICE_TYPE_GPU (available))
2025-11-09 18:54:56.031 [JavaFX Application Thread] INFO  com.datacomp.service.ServiceFactory - Using GPU compression service
2025-11-09 18:55:03.505 [JavaFX Application Thread] INFO  com.datacomp.service.gpu.GpuFrequencyService - Selected GPU device: NVIDIA GeForce RTX 3050 Ti Laptop GPU CL_DEVICE_TYPE_GPU (available)
2025-11-09 18:55:03.523 [JavaFX Application Thread] INFO  com.datacomp.service.gpu.GpuCompressionService - GPU compression service initialized: GPU (NVIDIA GeForce RTX 3050 Ti Laptop GPU CL_DEVICE_TYPE_GPU (available))
2025-11-09 18:55:03.540 [JavaFX Application Thread] INFO  com.datacomp.service.ServiceFactory - Using GPU compression service
2025-11-09 18:55:03.562 [pool-3-thread-1] INFO  com.datacomp.service.cpu.CpuCompressionService - Compressing Baahubali 2 - The Conclusion  Full Movie  Hindi  Prabhas, Rana Daggubati  SS Rajamouli - Aijaz Khan AT (720p, h264).mp4 (959271222 bytes, {:.2f} GB) into 0.8933909442275763 chunks
2025-11-09 18:55:03.562 [pool-3-thread-1] INFO  com.datacomp.service.cpu.CpuCompressionService - Phase 1: Compressing chunks to temporary file...
2025-11-09 18:55:13.104 [pool-3-thread-1] INFO  com.datacomp.service.cpu.CpuCompressionService - Chunk 1/2 compressed: 536870912 -> 536585005 bytes (ratio: {:.2f}%, 99.94674567133188ms)
2025-11-09 18:55:20.636 [pool-3-thread-1] INFO  com.datacomp.service.cpu.CpuCompressionService - Chunk 2/2 compressed: 422400310 -> 422336657 bytes (ratio: {:.2f}%, 99.98493064552912ms)
2025-11-09 18:55:20.637 [pool-3-thread-1] INFO  com.datacomp.service.cpu.CpuCompressionService - Phase 1 complete: 958921662 bytes compressed to temp file
2025-11-09 18:55:20.637 [pool-3-thread-1] INFO  com.datacomp.service.cpu.CpuCompressionService - Phase 2: Writing final compressed file...
2025-11-09 18:55:20.639 [pool-3-thread-1] INFO  com.datacomp.service.cpu.CpuCompressionService - Header written (2 chunks metadata)
2025-11-09 18:55:21.584 [pool-3-thread-1] INFO  com.datacomp.service.cpu.CpuCompressionService - Copied 958921662 bytes of compressed data to final file
2025-11-09 18:55:21.586 [pool-3-thread-1] INFO  com.datacomp.service.cpu.CpuCompressionService - Compression complete: 959271222 -> 958922993 bytes ({:.2f}%) in {:.2f}s ({:.2f} MB/s)
2025-11-09 18:55:34.946 [JavaFX Application Thread] INFO  com.datacomp.service.gpu.GpuFrequencyService - Selected GPU device: NVIDIA GeForce RTX 3050 Ti Laptop GPU CL_DEVICE_TYPE_GPU (available)
2025-11-09 18:55:34.968 [JavaFX Application Thread] INFO  com.datacomp.service.gpu.GpuCompressionService - GPU compression service initialized: GPU (NVIDIA GeForce RTX 3050 Ti Laptop GPU CL_DEVICE_TYPE_GPU (available))
2025-11-09 18:55:34.982 [JavaFX Application Thread] INFO  com.datacomp.service.ServiceFactory - Using GPU compression service
2025-11-09 18:55:52.192 [JavaFX Application Thread] INFO  com.datacomp.service.gpu.GpuFrequencyService - Selected GPU device: NVIDIA GeForce RTX 3050 Ti Laptop GPU CL_DEVICE_TYPE_GPU (available)
2025-11-09 18:55:52.208 [JavaFX Application Thread] INFO  com.datacomp.service.gpu.GpuCompressionService - GPU compression service initialized: GPU (NVIDIA GeForce RTX 3050 Ti Laptop GPU CL_DEVICE_TYPE_GPU (available))
2025-11-09 18:55:52.223 [JavaFX Application Thread] INFO  com.datacomp.service.ServiceFactory - Using GPU compression service
2025-11-09 18:55:52.225 [pool-4-thread-1] INFO  com.datacomp.service.cpu.CpuCompressionService - Decompressing Baahubali 2 - The Conclusion  Full Movie  Hindi  Prabhas, Rana Daggubati  SS Rajamouli - Aijaz Khan AT (720p, h264).mp4.dcz to Baahubali 2 - The Conclusion  Full Movie  Hindi  Prabhas, Rana Daggubati  SS Rajamouli - Aijaz Khan AT (720p, h264).mp4
2025-11-09 18:55:52.226 [pool-4-thread-1] INFO  com.datacomp.service.cpu.CpuCompressionService - Input file size: 958922993 bytes ({:.2f} GB)
2025-11-09 18:55:52.226 [pool-4-thread-1] INFO  com.datacomp.service.cpu.CpuCompressionService - Reading compression header...
2025-11-09 18:55:52.232 [pool-4-thread-1] INFO  com.datacomp.service.cpu.CpuCompressionService - Decompressing 2 chunks, original size: 959271222 bytes ({:.2f} GB)
2025-11-09 18:55:52.232 [pool-4-thread-1] INFO  com.datacomp.service.cpu.CpuCompressionService - Decompressing chunk 1/2: offset=0, compressedSize=536585005, originalSize=536870912
2025-11-09 18:56:13.337 [pool-4-thread-1] INFO  com.datacomp.service.cpu.CpuCompressionService - Chunk 1/2 decompressed: 536870912 bytes (21105ms, checksum OK)
2025-11-09 18:56:13.338 [pool-4-thread-1] INFO  com.datacomp.service.cpu.CpuCompressionService - Decompressing chunk 2/2: offset=536585005, compressedSize=422336657, originalSize=422400310
2025-11-09 18:56:29.641 [pool-4-thread-1] INFO  com.datacomp.service.cpu.CpuCompressionService - Chunk 2/2 decompressed: 422400310 bytes (16303ms, checksum OK)
2025-11-09 18:56:29.649 [pool-4-thread-1] INFO  com.datacomp.service.cpu.CpuCompressionService - Decompression complete: 959271222 bytes in {:.2f}s ({:.2f} MB/s)
2025-11-09 18:56:29.649 [pool-4-thread-1] INFO  com.datacomp.service.cpu.CpuCompressionService - File integrity verified - decompressed 959271222 bytes successfully
2025-11-09 19:12:39.550 [JavaFX Application Thread] INFO  com.datacomp.ui.DataCompApp - Application stopping
2025-11-09 19:12:49.278 [Test worker] INFO  com.datacomp.service.cpu.CpuCompressionService - Compressing random.bin (10240 bytes, {:.2f} GB) into 9.5367431640625E-6 chunks
2025-11-09 19:12:49.287 [Test worker] INFO  com.datacomp.service.cpu.CpuCompressionService - Phase 1: Compressing chunks (memory-efficient streaming)...
2025-11-09 19:12:49.310 [Test worker] INFO  com.datacomp.service.cpu.CpuCompressionService - Chunk 1/1 compressed: 10240 -> 10239 bytes (ratio: {:.2f}%, 99.990234375ms) [{:.1f}% complete, {:.2f}/{:.2f} GB]
2025-11-09 19:12:49.310 [Test worker] INFO  com.datacomp.service.cpu.CpuCompressionService - Phase 1: All data flushed to temp file
2025-11-09 19:12:49.312 [Test worker] INFO  com.datacomp.service.cpu.CpuCompressionService - Phase 1 complete: 10239 bytes ({:.2f} GB) compressed to temp file
2025-11-09 19:12:49.312 [Test worker] INFO  com.datacomp.service.cpu.CpuCompressionService - Phase 2: Assembling final compressed file...
2025-11-09 19:12:49.314 [Test worker] INFO  com.datacomp.service.cpu.CpuCompressionService - Header written (1 chunks metadata)
2025-11-09 19:12:49.326 [Test worker] INFO  com.datacomp.service.cpu.CpuCompressionService - Copied 10239 bytes ({:.2f} GB) of compressed data to final file
2025-11-09 19:12:49.434 [Test worker] INFO  com.datacomp.service.cpu.CpuCompressionService - Compression complete: 10240 -> 10889 bytes ({:.2f}%) in {:.2f}s ({:.2f} MB/s)
2025-11-09 19:12:49.434 [Test worker] INFO  com.datacomp.service.cpu.CpuCompressionService - SUCCESS: Final file size verified: {:.2f} GB
2025-11-09 19:12:49.435 [Test worker] INFO  com.datacomp.service.cpu.CpuCompressionService - Decompressing random.dcz to random.decompressed.bin
2025-11-09 19:12:49.436 [Test worker] INFO  com.datacomp.service.cpu.CpuCompressionService - Input file size: 10889 bytes ({:.2f} GB)
2025-11-09 19:12:49.447 [Test worker] INFO  com.datacomp.service.cpu.CpuCompressionService - Reading compression header...
2025-11-09 19:12:49.448 [Test worker] INFO  com.datacomp.service.cpu.CpuCompressionService - Decompressing 1 chunks, original size: 10240 bytes ({:.2f} GB)
2025-11-09 19:12:49.449 [Test worker] INFO  com.datacomp.service.cpu.CpuCompressionService - Decompressing chunk 1/1: offset=0, compressedSize=10239, originalSize=10240 [{:.1f}% complete, {:.2f}/{:.2f} GB]
2025-11-09 19:12:49.454 [Test worker] INFO  com.datacomp.service.cpu.CpuCompressionService - Chunk 1/1 decompressed: 10240 bytes (5ms, checksum OK)
2025-11-09 19:12:49.459 [Test worker] INFO  com.datacomp.service.cpu.CpuCompressionService - All data synchronized to disk
2025-11-09 19:12:49.572 [Test worker] INFO  com.datacomp.service.cpu.CpuCompressionService - Decompression complete: 10240 bytes ({:.2f} GB) in {:.2f}s ({:.2f} MB/s)
2025-11-09 19:12:49.572 [Test worker] INFO  com.datacomp.service.cpu.CpuCompressionService - File integrity verified - decompressed 10240 bytes successfully
2025-11-09 19:12:49.572 [Test worker] INFO  com.datacomp.service.cpu.CpuCompressionService - SUCCESS: Checksum validation passed for all 1 chunks
2025-11-09 19:12:49.603 [Test worker] INFO  com.datacomp.service.cpu.CpuCompressionService - Compressing test.txt (1300 bytes, {:.2f} GB) into 1.210719347000122E-6 chunks
2025-11-09 19:12:49.604 [Test worker] INFO  com.datacomp.service.cpu.CpuCompressionService - Phase 1: Compressing chunks (memory-efficient streaming)...
2025-11-09 19:12:49.607 [Test worker] INFO  com.datacomp.service.cpu.CpuCompressionService - Chunk 1/1 compressed: 1300 -> 500 bytes (ratio: {:.2f}%, 38.46153846153847ms) [{:.1f}% complete, {:.2f}/{:.2f} GB]
2025-11-09 19:12:49.608 [Test worker] INFO  com.datacomp.service.cpu.CpuCompressionService - Phase 1: All data flushed to temp file
2025-11-09 19:12:49.608 [Test worker] INFO  com.datacomp.service.cpu.CpuCompressionService - Phase 1 complete: 500 bytes ({:.2f} GB) compressed to temp file
2025-11-09 19:12:49.608 [Test worker] INFO  com.datacomp.service.cpu.CpuCompressionService - Phase 2: Assembling final compressed file...
2025-11-09 19:12:49.610 [Test worker] INFO  com.datacomp.service.cpu.CpuCompressionService - Header written (1 chunks metadata)
2025-11-09 19:12:49.613 [Test worker] INFO  com.datacomp.service.cpu.CpuCompressionService - Copied 500 bytes ({:.2f} GB) of compressed data to final file
2025-11-09 19:12:49.727 [Test worker] INFO  com.datacomp.service.cpu.CpuCompressionService - Compression complete: 1300 -> 1148 bytes ({:.2f}%) in {:.2f}s ({:.2f} MB/s)
2025-11-09 19:12:49.727 [Test worker] INFO  com.datacomp.service.cpu.CpuCompressionService - SUCCESS: Final file size verified: {:.2f} GB
2025-11-09 19:12:49.728 [Test worker] INFO  com.datacomp.service.cpu.CpuCompressionService - Decompressing test.dcz to test.decompressed.txt
2025-11-09 19:12:49.729 [Test worker] INFO  com.datacomp.service.cpu.CpuCompressionService - Input file size: 1148 bytes ({:.2f} GB)
2025-11-09 19:12:49.738 [Test worker] INFO  com.datacomp.service.cpu.CpuCompressionService - Reading compression header...
2025-11-09 19:12:49.739 [Test worker] INFO  com.datacomp.service.cpu.CpuCompressionService - Decompressing 1 chunks, original size: 1300 bytes ({:.2f} GB)
2025-11-09 19:12:49.739 [Test worker] INFO  com.datacomp.service.cpu.CpuCompressionService - Decompressing chunk 1/1: offset=0, compressedSize=500, originalSize=1300 [{:.1f}% complete, {:.2f}/{:.2f} GB]
2025-11-09 19:12:49.739 [Test worker] INFO  com.datacomp.service.cpu.CpuCompressionService - Chunk 1/1 decompressed: 1300 bytes (0ms, checksum OK)
2025-11-09 19:12:49.742 [Test worker] INFO  com.datacomp.service.cpu.CpuCompressionService - All data synchronized to disk
2025-11-09 19:12:49.851 [Test worker] INFO  com.datacomp.service.cpu.CpuCompressionService - Decompression complete: 1300 bytes ({:.2f} GB) in {:.2f}s ({:.2f} MB/s)
2025-11-09 19:12:49.851 [Test worker] INFO  com.datacomp.service.cpu.CpuCompressionService - File integrity verified - decompressed 1300 bytes successfully
2025-11-09 19:12:49.851 [Test worker] INFO  com.datacomp.service.cpu.CpuCompressionService - SUCCESS: Checksum validation passed for all 1 chunks
2025-11-09 19:12:49.859 [Test worker] INFO  com.datacomp.service.cpu.CpuCompressionService - Compressing empty.txt (0 bytes, {:.2f} GB) into 0.0 chunks
2025-11-09 19:12:49.859 [Test worker] INFO  com.datacomp.service.cpu.CpuCompressionService - Phase 1: Compressing chunks (memory-efficient streaming)...
2025-11-09 19:12:49.861 [Test worker] INFO  com.datacomp.service.cpu.CpuCompressionService - Phase 1: All data flushed to temp file
2025-11-09 19:12:49.862 [Test worker] INFO  com.datacomp.service.cpu.CpuCompressionService - Phase 1 complete: 0 bytes ({:.2f} GB) compressed to temp file
2025-11-09 19:12:49.862 [Test worker] INFO  com.datacomp.service.cpu.CpuCompressionService - Phase 2: Assembling final compressed file...
2025-11-09 19:12:49.863 [Test worker] INFO  com.datacomp.service.cpu.CpuCompressionService - Header written (0 chunks metadata)
2025-11-09 19:12:49.864 [Test worker] INFO  com.datacomp.service.cpu.CpuCompressionService - Copied 0 bytes ({:.2f} GB) of compressed data to final file
2025-11-09 19:12:49.973 [Test worker] INFO  com.datacomp.service.cpu.CpuCompressionService - Compression complete: 0 -> 77 bytes ({:.2f}%) in {:.2f}s ({:.2f} MB/s)
2025-11-09 19:12:49.973 [Test worker] INFO  com.datacomp.service.cpu.CpuCompressionService - SUCCESS: Final file size verified: {:.2f} GB
2025-11-09 19:12:49.974 [Test worker] INFO  com.datacomp.service.cpu.CpuCompressionService - Decompressing empty.dcz to empty.decompressed.txt
2025-11-09 19:12:49.974 [Test worker] INFO  com.datacomp.service.cpu.CpuCompressionService - Input file size: 77 bytes ({:.2f} GB)
2025-11-09 19:12:49.983 [Test worker] INFO  com.datacomp.service.cpu.CpuCompressionService - Reading compression header...
2025-11-09 19:12:49.983 [Test worker] INFO  com.datacomp.service.cpu.CpuCompressionService - Decompressing 0 chunks, original size: 0 bytes ({:.2f} GB)
2025-11-09 19:12:49.983 [Test worker] INFO  com.datacomp.service.cpu.CpuCompressionService - Empty file - no chunks to decompress
2025-11-09 19:12:49.990 [Test worker] INFO  com.datacomp.service.cpu.CpuCompressionService - Decompression complete: 0 bytes in {:.2f}s
2025-11-09 19:12:50.010 [Test worker] INFO  com.datacomp.service.cpu.CpuCompressionService - Compressing large.bin (3145728 bytes, {:.2f} GB) into 0.0029296875 chunks
2025-11-09 19:12:50.011 [Test worker] INFO  com.datacomp.service.cpu.CpuCompressionService - Phase 1: Compressing chunks (memory-efficient streaming)...
2025-11-09 19:12:50.082 [Test worker] INFO  com.datacomp.service.cpu.CpuCompressionService - Chunk 1/3 compressed: 1048576 -> 1048576 bytes (ratio: {:.2f}%, 100.0ms) [{:.1f}% complete, {:.2f}/{:.2f} GB]
2025-11-09 19:12:50.108 [Test worker] INFO  com.datacomp.service.cpu.CpuCompressionService - Chunk 2/3 compressed: 1048576 -> 1048576 bytes (ratio: {:.2f}%, 100.0ms) [{:.1f}% complete, {:.2f}/{:.2f} GB]
2025-11-09 19:12:50.127 [Test worker] INFO  com.datacomp.service.cpu.CpuCompressionService - Chunk 3/3 compressed: 1048576 -> 1048576 bytes (ratio: {:.2f}%, 100.0ms) [{:.1f}% complete, {:.2f}/{:.2f} GB]
2025-11-09 19:12:50.128 [Test worker] INFO  com.datacomp.service.cpu.CpuCompressionService - Phase 1: All data flushed to temp file
2025-11-09 19:12:50.128 [Test worker] INFO  com.datacomp.service.cpu.CpuCompressionService - Phase 1 complete: 3145728 bytes ({:.2f} GB) compressed to temp file
2025-11-09 19:12:50.129 [Test worker] INFO  com.datacomp.service.cpu.CpuCompressionService - Phase 2: Assembling final compressed file...
2025-11-09 19:12:50.130 [Test worker] INFO  com.datacomp.service.cpu.CpuCompressionService - Header written (3 chunks metadata)
2025-11-09 19:12:50.146 [Test worker] INFO  com.datacomp.service.cpu.CpuCompressionService - Copied 3145728 bytes ({:.2f} GB) of compressed data to final file
2025-11-09 19:12:50.253 [Test worker] INFO  com.datacomp.service.cpu.CpuCompressionService - Compression complete: 3145728 -> 3147521 bytes ({:.2f}%) in {:.2f}s ({:.2f} MB/s)
2025-11-09 19:12:50.253 [Test worker] INFO  com.datacomp.service.cpu.CpuCompressionService - SUCCESS: Final file size verified: {:.2f} GB
2025-11-09 19:12:50.254 [Test worker] INFO  com.datacomp.service.cpu.CpuCompressionService - Decompressing large.dcz to large.decompressed.bin
2025-11-09 19:12:50.254 [Test worker] INFO  com.datacomp.service.cpu.CpuCompressionService - Input file size: 3147521 bytes ({:.2f} GB)
2025-11-09 19:12:50.264 [Test worker] INFO  com.datacomp.service.cpu.CpuCompressionService - Reading compression header...
2025-11-09 19:12:50.265 [Test worker] INFO  com.datacomp.service.cpu.CpuCompressionService - Decompressing 3 chunks, original size: 3145728 bytes ({:.2f} GB)
2025-11-09 19:12:50.265 [Test worker] INFO  com.datacomp.service.cpu.CpuCompressionService - Decompressing chunk 1/3: offset=0, compressedSize=1048576, originalSize=1048576 [{:.1f}% complete, {:.2f}/{:.2f} GB]
2025-11-09 19:12:50.316 [Test worker] INFO  com.datacomp.service.cpu.CpuCompressionService - Chunk 1/3 decompressed: 1048576 bytes (51ms, checksum OK)
2025-11-09 19:12:50.317 [Test worker] INFO  com.datacomp.service.cpu.CpuCompressionService - Decompressing chunk 2/3: offset=1048576, compressedSize=1048576, originalSize=1048576 [{:.1f}% complete, {:.2f}/{:.2f} GB]
2025-11-09 19:12:50.366 [Test worker] INFO  com.datacomp.service.cpu.CpuCompressionService - Chunk 2/3 decompressed: 1048576 bytes (49ms, checksum OK)
2025-11-09 19:12:50.367 [Test worker] INFO  com.datacomp.service.cpu.CpuCompressionService - Decompressing chunk 3/3: offset=2097152, compressedSize=1048576, originalSize=1048576 [{:.1f}% complete, {:.2f}/{:.2f} GB]
2025-11-09 19:12:50.414 [Test worker] INFO  com.datacomp.service.cpu.CpuCompressionService - Chunk 3/3 decompressed: 1048576 bytes (47ms, checksum OK)
2025-11-09 19:12:50.418 [Test worker] INFO  com.datacomp.service.cpu.CpuCompressionService - All data synchronized to disk
2025-11-09 19:12:50.531 [Test worker] INFO  com.datacomp.service.cpu.CpuCompressionService - Decompression complete: 3145728 bytes ({:.2f} GB) in {:.2f}s ({:.2f} MB/s)
2025-11-09 19:12:50.531 [Test worker] INFO  com.datacomp.service.cpu.CpuCompressionService - File integrity verified - decompressed 3145728 bytes successfully
2025-11-09 19:12:50.531 [Test worker] INFO  com.datacomp.service.cpu.CpuCompressionService - SUCCESS: Checksum validation passed for all 3 chunks
2025-11-09 19:12:50.558 [Test worker] INFO  com.datacomp.service.cpu.CpuCompressionService - Compressing test.txt (29 bytes, {:.2f} GB) into 2.7008354663848877E-8 chunks
2025-11-09 19:12:50.558 [Test worker] INFO  com.datacomp.service.cpu.CpuCompressionService - Phase 1: Compressing chunks (memory-efficient streaming)...
2025-11-09 19:12:50.561 [Test worker] INFO  com.datacomp.service.cpu.CpuCompressionService - Chunk 1/1 compressed: 29 -> 15 bytes (ratio: {:.2f}%, 51.724137931034484ms) [{:.1f}% complete, {:.2f}/{:.2f} GB]
2025-11-09 19:12:50.562 [Test worker] INFO  com.datacomp.service.cpu.CpuCompressionService - Phase 1: All data flushed to temp file
2025-11-09 19:12:50.562 [Test worker] INFO  com.datacomp.service.cpu.CpuCompressionService - Phase 1 complete: 15 bytes ({:.2f} GB) compressed to temp file
2025-11-09 19:12:50.562 [Test worker] INFO  com.datacomp.service.cpu.CpuCompressionService - Phase 2: Assembling final compressed file...
2025-11-09 19:12:50.563 [Test worker] INFO  com.datacomp.service.cpu.CpuCompressionService - Header written (1 chunks metadata)
2025-11-09 19:12:50.565 [Test worker] INFO  com.datacomp.service.cpu.CpuCompressionService - Copied 15 bytes ({:.2f} GB) of compressed data to final file
2025-11-09 19:12:50.669 [Test worker] INFO  com.datacomp.service.cpu.CpuCompressionService - Compression complete: 29 -> 663 bytes ({:.2f}%) in {:.2f}s ({:.2f} MB/s)
2025-11-09 19:12:50.669 [Test worker] INFO  com.datacomp.service.cpu.CpuCompressionService - SUCCESS: Final file size verified: {:.2f} GB
2025-11-09 19:15:51.746 [Test worker] INFO  com.datacomp.util.TestDataGenerator - Generating 1MB random test file: C:\Users\Lenovo\AppData\Local\Temp\junit18226986115936875131\test.bin
2025-11-09 19:15:51.759 [Test worker] INFO  com.datacomp.util.TestDataGenerator - Test file generated: 1048576 bytes
2025-11-09 19:15:51.759 [Test worker] INFO  com.datacomp.benchmark.BenchmarkSuite - Starting benchmark suite on file: C:\Users\Lenovo\AppData\Local\Temp\junit18226986115936875131\test.bin
2025-11-09 19:15:51.762 [Test worker] INFO  com.datacomp.benchmark.BenchmarkSuite - Benchmarking CPU: CPU Compression
2025-11-09 19:15:51.763 [Test worker] INFO  com.datacomp.service.cpu.CpuCompressionService - Compressing test.bin (1048576 bytes, {:.2f} GB) into 9.765625E-4 chunks
2025-11-09 19:15:51.767 [Test worker] INFO  com.datacomp.service.cpu.CpuCompressionService - Phase 1: Compressing chunks (memory-efficient streaming)...
2025-11-09 19:15:51.889 [Test worker] INFO  com.datacomp.service.cpu.CpuCompressionService - Chunk 1/1 compressed: 1048576 -> 1048576 bytes (ratio: {:.2f}%, 100.0ms) [{:.1f}% complete, {:.2f}/{:.2f} GB]
2025-11-09 19:15:51.889 [Test worker] INFO  com.datacomp.service.cpu.CpuCompressionService - Phase 1: All data flushed to temp file
2025-11-09 19:15:51.889 [Test worker] INFO  com.datacomp.service.cpu.CpuCompressionService - Phase 1 complete: 1048576 bytes ({:.2f} GB) compressed to temp file
2025-11-09 19:15:51.890 [Test worker] INFO  com.datacomp.service.cpu.CpuCompressionService - Phase 2: Assembling final compressed file...
2025-11-09 19:15:51.891 [Test worker] INFO  com.datacomp.service.cpu.CpuCompressionService - Header written (1 chunks metadata)
2025-11-09 19:15:51.902 [Test worker] INFO  com.datacomp.service.cpu.CpuCompressionService - Copied 1048576 bytes ({:.2f} GB) of compressed data to final file
2025-11-09 19:15:52.018 [Test worker] INFO  com.datacomp.service.cpu.CpuCompressionService - Compression complete: 1048576 -> 1049224 bytes ({:.2f}%) in {:.2f}s ({:.2f} MB/s)
2025-11-09 19:15:52.019 [Test worker] INFO  com.datacomp.service.cpu.CpuCompressionService - SUCCESS: Final file size verified: {:.2f} GB
2025-11-09 19:15:52.021 [Test worker] INFO  com.datacomp.service.cpu.CpuCompressionService - Compressing test.bin (1048576 bytes, {:.2f} GB) into 9.765625E-4 chunks
2025-11-09 19:15:52.022 [Test worker] INFO  com.datacomp.service.cpu.CpuCompressionService - Phase 1: Compressing chunks (memory-efficient streaming)...
2025-11-09 19:15:52.104 [Test worker] INFO  com.datacomp.service.cpu.CpuCompressionService - Chunk 1/1 compressed: 1048576 -> 1048576 bytes (ratio: {:.2f}%, 100.0ms) [{:.1f}% complete, {:.2f}/{:.2f} GB]
2025-11-09 19:15:52.106 [Test worker] INFO  com.datacomp.service.cpu.CpuCompressionService - Phase 1: All data flushed to temp file
2025-11-09 19:15:52.106 [Test worker] INFO  com.datacomp.service.cpu.CpuCompressionService - Phase 1 complete: 1048576 bytes ({:.2f} GB) compressed to temp file
2025-11-09 19:15:52.106 [Test worker] INFO  com.datacomp.service.cpu.CpuCompressionService - Phase 2: Assembling final compressed file...
2025-11-09 19:15:52.107 [Test worker] INFO  com.datacomp.service.cpu.CpuCompressionService - Header written (1 chunks metadata)
2025-11-09 19:15:52.119 [Test worker] INFO  com.datacomp.service.cpu.CpuCompressionService - Copied 1048576 bytes ({:.2f} GB) of compressed data to final file
2025-11-09 19:15:52.235 [Test worker] INFO  com.datacomp.service.cpu.CpuCompressionService - Compression complete: 1048576 -> 1049224 bytes ({:.2f}%) in {:.2f}s ({:.2f} MB/s)
2025-11-09 19:15:52.235 [Test worker] INFO  com.datacomp.service.cpu.CpuCompressionService - SUCCESS: Final file size verified: {:.2f} GB
2025-11-09 19:15:52.236 [Test worker] INFO  com.datacomp.service.cpu.CpuCompressionService - Compressing test.bin (1048576 bytes, {:.2f} GB) into 9.765625E-4 chunks
2025-11-09 19:15:52.237 [Test worker] INFO  com.datacomp.service.cpu.CpuCompressionService - Phase 1: Compressing chunks (memory-efficient streaming)...
2025-11-09 19:15:52.309 [Test worker] INFO  com.datacomp.service.cpu.CpuCompressionService - Chunk 1/1 compressed: 1048576 -> 1048576 bytes (ratio: {:.2f}%, 100.0ms) [{:.1f}% complete, {:.2f}/{:.2f} GB]
2025-11-09 19:15:52.309 [Test worker] INFO  com.datacomp.service.cpu.CpuCompressionService - Phase 1: All data flushed to temp file
2025-11-09 19:15:52.310 [Test worker] INFO  com.datacomp.service.cpu.CpuCompressionService - Phase 1 complete: 1048576 bytes ({:.2f} GB) compressed to temp file
2025-11-09 19:15:52.310 [Test worker] INFO  com.datacomp.service.cpu.CpuCompressionService - Phase 2: Assembling final compressed file...
2025-11-09 19:15:52.312 [Test worker] INFO  com.datacomp.service.cpu.CpuCompressionService - Header written (1 chunks metadata)
2025-11-09 19:15:52.322 [Test worker] INFO  com.datacomp.service.cpu.CpuCompressionService - Copied 1048576 bytes ({:.2f} GB) of compressed data to final file
2025-11-09 19:15:52.437 [Test worker] INFO  com.datacomp.service.cpu.CpuCompressionService - Compression complete: 1048576 -> 1049224 bytes ({:.2f}%) in {:.2f}s ({:.2f} MB/s)
2025-11-09 19:15:52.437 [Test worker] INFO  com.datacomp.service.cpu.CpuCompressionService - SUCCESS: Final file size verified: {:.2f} GB
2025-11-09 19:15:52.438 [Test worker] INFO  com.datacomp.service.cpu.CpuCompressionService - Compressing test.bin (1048576 bytes, {:.2f} GB) into 9.765625E-4 chunks
2025-11-09 19:15:52.439 [Test worker] INFO  com.datacomp.service.cpu.CpuCompressionService - Phase 1: Compressing chunks (memory-efficient streaming)...
2025-11-09 19:15:52.486 [Test worker] INFO  com.datacomp.service.cpu.CpuCompressionService - Chunk 1/1 compressed: 1048576 -> 1048576 bytes (ratio: {:.2f}%, 100.0ms) [{:.1f}% complete, {:.2f}/{:.2f} GB]
2025-11-09 19:15:52.486 [Test worker] INFO  com.datacomp.service.cpu.CpuCompressionService - Phase 1: All data flushed to temp file
2025-11-09 19:15:52.487 [Test worker] INFO  com.datacomp.service.cpu.CpuCompressionService - Phase 1 complete: 1048576 bytes ({:.2f} GB) compressed to temp file
2025-11-09 19:15:52.487 [Test worker] INFO  com.datacomp.service.cpu.CpuCompressionService - Phase 2: Assembling final compressed file...
2025-11-09 19:15:52.487 [Test worker] INFO  com.datacomp.service.cpu.CpuCompressionService - Header written (1 chunks metadata)
2025-11-09 19:15:52.499 [Test worker] INFO  com.datacomp.service.cpu.CpuCompressionService - Copied 1048576 bytes ({:.2f} GB) of compressed data to final file
2025-11-09 19:15:52.607 [Test worker] INFO  com.datacomp.service.cpu.CpuCompressionService - Compression complete: 1048576 -> 1049224 bytes ({:.2f}%) in {:.2f}s ({:.2f} MB/s)
2025-11-09 19:15:52.607 [Test worker] INFO  com.datacomp.service.cpu.CpuCompressionService - SUCCESS: Final file size verified: {:.2f} GB
2025-11-09 19:15:52.608 [Test worker] INFO  com.datacomp.service.cpu.CpuCompressionService - Compressing test.bin (1048576 bytes, {:.2f} GB) into 9.765625E-4 chunks
2025-11-09 19:15:52.609 [Test worker] INFO  com.datacomp.service.cpu.CpuCompressionService - Phase 1: Compressing chunks (memory-efficient streaming)...
2025-11-09 19:15:52.645 [Test worker] INFO  com.datacomp.service.cpu.CpuCompressionService - Chunk 1/1 compressed: 1048576 -> 1048576 bytes (ratio: {:.2f}%, 100.0ms) [{:.1f}% complete, {:.2f}/{:.2f} GB]
2025-11-09 19:15:52.645 [Test worker] INFO  com.datacomp.service.cpu.CpuCompressionService - Phase 1: All data flushed to temp file
2025-11-09 19:15:52.645 [Test worker] INFO  com.datacomp.service.cpu.CpuCompressionService - Phase 1 complete: 1048576 bytes ({:.2f} GB) compressed to temp file
2025-11-09 19:15:52.646 [Test worker] INFO  com.datacomp.service.cpu.CpuCompressionService - Phase 2: Assembling final compressed file...
2025-11-09 19:15:52.646 [Test worker] INFO  com.datacomp.service.cpu.CpuCompressionService - Header written (1 chunks metadata)
2025-11-09 19:15:52.657 [Test worker] INFO  com.datacomp.service.cpu.CpuCompressionService - Copied 1048576 bytes ({:.2f} GB) of compressed data to final file
2025-11-09 19:15:52.764 [Test worker] INFO  com.datacomp.service.cpu.CpuCompressionService - Compression complete: 1048576 -> 1049224 bytes ({:.2f}%) in {:.2f}s ({:.2f} MB/s)
2025-11-09 19:15:52.764 [Test worker] INFO  com.datacomp.service.cpu.CpuCompressionService - SUCCESS: Final file size verified: {:.2f} GB
2025-11-09 19:15:52.765 [Test worker] INFO  com.datacomp.service.cpu.CpuCompressionService - Compressing test.bin (1048576 bytes, {:.2f} GB) into 9.765625E-4 chunks
2025-11-09 19:15:52.765 [Test worker] INFO  com.datacomp.service.cpu.CpuCompressionService - Phase 1: Compressing chunks (memory-efficient streaming)...
2025-11-09 19:15:52.799 [Test worker] INFO  com.datacomp.service.cpu.CpuCompressionService - Chunk 1/1 compressed: 1048576 -> 1048576 bytes (ratio: {:.2f}%, 100.0ms) [{:.1f}% complete, {:.2f}/{:.2f} GB]
2025-11-09 19:15:52.799 [Test worker] INFO  com.datacomp.service.cpu.CpuCompressionService - Phase 1: All data flushed to temp file
2025-11-09 19:15:52.800 [Test worker] INFO  com.datacomp.service.cpu.CpuCompressionService - Phase 1 complete: 1048576 bytes ({:.2f} GB) compressed to temp file
2025-11-09 19:15:52.800 [Test worker] INFO  com.datacomp.service.cpu.CpuCompressionService - Phase 2: Assembling final compressed file...
2025-11-09 19:15:52.801 [Test worker] INFO  com.datacomp.service.cpu.CpuCompressionService - Header written (1 chunks metadata)
2025-11-09 19:15:52.812 [Test worker] INFO  com.datacomp.service.cpu.CpuCompressionService - Copied 1048576 bytes ({:.2f} GB) of compressed data to final file
2025-11-09 19:15:52.921 [Test worker] INFO  com.datacomp.service.cpu.CpuCompressionService - Compression complete: 1048576 -> 1049224 bytes ({:.2f}%) in {:.2f}s ({:.2f} MB/s)
2025-11-09 19:15:52.921 [Test worker] INFO  com.datacomp.service.cpu.CpuCompressionService - SUCCESS: Final file size verified: {:.2f} GB
2025-11-09 19:15:52.922 [Test worker] INFO  com.datacomp.service.cpu.CpuCompressionService - Compressing test.bin (1048576 bytes, {:.2f} GB) into 9.765625E-4 chunks
2025-11-09 19:15:52.922 [Test worker] INFO  com.datacomp.service.cpu.CpuCompressionService - Phase 1: Compressing chunks (memory-efficient streaming)...
2025-11-09 19:15:52.964 [Test worker] INFO  com.datacomp.service.cpu.CpuCompressionService - Chunk 1/1 compressed: 1048576 -> 1048576 bytes (ratio: {:.2f}%, 100.0ms) [{:.1f}% complete, {:.2f}/{:.2f} GB]
2025-11-09 19:15:52.964 [Test worker] INFO  com.datacomp.service.cpu.CpuCompressionService - Phase 1: All data flushed to temp file
2025-11-09 19:15:52.964 [Test worker] INFO  com.datacomp.service.cpu.CpuCompressionService - Phase 1 complete: 1048576 bytes ({:.2f} GB) compressed to temp file
2025-11-09 19:15:52.964 [Test worker] INFO  com.datacomp.service.cpu.CpuCompressionService - Phase 2: Assembling final compressed file...
2025-11-09 19:15:52.965 [Test worker] INFO  com.datacomp.service.cpu.CpuCompressionService - Header written (1 chunks metadata)
2025-11-09 19:15:52.977 [Test worker] INFO  com.datacomp.service.cpu.CpuCompressionService - Copied 1048576 bytes ({:.2f} GB) of compressed data to final file
2025-11-09 19:15:53.091 [Test worker] INFO  com.datacomp.service.cpu.CpuCompressionService - Compression complete: 1048576 -> 1049224 bytes ({:.2f}%) in {:.2f}s ({:.2f} MB/s)
2025-11-09 19:15:53.091 [Test worker] INFO  com.datacomp.service.cpu.CpuCompressionService - SUCCESS: Final file size verified: {:.2f} GB
2025-11-09 19:15:53.092 [Test worker] INFO  com.datacomp.service.cpu.CpuCompressionService - Compressing test.bin (1048576 bytes, {:.2f} GB) into 9.765625E-4 chunks
2025-11-09 19:15:53.092 [Test worker] INFO  com.datacomp.service.cpu.CpuCompressionService - Phase 1: Compressing chunks (memory-efficient streaming)...
2025-11-09 19:15:53.131 [Test worker] INFO  com.datacomp.service.cpu.CpuCompressionService - Chunk 1/1 compressed: 1048576 -> 1048576 bytes (ratio: {:.2f}%, 100.0ms) [{:.1f}% complete, {:.2f}/{:.2f} GB]
2025-11-09 19:15:53.131 [Test worker] INFO  com.datacomp.service.cpu.CpuCompressionService - Phase 1: All data flushed to temp file
2025-11-09 19:15:53.133 [Test worker] INFO  com.datacomp.service.cpu.CpuCompressionService - Phase 1 complete: 1048576 bytes ({:.2f} GB) compressed to temp file
2025-11-09 19:15:53.133 [Test worker] INFO  com.datacomp.service.cpu.CpuCompressionService - Phase 2: Assembling final compressed file...
2025-11-09 19:15:53.134 [Test worker] INFO  com.datacomp.service.cpu.CpuCompressionService - Header written (1 chunks metadata)
2025-11-09 19:15:53.145 [Test worker] INFO  com.datacomp.service.cpu.CpuCompressionService - Copied 1048576 bytes ({:.2f} GB) of compressed data to final file
2025-11-09 19:15:53.247 [Test worker] INFO  com.datacomp.service.cpu.CpuCompressionService - Compression complete: 1048576 -> 1049224 bytes ({:.2f}%) in {:.2f}s ({:.2f} MB/s)
2025-11-09 19:15:53.247 [Test worker] INFO  com.datacomp.service.cpu.CpuCompressionService - SUCCESS: Final file size verified: {:.2f} GB
2025-11-09 19:15:53.249 [Test worker] INFO  com.datacomp.benchmark.BenchmarkSuite - Benchmark complete: CPU [CPU Compression]: 6.49 MB/s, 100.06% compression, 0.162s total
2025-11-09 19:15:53.253 [Test worker] WARN  com.datacomp.service.gpu.GpuFrequencyService - Failed to initialize TornadoVM device: null
2025-11-09 19:15:53.254 [Test worker] WARN  com.datacomp.service.gpu.GpuCompressionService - GPU not available, will use CPU fallback
2025-11-09 19:15:53.254 [Test worker] INFO  com.datacomp.benchmark.BenchmarkSuite - GPU not available, skipping GPU benchmark
2025-11-09 19:15:53.284 [Test worker] INFO  com.datacomp.service.cpu.CpuCompressionService - Compressing random.bin (10240 bytes, {:.2f} GB) into 9.5367431640625E-6 chunks
2025-11-09 19:15:53.285 [Test worker] INFO  com.datacomp.service.cpu.CpuCompressionService - Phase 1: Compressing chunks (memory-efficient streaming)...
2025-11-09 19:15:53.297 [Test worker] INFO  com.datacomp.service.cpu.CpuCompressionService - Chunk 1/1 compressed: 10240 -> 10239 bytes (ratio: {:.2f}%, 99.990234375ms) [{:.1f}% complete, {:.2f}/{:.2f} GB]
2025-11-09 19:15:53.297 [Test worker] INFO  com.datacomp.service.cpu.CpuCompressionService - Phase 1: All data flushed to temp file
2025-11-09 19:15:53.297 [Test worker] INFO  com.datacomp.service.cpu.CpuCompressionService - Phase 1 complete: 10239 bytes ({:.2f} GB) compressed to temp file
2025-11-09 19:15:53.297 [Test worker] INFO  com.datacomp.service.cpu.CpuCompressionService - Phase 2: Assembling final compressed file...
2025-11-09 19:15:53.298 [Test worker] INFO  com.datacomp.service.cpu.CpuCompressionService - Header written (1 chunks metadata)
2025-11-09 19:15:53.307 [Test worker] INFO  com.datacomp.service.cpu.CpuCompressionService - Copied 10239 bytes ({:.2f} GB) of compressed data to final file
2025-11-09 19:15:53.415 [Test worker] INFO  com.datacomp.service.cpu.CpuCompressionService - Compression complete: 10240 -> 10889 bytes ({:.2f}%) in {:.2f}s ({:.2f} MB/s)
2025-11-09 19:15:53.415 [Test worker] INFO  com.datacomp.service.cpu.CpuCompressionService - SUCCESS: Final file size verified: {:.2f} GB
2025-11-09 19:15:53.416 [Test worker] INFO  com.datacomp.service.cpu.CpuCompressionService - Decompressing random.dcz to random.decompressed.bin
2025-11-09 19:15:53.416 [Test worker] INFO  com.datacomp.service.cpu.CpuCompressionService - Input file size: 10889 bytes ({:.2f} GB)
2025-11-09 19:15:53.425 [Test worker] INFO  com.datacomp.service.cpu.CpuCompressionService - Reading compression header...
2025-11-09 19:15:53.426 [Test worker] INFO  com.datacomp.service.cpu.CpuCompressionService - Decompressing 1 chunks, original size: 10240 bytes ({:.2f} GB)
2025-11-09 19:15:53.426 [Test worker] INFO  com.datacomp.service.cpu.CpuCompressionService - Decompressing chunk 1/1: offset=0, compressedSize=10239, originalSize=10240 [{:.1f}% complete, {:.2f}/{:.2f} GB]
2025-11-09 19:15:53.430 [Test worker] INFO  com.datacomp.service.cpu.CpuCompressionService - Chunk 1/1 decompressed: 10240 bytes (4ms, checksum OK)
2025-11-09 19:15:53.432 [Test worker] INFO  com.datacomp.service.cpu.CpuCompressionService - All data synchronized to disk
2025-11-09 19:15:53.541 [Test worker] INFO  com.datacomp.service.cpu.CpuCompressionService - Decompression complete: 10240 bytes ({:.2f} GB) in {:.2f}s ({:.2f} MB/s)
2025-11-09 19:15:53.541 [Test worker] INFO  com.datacomp.service.cpu.CpuCompressionService - File integrity verified - decompressed 10240 bytes successfully
2025-11-09 19:15:53.541 [Test worker] INFO  com.datacomp.service.cpu.CpuCompressionService - SUCCESS: Checksum validation passed for all 1 chunks
2025-11-09 19:15:53.556 [Test worker] INFO  com.datacomp.service.cpu.CpuCompressionService - Compressing test.txt (1300 bytes, {:.2f} GB) into 1.210719347000122E-6 chunks
2025-11-09 19:15:53.556 [Test worker] INFO  com.datacomp.service.cpu.CpuCompressionService - Phase 1: Compressing chunks (memory-efficient streaming)...
2025-11-09 19:15:53.558 [Test worker] INFO  com.datacomp.service.cpu.CpuCompressionService - Chunk 1/1 compressed: 1300 -> 500 bytes (ratio: {:.2f}%, 38.46153846153847ms) [{:.1f}% complete, {:.2f}/{:.2f} GB]
2025-11-09 19:15:53.559 [Test worker] INFO  com.datacomp.service.cpu.CpuCompressionService - Phase 1: All data flushed to temp file
2025-11-09 19:15:53.559 [Test worker] INFO  com.datacomp.service.cpu.CpuCompressionService - Phase 1 complete: 500 bytes ({:.2f} GB) compressed to temp file
2025-11-09 19:15:53.559 [Test worker] INFO  com.datacomp.service.cpu.CpuCompressionService - Phase 2: Assembling final compressed file...
2025-11-09 19:15:53.560 [Test worker] INFO  com.datacomp.service.cpu.CpuCompressionService - Header written (1 chunks metadata)
2025-11-09 19:15:53.561 [Test worker] INFO  com.datacomp.service.cpu.CpuCompressionService - Copied 500 bytes ({:.2f} GB) of compressed data to final file
2025-11-09 19:15:53.667 [Test worker] INFO  com.datacomp.service.cpu.CpuCompressionService - Compression complete: 1300 -> 1148 bytes ({:.2f}%) in {:.2f}s ({:.2f} MB/s)
2025-11-09 19:15:53.667 [Test worker] INFO  com.datacomp.service.cpu.CpuCompressionService - SUCCESS: Final file size verified: {:.2f} GB
2025-11-09 19:15:53.668 [Test worker] INFO  com.datacomp.service.cpu.CpuCompressionService - Decompressing test.dcz to test.decompressed.txt
2025-11-09 19:15:53.668 [Test worker] INFO  com.datacomp.service.cpu.CpuCompressionService - Input file size: 1148 bytes ({:.2f} GB)
2025-11-09 19:15:53.676 [Test worker] INFO  com.datacomp.service.cpu.CpuCompressionService - Reading compression header...
2025-11-09 19:15:53.677 [Test worker] INFO  com.datacomp.service.cpu.CpuCompressionService - Decompressing 1 chunks, original size: 1300 bytes ({:.2f} GB)
2025-11-09 19:15:53.677 [Test worker] INFO  com.datacomp.service.cpu.CpuCompressionService - Decompressing chunk 1/1: offset=0, compressedSize=500, originalSize=1300 [{:.1f}% complete, {:.2f}/{:.2f} GB]
2025-11-09 19:15:53.678 [Test worker] INFO  com.datacomp.service.cpu.CpuCompressionService - Chunk 1/1 decompressed: 1300 bytes (1ms, checksum OK)
2025-11-09 19:15:53.679 [Test worker] INFO  com.datacomp.service.cpu.CpuCompressionService - All data synchronized to disk
2025-11-09 19:15:53.791 [Test worker] INFO  com.datacomp.service.cpu.CpuCompressionService - Decompression complete: 1300 bytes ({:.2f} GB) in {:.2f}s ({:.2f} MB/s)
2025-11-09 19:15:53.791 [Test worker] INFO  com.datacomp.service.cpu.CpuCompressionService - File integrity verified - decompressed 1300 bytes successfully
2025-11-09 19:15:53.791 [Test worker] INFO  com.datacomp.service.cpu.CpuCompressionService - SUCCESS: Checksum validation passed for all 1 chunks
2025-11-09 19:15:53.799 [Test worker] INFO  com.datacomp.service.cpu.CpuCompressionService - Compressing empty.txt (0 bytes, {:.2f} GB) into 0.0 chunks
2025-11-09 19:15:53.799 [Test worker] INFO  com.datacomp.service.cpu.CpuCompressionService - Phase 1: Compressing chunks (memory-efficient streaming)...
2025-11-09 19:15:53.800 [Test worker] INFO  com.datacomp.service.cpu.CpuCompressionService - Phase 1: All data flushed to temp file
2025-11-09 19:15:53.800 [Test worker] INFO  com.datacomp.service.cpu.CpuCompressionService - Phase 1 complete: 0 bytes ({:.2f} GB) compressed to temp file
2025-11-09 19:15:53.801 [Test worker] INFO  com.datacomp.service.cpu.CpuCompressionService - Phase 2: Assembling final compressed file...
2025-11-09 19:15:53.801 [Test worker] INFO  com.datacomp.service.cpu.CpuCompressionService - Header written (0 chunks metadata)
2025-11-09 19:15:53.801 [Test worker] INFO  com.datacomp.service.cpu.CpuCompressionService - Copied 0 bytes ({:.2f} GB) of compressed data to final file
2025-11-09 19:15:53.915 [Test worker] INFO  com.datacomp.service.cpu.CpuCompressionService - Compression complete: 0 -> 77 bytes ({:.2f}%) in {:.2f}s ({:.2f} MB/s)
2025-11-09 19:15:53.915 [Test worker] INFO  com.datacomp.service.cpu.CpuCompressionService - SUCCESS: Final file size verified: {:.2f} GB
2025-11-09 19:15:53.916 [Test worker] INFO  com.datacomp.service.cpu.CpuCompressionService - Decompressing empty.dcz to empty.decompressed.txt
2025-11-09 19:15:53.916 [Test worker] INFO  com.datacomp.service.cpu.CpuCompressionService - Input file size: 77 bytes ({:.2f} GB)
2025-11-09 19:15:53.926 [Test worker] INFO  com.datacomp.service.cpu.CpuCompressionService - Reading compression header...
2025-11-09 19:15:53.926 [Test worker] INFO  com.datacomp.service.cpu.CpuCompressionService - Decompressing 0 chunks, original size: 0 bytes ({:.2f} GB)
2025-11-09 19:15:53.926 [Test worker] INFO  com.datacomp.service.cpu.CpuCompressionService - Empty file - no chunks to decompress
2025-11-09 19:15:53.928 [Test worker] INFO  com.datacomp.service.cpu.CpuCompressionService - Decompression complete: 0 bytes in {:.2f}s
2025-11-09 19:15:53.943 [Test worker] INFO  com.datacomp.service.cpu.CpuCompressionService - Compressing large.bin (3145728 bytes, {:.2f} GB) into 0.0029296875 chunks
2025-11-09 19:15:53.944 [Test worker] INFO  com.datacomp.service.cpu.CpuCompressionService - Phase 1: Compressing chunks (memory-efficient streaming)...
2025-11-09 19:15:53.970 [Test worker] INFO  com.datacomp.service.cpu.CpuCompressionService - Chunk 1/3 compressed: 1048576 -> 1048576 bytes (ratio: {:.2f}%, 100.0ms) [{:.1f}% complete, {:.2f}/{:.2f} GB]
2025-11-09 19:15:53.985 [Test worker] INFO  com.datacomp.service.cpu.CpuCompressionService - Chunk 2/3 compressed: 1048576 -> 1048576 bytes (ratio: {:.2f}%, 100.0ms) [{:.1f}% complete, {:.2f}/{:.2f} GB]
2025-11-09 19:15:54.001 [Test worker] INFO  com.datacomp.service.cpu.CpuCompressionService - Chunk 3/3 compressed: 1048576 -> 1048576 bytes (ratio: {:.2f}%, 100.0ms) [{:.1f}% complete, {:.2f}/{:.2f} GB]
2025-11-09 19:15:54.002 [Test worker] INFO  com.datacomp.service.cpu.CpuCompressionService - Phase 1: All data flushed to temp file
2025-11-09 19:15:54.002 [Test worker] INFO  com.datacomp.service.cpu.CpuCompressionService - Phase 1 complete: 3145728 bytes ({:.2f} GB) compressed to temp file
2025-11-09 19:15:54.002 [Test worker] INFO  com.datacomp.service.cpu.CpuCompressionService - Phase 2: Assembling final compressed file...
2025-11-09 19:15:54.003 [Test worker] INFO  com.datacomp.service.cpu.CpuCompressionService - Header written (3 chunks metadata)
2025-11-09 19:15:54.015 [Test worker] INFO  com.datacomp.service.cpu.CpuCompressionService - Copied 3145728 bytes ({:.2f} GB) of compressed data to final file
2025-11-09 19:15:54.119 [Test worker] INFO  com.datacomp.service.cpu.CpuCompressionService - Compression complete: 3145728 -> 3147521 bytes ({:.2f}%) in {:.2f}s ({:.2f} MB/s)
2025-11-09 19:15:54.119 [Test worker] INFO  com.datacomp.service.cpu.CpuCompressionService - SUCCESS: Final file size verified: {:.2f} GB
2025-11-09 19:15:54.120 [Test worker] INFO  com.datacomp.service.cpu.CpuCompressionService - Decompressing large.dcz to large.decompressed.bin
2025-11-09 19:15:54.120 [Test worker] INFO  com.datacomp.service.cpu.CpuCompressionService - Input file size: 3147521 bytes ({:.2f} GB)
2025-11-09 19:15:54.131 [Test worker] INFO  com.datacomp.service.cpu.CpuCompressionService - Reading compression header...
2025-11-09 19:15:54.132 [Test worker] INFO  com.datacomp.service.cpu.CpuCompressionService - Decompressing 3 chunks, original size: 3145728 bytes ({:.2f} GB)
2025-11-09 19:15:54.132 [Test worker] INFO  com.datacomp.service.cpu.CpuCompressionService - Decompressing chunk 1/3: offset=0, compressedSize=1048576, originalSize=1048576 [{:.1f}% complete, {:.2f}/{:.2f} GB]
2025-11-09 19:15:54.172 [Test worker] INFO  com.datacomp.service.cpu.CpuCompressionService - Chunk 1/3 decompressed: 1048576 bytes (40ms, checksum OK)
2025-11-09 19:15:54.172 [Test worker] INFO  com.datacomp.service.cpu.CpuCompressionService - Decompressing chunk 2/3: offset=1048576, compressedSize=1048576, originalSize=1048576 [{:.1f}% complete, {:.2f}/{:.2f} GB]
2025-11-09 19:15:54.211 [Test worker] INFO  com.datacomp.service.cpu.CpuCompressionService - Chunk 2/3 decompressed: 1048576 bytes (39ms, checksum OK)
2025-11-09 19:15:54.211 [Test worker] INFO  com.datacomp.service.cpu.CpuCompressionService - Decompressing chunk 3/3: offset=2097152, compressedSize=1048576, originalSize=1048576 [{:.1f}% complete, {:.2f}/{:.2f} GB]
2025-11-09 19:15:54.251 [Test worker] INFO  com.datacomp.service.cpu.CpuCompressionService - Chunk 3/3 decompressed: 1048576 bytes (40ms, checksum OK)
2025-11-09 19:15:54.253 [Test worker] INFO  com.datacomp.service.cpu.CpuCompressionService - All data synchronized to disk
2025-11-09 19:15:54.365 [Test worker] INFO  com.datacomp.service.cpu.CpuCompressionService - Decompression complete: 3145728 bytes ({:.2f} GB) in {:.2f}s ({:.2f} MB/s)
2025-11-09 19:15:54.365 [Test worker] INFO  com.datacomp.service.cpu.CpuCompressionService - File integrity verified - decompressed 3145728 bytes successfully
2025-11-09 19:15:54.365 [Test worker] INFO  com.datacomp.service.cpu.CpuCompressionService - SUCCESS: Checksum validation passed for all 3 chunks
2025-11-09 19:15:54.384 [Test worker] INFO  com.datacomp.service.cpu.CpuCompressionService - Compressing test.txt (29 bytes, {:.2f} GB) into 2.7008354663848877E-8 chunks
2025-11-09 19:15:54.385 [Test worker] INFO  com.datacomp.service.cpu.CpuCompressionService - Phase 1: Compressing chunks (memory-efficient streaming)...
2025-11-09 19:15:54.387 [Test worker] INFO  com.datacomp.service.cpu.CpuCompressionService - Chunk 1/1 compressed: 29 -> 15 bytes (ratio: {:.2f}%, 51.724137931034484ms) [{:.1f}% complete, {:.2f}/{:.2f} GB]
2025-11-09 19:15:54.388 [Test worker] INFO  com.datacomp.service.cpu.CpuCompressionService - Phase 1: All data flushed to temp file
2025-11-09 19:15:54.388 [Test worker] INFO  com.datacomp.service.cpu.CpuCompressionService - Phase 1 complete: 15 bytes ({:.2f} GB) compressed to temp file
2025-11-09 19:15:54.388 [Test worker] INFO  com.datacomp.service.cpu.CpuCompressionService - Phase 2: Assembling final compressed file...
2025-11-09 19:15:54.389 [Test worker] INFO  com.datacomp.service.cpu.CpuCompressionService - Header written (1 chunks metadata)
2025-11-09 19:15:54.390 [Test worker] INFO  com.datacomp.service.cpu.CpuCompressionService - Copied 15 bytes ({:.2f} GB) of compressed data to final file
2025-11-09 19:15:54.504 [Test worker] INFO  com.datacomp.service.cpu.CpuCompressionService - Compression complete: 29 -> 663 bytes ({:.2f}%) in {:.2f}s ({:.2f} MB/s)
2025-11-09 19:15:54.504 [Test worker] INFO  com.datacomp.service.cpu.CpuCompressionService - SUCCESS: Final file size verified: {:.2f} GB
2025-11-09 19:15:54.541 [Test worker] WARN  com.datacomp.service.gpu.GpuFrequencyService - Failed to initialize TornadoVM device: Could not initialize class uk.ac.manchester.tornado.api.runtime.TornadoRuntimeProvider
2025-11-09 19:17:22.378 [JavaFX-Launcher] INFO  com.datacomp.ui.DataCompApp - Initializing DataComp application
2025-11-09 19:17:22.651 [JavaFX Application Thread] INFO  com.datacomp.ui.MainViewController - Initializing main view controller
2025-11-09 19:17:23.239 [JavaFX Application Thread] INFO  com.datacomp.service.gpu.GpuFrequencyService - Selected GPU device: NVIDIA GeForce RTX 3050 Ti Laptop GPU CL_DEVICE_TYPE_GPU (available)
2025-11-09 19:17:23.668 [JavaFX Application Thread] INFO  com.datacomp.service.gpu.GpuCompressionService - GPU compression service initialized: GPU (NVIDIA GeForce RTX 3050 Ti Laptop GPU CL_DEVICE_TYPE_GPU (available))
2025-11-09 19:17:23.691 [JavaFX Application Thread] INFO  com.datacomp.service.ServiceFactory - Using GPU compression service
2025-11-09 19:17:23.892 [JavaFX Application Thread] INFO  com.datacomp.ui.DataCompApp - Application started successfully
2025-11-09 19:17:31.417 [JavaFX Application Thread] INFO  com.datacomp.service.gpu.GpuFrequencyService - Selected GPU device: NVIDIA GeForce RTX 3050 Ti Laptop GPU CL_DEVICE_TYPE_GPU (available)
2025-11-09 19:17:31.440 [JavaFX Application Thread] INFO  com.datacomp.service.gpu.GpuCompressionService - GPU compression service initialized: GPU (NVIDIA GeForce RTX 3050 Ti Laptop GPU CL_DEVICE_TYPE_GPU (available))
2025-11-09 19:17:31.461 [JavaFX Application Thread] INFO  com.datacomp.service.ServiceFactory - Using GPU compression service
2025-11-09 19:17:57.502 [JavaFX Application Thread] INFO  com.datacomp.service.gpu.GpuFrequencyService - Selected GPU device: NVIDIA GeForce RTX 3050 Ti Laptop GPU CL_DEVICE_TYPE_GPU (available)
2025-11-09 19:17:57.522 [JavaFX Application Thread] INFO  com.datacomp.service.gpu.GpuCompressionService - GPU compression service initialized: GPU (NVIDIA GeForce RTX 3050 Ti Laptop GPU CL_DEVICE_TYPE_GPU (available))
2025-11-09 19:17:57.540 [JavaFX Application Thread] INFO  com.datacomp.service.ServiceFactory - Using GPU compression service
2025-11-09 19:17:57.576 [pool-2-thread-1] INFO  com.datacomp.service.cpu.CpuCompressionService - Compressing Stat practical.pdf (636111 bytes, {:.2f} GB) into 5.924245342612267E-4 chunks
2025-11-09 19:17:57.581 [pool-2-thread-1] INFO  com.datacomp.service.cpu.CpuCompressionService - Phase 1: Compressing chunks (memory-efficient streaming)...
2025-11-09 19:17:57.688 [pool-2-thread-1] INFO  com.datacomp.service.cpu.CpuCompressionService - Chunk 1/1 compressed: 636111 -> 630182 bytes (ratio: {:.2f}%, 99.06792996819738ms) [{:.1f}% complete, {:.2f}/{:.2f} GB]
2025-11-09 19:17:57.690 [pool-2-thread-1] INFO  com.datacomp.service.cpu.CpuCompressionService - Phase 1: All data flushed to temp file
2025-11-09 19:17:57.690 [pool-2-thread-1] INFO  com.datacomp.service.cpu.CpuCompressionService - Phase 1 complete: 630182 bytes ({:.2f} GB) compressed to temp file
2025-11-09 19:17:57.691 [pool-2-thread-1] INFO  com.datacomp.service.cpu.CpuCompressionService - Phase 2: Assembling final compressed file...
2025-11-09 19:17:57.692 [pool-2-thread-1] INFO  com.datacomp.service.cpu.CpuCompressionService - Header written (1 chunks metadata)
2025-11-09 19:17:57.702 [pool-2-thread-1] INFO  com.datacomp.service.cpu.CpuCompressionService - Copied 630182 bytes ({:.2f} GB) of compressed data to final file
2025-11-09 19:17:57.807 [pool-2-thread-1] INFO  com.datacomp.service.cpu.CpuCompressionService - Compression complete: 636111 -> 630840 bytes ({:.2f}%) in {:.2f}s ({:.2f} MB/s)
2025-11-09 19:17:57.807 [pool-2-thread-1] INFO  com.datacomp.service.cpu.CpuCompressionService - SUCCESS: Final file size verified: {:.2f} GB
2025-11-09 19:18:03.842 [JavaFX Application Thread] INFO  com.datacomp.service.gpu.GpuFrequencyService - Selected GPU device: NVIDIA GeForce RTX 3050 Ti Laptop GPU CL_DEVICE_TYPE_GPU (available)
2025-11-09 19:18:03.860 [JavaFX Application Thread] INFO  com.datacomp.service.gpu.GpuCompressionService - GPU compression service initialized: GPU (NVIDIA GeForce RTX 3050 Ti Laptop GPU CL_DEVICE_TYPE_GPU (available))
2025-11-09 19:18:03.878 [JavaFX Application Thread] INFO  com.datacomp.service.ServiceFactory - Using GPU compression service
2025-11-09 19:18:13.370 [JavaFX Application Thread] INFO  com.datacomp.service.gpu.GpuFrequencyService - Selected GPU device: NVIDIA GeForce RTX 3050 Ti Laptop GPU CL_DEVICE_TYPE_GPU (available)
2025-11-09 19:18:13.390 [JavaFX Application Thread] INFO  com.datacomp.service.gpu.GpuCompressionService - GPU compression service initialized: GPU (NVIDIA GeForce RTX 3050 Ti Laptop GPU CL_DEVICE_TYPE_GPU (available))
2025-11-09 19:18:13.411 [JavaFX Application Thread] INFO  com.datacomp.service.ServiceFactory - Using GPU compression service
2025-11-09 19:18:13.413 [pool-3-thread-1] INFO  com.datacomp.service.cpu.CpuCompressionService - Decompressing Stat practical.pdf.dcz to Stat practical.pdf
2025-11-09 19:18:13.413 [pool-3-thread-1] INFO  com.datacomp.service.cpu.CpuCompressionService - Input file size: 630840 bytes ({:.2f} GB)
2025-11-09 19:18:13.414 [pool-3-thread-1] INFO  com.datacomp.service.cpu.CpuCompressionService - Reading compression header...
2025-11-09 19:18:13.415 [pool-3-thread-1] INFO  com.datacomp.service.cpu.CpuCompressionService - Decompressing 1 chunks, original size: 636111 bytes ({:.2f} GB)
2025-11-09 19:18:13.415 [pool-3-thread-1] INFO  com.datacomp.service.cpu.CpuCompressionService - Decompressing chunk 1/1: offset=0, compressedSize=630182, originalSize=636111 [{:.1f}% complete, {:.2f}/{:.2f} GB]
2025-11-09 19:18:13.475 [pool-3-thread-1] INFO  com.datacomp.service.cpu.CpuCompressionService - Chunk 1/1 decompressed: 636111 bytes (60ms, checksum OK)
2025-11-09 19:18:13.481 [pool-3-thread-1] INFO  com.datacomp.service.cpu.CpuCompressionService - All data synchronized to disk
2025-11-09 19:18:13.582 [pool-3-thread-1] INFO  com.datacomp.service.cpu.CpuCompressionService - Decompression complete: 636111 bytes ({:.2f} GB) in {:.2f}s ({:.2f} MB/s)
2025-11-09 19:18:13.582 [pool-3-thread-1] INFO  com.datacomp.service.cpu.CpuCompressionService - File integrity verified - decompressed 636111 bytes successfully
2025-11-09 19:18:13.582 [pool-3-thread-1] INFO  com.datacomp.service.cpu.CpuCompressionService - SUCCESS: Checksum validation passed for all 1 chunks
2025-11-09 19:18:59.183 [JavaFX Application Thread] INFO  com.datacomp.service.gpu.GpuFrequencyService - Selected GPU device: NVIDIA GeForce RTX 3050 Ti Laptop GPU CL_DEVICE_TYPE_GPU (available)
2025-11-09 19:18:59.202 [JavaFX Application Thread] INFO  com.datacomp.service.gpu.GpuCompressionService - GPU compression service initialized: GPU (NVIDIA GeForce RTX 3050 Ti Laptop GPU CL_DEVICE_TYPE_GPU (available))
2025-11-09 19:18:59.225 [JavaFX Application Thread] INFO  com.datacomp.service.ServiceFactory - Using GPU compression service
2025-11-09 19:19:14.324 [JavaFX Application Thread] INFO  com.datacomp.service.gpu.GpuFrequencyService - Selected GPU device: NVIDIA GeForce RTX 3050 Ti Laptop GPU CL_DEVICE_TYPE_GPU (available)
2025-11-09 19:19:14.339 [JavaFX Application Thread] INFO  com.datacomp.service.gpu.GpuCompressionService - GPU compression service initialized: GPU (NVIDIA GeForce RTX 3050 Ti Laptop GPU CL_DEVICE_TYPE_GPU (available))
2025-11-09 19:19:14.353 [JavaFX Application Thread] INFO  com.datacomp.service.ServiceFactory - Using GPU compression service
2025-11-09 19:19:14.392 [pool-4-thread-1] INFO  com.datacomp.service.cpu.CpuCompressionService - Compressing Baahubali 2 - The Conclusion  Full Movie  Hindi  Prabhas, Rana Daggubati  SS Rajamouli - Aijaz Khan AT (720p, h264).mp4 (959271222 bytes, {:.2f} GB) into 0.8933909442275763 chunks
2025-11-09 19:19:14.392 [pool-4-thread-1] INFO  com.datacomp.service.cpu.CpuCompressionService - Phase 1: Compressing chunks (memory-efficient streaming)...
2025-11-09 19:19:23.317 [pool-4-thread-1] INFO  com.datacomp.service.cpu.CpuCompressionService - Chunk 1/2 compressed: 536870912 -> 536585005 bytes (ratio: {:.2f}%, 99.94674567133188ms) [{:.1f}% complete, {:.2f}/{:.2f} GB]
2025-11-09 19:19:30.296 [pool-4-thread-1] INFO  com.datacomp.service.cpu.CpuCompressionService - Chunk 2/2 compressed: 422400310 -> 422336657 bytes (ratio: {:.2f}%, 99.98493064552912ms) [{:.1f}% complete, {:.2f}/{:.2f} GB]
2025-11-09 19:19:30.296 [pool-4-thread-1] INFO  com.datacomp.service.cpu.CpuCompressionService - Phase 1: All data flushed to temp file
2025-11-09 19:19:30.297 [pool-4-thread-1] INFO  com.datacomp.service.cpu.CpuCompressionService - Phase 1 complete: 958921662 bytes ({:.2f} GB) compressed to temp file
2025-11-09 19:19:30.297 [pool-4-thread-1] INFO  com.datacomp.service.cpu.CpuCompressionService - Phase 2: Assembling final compressed file...
2025-11-09 19:19:30.298 [pool-4-thread-1] INFO  com.datacomp.service.cpu.CpuCompressionService - Header written (2 chunks metadata)
2025-11-09 19:19:30.374 [pool-4-thread-1] INFO  com.datacomp.service.cpu.CpuCompressionService - Copied {:.2f} GB / {:.2f} GB ({:.1f}%)
2025-11-09 19:19:30.427 [pool-4-thread-1] INFO  com.datacomp.service.cpu.CpuCompressionService - Copied {:.2f} GB / {:.2f} GB ({:.1f}%)
2025-11-09 19:19:30.482 [pool-4-thread-1] INFO  com.datacomp.service.cpu.CpuCompressionService - Copied {:.2f} GB / {:.2f} GB ({:.1f}%)
2025-11-09 19:19:30.534 [pool-4-thread-1] INFO  com.datacomp.service.cpu.CpuCompressionService - Copied {:.2f} GB / {:.2f} GB ({:.1f}%)
2025-11-09 19:19:30.591 [pool-4-thread-1] INFO  com.datacomp.service.cpu.CpuCompressionService - Copied {:.2f} GB / {:.2f} GB ({:.1f}%)
2025-11-09 19:19:30.655 [pool-4-thread-1] INFO  com.datacomp.service.cpu.CpuCompressionService - Copied {:.2f} GB / {:.2f} GB ({:.1f}%)
2025-11-09 19:19:30.714 [pool-4-thread-1] INFO  com.datacomp.service.cpu.CpuCompressionService - Copied {:.2f} GB / {:.2f} GB ({:.1f}%)
2025-11-09 19:19:30.772 [pool-4-thread-1] INFO  com.datacomp.service.cpu.CpuCompressionService - Copied {:.2f} GB / {:.2f} GB ({:.1f}%)
2025-11-09 19:19:30.830 [pool-4-thread-1] INFO  com.datacomp.service.cpu.CpuCompressionService - Copied {:.2f} GB / {:.2f} GB ({:.1f}%)
2025-11-09 19:19:30.841 [pool-4-thread-1] INFO  com.datacomp.service.cpu.CpuCompressionService - Copied 958921662 bytes ({:.2f} GB) of compressed data to final file
2025-11-09 19:19:30.948 [pool-4-thread-1] INFO  com.datacomp.service.cpu.CpuCompressionService - Compression complete: 959271222 -> 958922993 bytes ({:.2f}%) in {:.2f}s ({:.2f} MB/s)
2025-11-09 19:19:30.948 [pool-4-thread-1] INFO  com.datacomp.service.cpu.CpuCompressionService - SUCCESS: Final file size verified: {:.2f} GB
2025-11-09 19:19:38.662 [JavaFX Application Thread] INFO  com.datacomp.service.gpu.GpuFrequencyService - Selected GPU device: NVIDIA GeForce RTX 3050 Ti Laptop GPU CL_DEVICE_TYPE_GPU (available)
2025-11-09 19:19:38.680 [JavaFX Application Thread] INFO  com.datacomp.service.gpu.GpuCompressionService - GPU compression service initialized: GPU (NVIDIA GeForce RTX 3050 Ti Laptop GPU CL_DEVICE_TYPE_GPU (available))
2025-11-09 19:19:38.695 [JavaFX Application Thread] INFO  com.datacomp.service.ServiceFactory - Using GPU compression service
2025-11-09 19:20:09.466 [JavaFX Application Thread] INFO  com.datacomp.service.gpu.GpuFrequencyService - Selected GPU device: NVIDIA GeForce RTX 3050 Ti Laptop GPU CL_DEVICE_TYPE_GPU (available)
2025-11-09 19:20:09.483 [JavaFX Application Thread] INFO  com.datacomp.service.gpu.GpuCompressionService - GPU compression service initialized: GPU (NVIDIA GeForce RTX 3050 Ti Laptop GPU CL_DEVICE_TYPE_GPU (available))
2025-11-09 19:20:09.498 [JavaFX Application Thread] INFO  com.datacomp.service.ServiceFactory - Using GPU compression service
2025-11-09 19:20:09.501 [pool-5-thread-1] INFO  com.datacomp.service.cpu.CpuCompressionService - Decompressing Baahubali 2 - The Conclusion  Full Movie  Hindi  Prabhas, Rana Daggubati  SS Rajamouli - Aijaz Khan AT (720p, h264).mp4.dcz to Baahubali 2 - The Conclusion  Full Movie  Hindi  Prabhas, Rana Daggubati  SS Rajamouli - Aijaz Khan AT (720p, h264).mp4
2025-11-09 19:20:09.501 [pool-5-thread-1] INFO  com.datacomp.service.cpu.CpuCompressionService - Input file size: 958922993 bytes ({:.2f} GB)
2025-11-09 19:20:09.501 [pool-5-thread-1] INFO  com.datacomp.service.cpu.CpuCompressionService - Reading compression header...
2025-11-09 19:20:09.502 [pool-5-thread-1] INFO  com.datacomp.service.cpu.CpuCompressionService - Decompressing 2 chunks, original size: 959271222 bytes ({:.2f} GB)
2025-11-09 19:20:09.502 [pool-5-thread-1] INFO  com.datacomp.service.cpu.CpuCompressionService - Decompressing chunk 1/2: offset=0, compressedSize=536585005, originalSize=536870912 [{:.1f}% complete, {:.2f}/{:.2f} GB]
2025-11-09 19:20:37.567 [pool-5-thread-1] INFO  com.datacomp.service.cpu.CpuCompressionService - Chunk 1/2 decompressed: 536870912 bytes (28065ms, checksum OK)
2025-11-09 19:20:37.567 [pool-5-thread-1] INFO  com.datacomp.service.cpu.CpuCompressionService - Progress: {:.2f} GB / {:.2f} GB ({:.1f}%) decompressed
2025-11-09 19:20:37.567 [pool-5-thread-1] INFO  com.datacomp.service.cpu.CpuCompressionService - Decompressing chunk 2/2: offset=536585005, compressedSize=422336657, originalSize=422400310 [{:.1f}% complete, {:.2f}/{:.2f} GB]
2025-11-09 19:20:58.685 [pool-5-thread-1] INFO  com.datacomp.service.cpu.CpuCompressionService - Chunk 2/2 decompressed: 422400310 bytes (21118ms, checksum OK)
2025-11-09 19:20:58.685 [pool-5-thread-1] INFO  com.datacomp.service.cpu.CpuCompressionService - Progress: {:.2f} GB / {:.2f} GB ({:.1f}%) decompressed
2025-11-09 19:20:58.693 [pool-5-thread-1] INFO  com.datacomp.service.cpu.CpuCompressionService - All data synchronized to disk
2025-11-09 19:20:58.795 [pool-5-thread-1] INFO  com.datacomp.service.cpu.CpuCompressionService - Decompression complete: 959271222 bytes ({:.2f} GB) in {:.2f}s ({:.2f} MB/s)
2025-11-09 19:20:58.795 [pool-5-thread-1] INFO  com.datacomp.service.cpu.CpuCompressionService - File integrity verified - decompressed 959271222 bytes successfully
2025-11-09 19:20:58.795 [pool-5-thread-1] INFO  com.datacomp.service.cpu.CpuCompressionService - SUCCESS: Checksum validation passed for all 2 chunks
2025-11-09 19:21:27.331 [JavaFX Application Thread] INFO  com.datacomp.service.gpu.GpuFrequencyService - Selected GPU device: NVIDIA GeForce RTX 3050 Ti Laptop GPU CL_DEVICE_TYPE_GPU (available)
2025-11-09 19:21:27.353 [JavaFX Application Thread] INFO  com.datacomp.service.gpu.GpuCompressionService - GPU compression service initialized: GPU (NVIDIA GeForce RTX 3050 Ti Laptop GPU CL_DEVICE_TYPE_GPU (available))
2025-11-09 19:21:27.376 [JavaFX Application Thread] INFO  com.datacomp.service.ServiceFactory - Using GPU compression service
2025-11-09 19:21:46.985 [JavaFX Application Thread] INFO  com.datacomp.service.gpu.GpuFrequencyService - Selected GPU device: NVIDIA GeForce RTX 3050 Ti Laptop GPU CL_DEVICE_TYPE_GPU (available)
2025-11-09 19:21:46.998 [JavaFX Application Thread] INFO  com.datacomp.service.gpu.GpuCompressionService - GPU compression service initialized: GPU (NVIDIA GeForce RTX 3050 Ti Laptop GPU CL_DEVICE_TYPE_GPU (available))
2025-11-09 19:21:47.012 [JavaFX Application Thread] INFO  com.datacomp.service.ServiceFactory - Using GPU compression service
2025-11-09 19:22:04.051 [JavaFX Application Thread] INFO  com.datacomp.service.gpu.GpuFrequencyService - Selected GPU device: NVIDIA GeForce RTX 3050 Ti Laptop GPU CL_DEVICE_TYPE_GPU (available)
2025-11-09 19:22:04.065 [JavaFX Application Thread] INFO  com.datacomp.service.gpu.GpuCompressionService - GPU compression service initialized: GPU (NVIDIA GeForce RTX 3050 Ti Laptop GPU CL_DEVICE_TYPE_GPU (available))
2025-11-09 19:22:04.077 [JavaFX Application Thread] INFO  com.datacomp.service.ServiceFactory - Using GPU compression service
2025-11-09 19:22:04.102 [pool-7-thread-1] INFO  com.datacomp.service.cpu.CpuCompressionService - Compressing ubuntu-24.04.3-desktop-amd64.iso (0 bytes, {:.2f} GB) into 0.0 chunks
2025-11-09 19:22:04.102 [pool-7-thread-1] INFO  com.datacomp.service.cpu.CpuCompressionService - Phase 1: Compressing chunks (memory-efficient streaming)...
2025-11-09 19:22:04.122 [pool-7-thread-1] INFO  com.datacomp.service.cpu.CpuCompressionService - Phase 1: All data flushed to temp file
2025-11-09 19:22:04.123 [pool-7-thread-1] INFO  com.datacomp.service.cpu.CpuCompressionService - Phase 1 complete: 0 bytes ({:.2f} GB) compressed to temp file
2025-11-09 19:22:04.123 [pool-7-thread-1] INFO  com.datacomp.service.cpu.CpuCompressionService - Phase 2: Assembling final compressed file...
2025-11-09 19:22:04.123 [pool-7-thread-1] INFO  com.datacomp.service.cpu.CpuCompressionService - Header written (0 chunks metadata)
2025-11-09 19:22:04.124 [pool-7-thread-1] INFO  com.datacomp.service.cpu.CpuCompressionService - Copied 0 bytes ({:.2f} GB) of compressed data to final file
2025-11-09 19:22:04.224 [pool-7-thread-1] INFO  com.datacomp.service.cpu.CpuCompressionService - Compression complete: 0 -> 100 bytes ({:.2f}%) in {:.2f}s ({:.2f} MB/s)
2025-11-09 19:22:04.224 [pool-7-thread-1] INFO  com.datacomp.service.cpu.CpuCompressionService - SUCCESS: Final file size verified: {:.2f} GB
2025-11-09 19:22:10.792 [JavaFX Application Thread] INFO  com.datacomp.ui.DataCompApp - Application stopping
2025-11-09 19:42:29.703 [JavaFX-Launcher] INFO  com.datacomp.ui.DataCompApp - Initializing DataComp application
2025-11-09 19:42:29.974 [JavaFX Application Thread] INFO  com.datacomp.ui.MainViewController - Initializing main view controller
2025-11-09 19:42:30.391 [JavaFX Application Thread] INFO  com.datacomp.service.gpu.GpuFrequencyService - Selected GPU device: NVIDIA GeForce RTX 3050 Ti Laptop GPU CL_DEVICE_TYPE_GPU (available)
2025-11-09 19:42:30.834 [JavaFX Application Thread] INFO  com.datacomp.service.gpu.GpuCompressionService - GPU compression service initialized: GPU (NVIDIA GeForce RTX 3050 Ti Laptop GPU CL_DEVICE_TYPE_GPU (available))
2025-11-09 19:42:30.858 [JavaFX Application Thread] INFO  com.datacomp.service.ServiceFactory - Using GPU compression service
2025-11-09 19:42:31.035 [JavaFX Application Thread] INFO  com.datacomp.ui.DataCompApp - Application started successfully
2025-11-09 19:42:35.188 [JavaFX Application Thread] INFO  com.datacomp.service.gpu.GpuFrequencyService - Selected GPU device: NVIDIA GeForce RTX 3050 Ti Laptop GPU CL_DEVICE_TYPE_GPU (available)
2025-11-09 19:42:35.206 [JavaFX Application Thread] INFO  com.datacomp.service.gpu.GpuCompressionService - GPU compression service initialized: GPU (NVIDIA GeForce RTX 3050 Ti Laptop GPU CL_DEVICE_TYPE_GPU (available))
2025-11-09 19:42:35.223 [JavaFX Application Thread] INFO  com.datacomp.service.ServiceFactory - Using GPU compression service
2025-11-09 19:42:47.803 [JavaFX Application Thread] INFO  com.datacomp.service.gpu.GpuFrequencyService - Selected GPU device: NVIDIA GeForce RTX 3050 Ti Laptop GPU CL_DEVICE_TYPE_GPU (available)
2025-11-09 19:42:47.820 [JavaFX Application Thread] INFO  com.datacomp.service.gpu.GpuCompressionService - GPU compression service initialized: GPU (NVIDIA GeForce RTX 3050 Ti Laptop GPU CL_DEVICE_TYPE_GPU (available))
2025-11-09 19:42:47.837 [JavaFX Application Thread] INFO  com.datacomp.service.ServiceFactory - Using GPU compression service
2025-11-09 19:42:47.870 [pool-2-thread-1] INFO  com.datacomp.service.cpu.CpuCompressionService - Compressing videoplayback.webm (3681388278 bytes, {:.2f} GB) into 3.428560009226203 chunks
2025-11-09 19:42:47.879 [pool-2-thread-1] INFO  com.datacomp.service.cpu.CpuCompressionService - Phase 1: Compressing chunks (memory-efficient streaming)...
2025-11-09 19:42:57.995 [pool-2-thread-1] INFO  com.datacomp.service.cpu.CpuCompressionService - Chunk 1/7 compressed: 536870912 -> 536870912 bytes (ratio: {:.2f}%, 100.0ms) [{:.1f}% complete, {:.2f}/{:.2f} GB]
2025-11-09 19:43:07.764 [pool-2-thread-1] INFO  com.datacomp.service.cpu.CpuCompressionService - Chunk 2/7 compressed: 536870912 -> 536870912 bytes (ratio: {:.2f}%, 100.0ms) [{:.1f}% complete, {:.2f}/{:.2f} GB]
2025-11-09 19:43:13.596 [pool-2-thread-1] INFO  com.datacomp.service.cpu.CpuCompressionService - Chunk 3/7 compressed: 536870912 -> 536870912 bytes (ratio: {:.2f}%, 100.0ms) [{:.1f}% complete, {:.2f}/{:.2f} GB]
2025-11-09 19:43:19.446 [pool-2-thread-1] INFO  com.datacomp.service.cpu.CpuCompressionService - Chunk 4/7 compressed: 536870912 -> 536870912 bytes (ratio: {:.2f}%, 100.0ms) [{:.1f}% complete, {:.2f}/{:.2f} GB]
2025-11-09 19:43:25.194 [pool-2-thread-1] INFO  com.datacomp.service.cpu.CpuCompressionService - Chunk 5/7 compressed: 536870912 -> 536870912 bytes (ratio: {:.2f}%, 100.0ms) [{:.1f}% complete, {:.2f}/{:.2f} GB]
2025-11-09 19:43:30.976 [pool-2-thread-1] INFO  com.datacomp.service.cpu.CpuCompressionService - Chunk 6/7 compressed: 536870912 -> 536870912 bytes (ratio: {:.2f}%, 100.0ms) [{:.1f}% complete, {:.2f}/{:.2f} GB]
2025-11-09 19:43:36.011 [pool-2-thread-1] INFO  com.datacomp.service.cpu.CpuCompressionService - Chunk 7/7 compressed: 460162806 -> 460162806 bytes (ratio: {:.2f}%, 100.0ms) [{:.1f}% complete, {:.2f}/{:.2f} GB]
2025-11-09 19:43:36.012 [pool-2-thread-1] INFO  com.datacomp.service.cpu.CpuCompressionService - Phase 1: All data flushed to temp file
2025-11-09 19:43:36.013 [pool-2-thread-1] INFO  com.datacomp.service.cpu.CpuCompressionService - Phase 1 complete: 3681388278 bytes ({:.2f} GB) compressed to temp file
2025-11-09 19:43:36.013 [pool-2-thread-1] INFO  com.datacomp.service.cpu.CpuCompressionService - Phase 2: Assembling final compressed file...
2025-11-09 19:43:36.015 [pool-2-thread-1] INFO  com.datacomp.service.cpu.CpuCompressionService - Header written (7 chunks metadata)
2025-11-09 19:43:36.082 [pool-2-thread-1] INFO  com.datacomp.service.cpu.CpuCompressionService - Copied {:.2f} GB / {:.2f} GB ({:.1f}%)
2025-11-09 19:43:36.139 [pool-2-thread-1] INFO  com.datacomp.service.cpu.CpuCompressionService - Copied {:.2f} GB / {:.2f} GB ({:.1f}%)
2025-11-09 19:43:36.202 [pool-2-thread-1] INFO  com.datacomp.service.cpu.CpuCompressionService - Copied {:.2f} GB / {:.2f} GB ({:.1f}%)
2025-11-09 19:43:36.257 [pool-2-thread-1] INFO  com.datacomp.service.cpu.CpuCompressionService - Copied {:.2f} GB / {:.2f} GB ({:.1f}%)
2025-11-09 19:43:36.363 [pool-2-thread-1] INFO  com.datacomp.service.cpu.CpuCompressionService - Copied {:.2f} GB / {:.2f} GB ({:.1f}%)
2025-11-09 19:43:36.482 [pool-2-thread-1] INFO  com.datacomp.service.cpu.CpuCompressionService - Copied {:.2f} GB / {:.2f} GB ({:.1f}%)
2025-11-09 19:43:36.582 [pool-2-thread-1] INFO  com.datacomp.service.cpu.CpuCompressionService - Copied {:.2f} GB / {:.2f} GB ({:.1f}%)
2025-11-09 19:43:36.698 [pool-2-thread-1] INFO  com.datacomp.service.cpu.CpuCompressionService - Copied {:.2f} GB / {:.2f} GB ({:.1f}%)
2025-11-09 19:43:36.798 [pool-2-thread-1] INFO  com.datacomp.service.cpu.CpuCompressionService - Copied {:.2f} GB / {:.2f} GB ({:.1f}%)
2025-11-09 19:43:36.915 [pool-2-thread-1] INFO  com.datacomp.service.cpu.CpuCompressionService - Copied {:.2f} GB / {:.2f} GB ({:.1f}%)
2025-11-09 19:43:37.019 [pool-2-thread-1] INFO  com.datacomp.service.cpu.CpuCompressionService - Copied {:.2f} GB / {:.2f} GB ({:.1f}%)
2025-11-09 19:43:37.130 [pool-2-thread-1] INFO  com.datacomp.service.cpu.CpuCompressionService - Copied {:.2f} GB / {:.2f} GB ({:.1f}%)
2025-11-09 19:43:37.240 [pool-2-thread-1] INFO  com.datacomp.service.cpu.CpuCompressionService - Copied {:.2f} GB / {:.2f} GB ({:.1f}%)
2025-11-09 19:43:37.353 [pool-2-thread-1] INFO  com.datacomp.service.cpu.CpuCompressionService - Copied {:.2f} GB / {:.2f} GB ({:.1f}%)
2025-11-09 19:43:37.462 [pool-2-thread-1] INFO  com.datacomp.service.cpu.CpuCompressionService - Copied {:.2f} GB / {:.2f} GB ({:.1f}%)
2025-11-09 19:43:37.570 [pool-2-thread-1] INFO  com.datacomp.service.cpu.CpuCompressionService - Copied {:.2f} GB / {:.2f} GB ({:.1f}%)
2025-11-09 19:43:37.674 [pool-2-thread-1] INFO  com.datacomp.service.cpu.CpuCompressionService - Copied {:.2f} GB / {:.2f} GB ({:.1f}%)
2025-11-09 19:43:37.780 [pool-2-thread-1] INFO  com.datacomp.service.cpu.CpuCompressionService - Copied {:.2f} GB / {:.2f} GB ({:.1f}%)
2025-11-09 19:43:37.900 [pool-2-thread-1] INFO  com.datacomp.service.cpu.CpuCompressionService - Copied {:.2f} GB / {:.2f} GB ({:.1f}%)
2025-11-09 19:43:38.019 [pool-2-thread-1] INFO  com.datacomp.service.cpu.CpuCompressionService - Copied {:.2f} GB / {:.2f} GB ({:.1f}%)
2025-11-09 19:43:38.122 [pool-2-thread-1] INFO  com.datacomp.service.cpu.CpuCompressionService - Copied {:.2f} GB / {:.2f} GB ({:.1f}%)
2025-11-09 19:43:38.234 [pool-2-thread-1] INFO  com.datacomp.service.cpu.CpuCompressionService - Copied {:.2f} GB / {:.2f} GB ({:.1f}%)
2025-11-09 19:43:38.328 [pool-2-thread-1] INFO  com.datacomp.service.cpu.CpuCompressionService - Copied {:.2f} GB / {:.2f} GB ({:.1f}%)
2025-11-09 19:43:38.442 [pool-2-thread-1] INFO  com.datacomp.service.cpu.CpuCompressionService - Copied {:.2f} GB / {:.2f} GB ({:.1f}%)
2025-11-09 19:43:38.536 [pool-2-thread-1] INFO  com.datacomp.service.cpu.CpuCompressionService - Copied {:.2f} GB / {:.2f} GB ({:.1f}%)
2025-11-09 19:43:38.641 [pool-2-thread-1] INFO  com.datacomp.service.cpu.CpuCompressionService - Copied {:.2f} GB / {:.2f} GB ({:.1f}%)
2025-11-09 19:43:38.742 [pool-2-thread-1] INFO  com.datacomp.service.cpu.CpuCompressionService - Copied {:.2f} GB / {:.2f} GB ({:.1f}%)
2025-11-09 19:43:38.846 [pool-2-thread-1] INFO  com.datacomp.service.cpu.CpuCompressionService - Copied {:.2f} GB / {:.2f} GB ({:.1f}%)
2025-11-09 19:43:38.951 [pool-2-thread-1] INFO  com.datacomp.service.cpu.CpuCompressionService - Copied {:.2f} GB / {:.2f} GB ({:.1f}%)
2025-11-09 19:43:39.054 [pool-2-thread-1] INFO  com.datacomp.service.cpu.CpuCompressionService - Copied {:.2f} GB / {:.2f} GB ({:.1f}%)
2025-11-09 19:43:39.156 [pool-2-thread-1] INFO  com.datacomp.service.cpu.CpuCompressionService - Copied {:.2f} GB / {:.2f} GB ({:.1f}%)
2025-11-09 19:43:39.248 [pool-2-thread-1] INFO  com.datacomp.service.cpu.CpuCompressionService - Copied {:.2f} GB / {:.2f} GB ({:.1f}%)
2025-11-09 19:43:39.350 [pool-2-thread-1] INFO  com.datacomp.service.cpu.CpuCompressionService - Copied {:.2f} GB / {:.2f} GB ({:.1f}%)
2025-11-09 19:43:39.441 [pool-2-thread-1] INFO  com.datacomp.service.cpu.CpuCompressionService - Copied {:.2f} GB / {:.2f} GB ({:.1f}%)
2025-11-09 19:43:39.538 [pool-2-thread-1] INFO  com.datacomp.service.cpu.CpuCompressionService - Copied {:.2f} GB / {:.2f} GB ({:.1f}%)
2025-11-09 19:43:39.556 [pool-2-thread-1] INFO  com.datacomp.service.cpu.CpuCompressionService - Copied 3681388278 bytes ({:.2f} GB) of compressed data to final file
2025-11-09 19:43:39.657 [pool-2-thread-1] INFO  com.datacomp.service.cpu.CpuCompressionService - Compression complete: 3681388278 -> 3681392368 bytes ({:.2f}%) in {:.2f}s ({:.2f} MB/s)
2025-11-09 19:43:39.657 [pool-2-thread-1] INFO  com.datacomp.service.cpu.CpuCompressionService - SUCCESS: Final file size verified: {:.2f} GB
2025-11-09 19:47:15.730 [JavaFX Application Thread] INFO  com.datacomp.service.gpu.GpuFrequencyService - Selected GPU device: NVIDIA GeForce RTX 3050 Ti Laptop GPU CL_DEVICE_TYPE_GPU (available)
2025-11-09 19:47:15.749 [JavaFX Application Thread] INFO  com.datacomp.service.gpu.GpuCompressionService - GPU compression service initialized: GPU (NVIDIA GeForce RTX 3050 Ti Laptop GPU CL_DEVICE_TYPE_GPU (available))
2025-11-09 19:47:15.764 [JavaFX Application Thread] INFO  com.datacomp.service.ServiceFactory - Using GPU compression service
2025-11-09 19:47:30.076 [JavaFX Application Thread] INFO  com.datacomp.service.gpu.GpuFrequencyService - Selected GPU device: NVIDIA GeForce RTX 3050 Ti Laptop GPU CL_DEVICE_TYPE_GPU (available)
2025-11-09 19:47:30.095 [JavaFX Application Thread] INFO  com.datacomp.service.gpu.GpuCompressionService - GPU compression service initialized: GPU (NVIDIA GeForce RTX 3050 Ti Laptop GPU CL_DEVICE_TYPE_GPU (available))
2025-11-09 19:47:30.110 [JavaFX Application Thread] INFO  com.datacomp.service.ServiceFactory - Using GPU compression service
2025-11-09 19:47:30.111 [pool-3-thread-1] INFO  com.datacomp.service.cpu.CpuCompressionService - Decompressing videoplayback.webm.dcz to videoplayback.webm
2025-11-09 19:47:30.111 [pool-3-thread-1] INFO  com.datacomp.service.cpu.CpuCompressionService - Input file size: 3681392368 bytes ({:.2f} GB)
2025-11-09 19:47:30.126 [pool-3-thread-1] INFO  com.datacomp.service.cpu.CpuCompressionService - Reading compression header...
2025-11-09 19:47:30.128 [pool-3-thread-1] INFO  com.datacomp.service.cpu.CpuCompressionService - Decompressing 7 chunks, original size: 3681388278 bytes ({:.2f} GB)
2025-11-09 19:47:30.128 [pool-3-thread-1] INFO  com.datacomp.service.cpu.CpuCompressionService - Decompressing chunk 1/7: offset=0, compressedSize=536870912, originalSize=536870912 [{:.1f}% complete, {:.2f}/{:.2f} GB]
2025-11-09 19:47:52.277 [pool-3-thread-1] INFO  com.datacomp.service.cpu.CpuCompressionService - Chunk 1/7 decompressed: 536870912 bytes (22149ms, checksum OK)
2025-11-09 19:47:52.278 [pool-3-thread-1] INFO  com.datacomp.service.cpu.CpuCompressionService - Progress: {:.2f} GB / {:.2f} GB ({:.1f}%) decompressed
2025-11-09 19:47:52.278 [pool-3-thread-1] INFO  com.datacomp.service.cpu.CpuCompressionService - Decompressing chunk 2/7: offset=536870912, compressedSize=536870912, originalSize=536870912 [{:.1f}% complete, {:.2f}/{:.2f} GB]
2025-11-09 19:48:14.159 [pool-3-thread-1] INFO  com.datacomp.service.cpu.CpuCompressionService - Chunk 2/7 decompressed: 536870912 bytes (21881ms, checksum OK)
2025-11-09 19:48:14.159 [pool-3-thread-1] INFO  com.datacomp.service.cpu.CpuCompressionService - Progress: {:.2f} GB / {:.2f} GB ({:.1f}%) decompressed
2025-11-09 19:48:14.159 [pool-3-thread-1] INFO  com.datacomp.service.cpu.CpuCompressionService - Decompressing chunk 3/7: offset=1073741824, compressedSize=536870912, originalSize=536870912 [{:.1f}% complete, {:.2f}/{:.2f} GB]
2025-11-09 19:48:35.785 [pool-3-thread-1] INFO  com.datacomp.service.cpu.CpuCompressionService - Chunk 3/7 decompressed: 536870912 bytes (21626ms, checksum OK)
2025-11-09 19:48:35.785 [pool-3-thread-1] INFO  com.datacomp.service.cpu.CpuCompressionService - Progress: {:.2f} GB / {:.2f} GB ({:.1f}%) decompressed
2025-11-09 19:48:35.785 [pool-3-thread-1] INFO  com.datacomp.service.cpu.CpuCompressionService - Decompressing chunk 4/7: offset=1610612736, compressedSize=536870912, originalSize=536870912 [{:.1f}% complete, {:.2f}/{:.2f} GB]
2025-11-09 19:48:57.554 [pool-3-thread-1] INFO  com.datacomp.service.cpu.CpuCompressionService - Chunk 4/7 decompressed: 536870912 bytes (21769ms, checksum OK)
2025-11-09 19:48:57.554 [pool-3-thread-1] INFO  com.datacomp.service.cpu.CpuCompressionService - Progress: {:.2f} GB / {:.2f} GB ({:.1f}%) decompressed
2025-11-09 19:48:57.554 [pool-3-thread-1] INFO  com.datacomp.service.cpu.CpuCompressionService - Decompressing chunk 5/7: offset=2147483648, compressedSize=536870912, originalSize=536870912 [{:.1f}% complete, {:.2f}/{:.2f} GB]
2025-11-09 19:49:19.295 [pool-3-thread-1] INFO  com.datacomp.service.cpu.CpuCompressionService - Chunk 5/7 decompressed: 536870912 bytes (21741ms, checksum OK)
2025-11-09 19:49:19.295 [pool-3-thread-1] INFO  com.datacomp.service.cpu.CpuCompressionService - Progress: {:.2f} GB / {:.2f} GB ({:.1f}%) decompressed
2025-11-09 19:49:19.295 [pool-3-thread-1] INFO  com.datacomp.service.cpu.CpuCompressionService - Decompressing chunk 6/7: offset=2684354560, compressedSize=536870912, originalSize=536870912 [{:.1f}% complete, {:.2f}/{:.2f} GB]
2025-11-09 19:49:40.979 [pool-3-thread-1] INFO  com.datacomp.service.cpu.CpuCompressionService - Chunk 6/7 decompressed: 536870912 bytes (21684ms, checksum OK)
2025-11-09 19:49:40.979 [pool-3-thread-1] INFO  com.datacomp.service.cpu.CpuCompressionService - Progress: {:.2f} GB / {:.2f} GB ({:.1f}%) decompressed
2025-11-09 19:49:40.979 [pool-3-thread-1] INFO  com.datacomp.service.cpu.CpuCompressionService - Decompressing chunk 7/7: offset=3221225472, compressedSize=460162806, originalSize=460162806 [{:.1f}% complete, {:.2f}/{:.2f} GB]
2025-11-09 19:49:59.534 [pool-3-thread-1] INFO  com.datacomp.service.cpu.CpuCompressionService - Chunk 7/7 decompressed: 460162806 bytes (18555ms, checksum OK)
2025-11-09 19:49:59.534 [pool-3-thread-1] INFO  com.datacomp.service.cpu.CpuCompressionService - Progress: {:.2f} GB / {:.2f} GB ({:.1f}%) decompressed
2025-11-09 19:49:59.545 [pool-3-thread-1] INFO  com.datacomp.service.cpu.CpuCompressionService - All data synchronized to disk
2025-11-09 19:49:59.646 [pool-3-thread-1] INFO  com.datacomp.service.cpu.CpuCompressionService - Decompression complete: 3681388278 bytes ({:.2f} GB) in {:.2f}s ({:.2f} MB/s)
2025-11-09 19:49:59.646 [pool-3-thread-1] INFO  com.datacomp.service.cpu.CpuCompressionService - File integrity verified - decompressed 3681388278 bytes successfully
2025-11-09 19:49:59.646 [pool-3-thread-1] INFO  com.datacomp.service.cpu.CpuCompressionService - SUCCESS: Checksum validation passed for all 7 chunks
2025-11-09 19:52:20.232 [JavaFX Application Thread] INFO  com.datacomp.service.gpu.GpuFrequencyService - Selected GPU device: NVIDIA GeForce RTX 3050 Ti Laptop GPU CL_DEVICE_TYPE_GPU (available)
2025-11-09 19:52:20.275 [JavaFX Application Thread] INFO  com.datacomp.service.gpu.GpuCompressionService - GPU compression service initialized: GPU (NVIDIA GeForce RTX 3050 Ti Laptop GPU CL_DEVICE_TYPE_GPU (available))
2025-11-09 19:52:20.302 [JavaFX Application Thread] INFO  com.datacomp.service.ServiceFactory - Using GPU compression service
2025-11-09 20:37:16.893 [JavaFX Application Thread] INFO  com.datacomp.service.gpu.GpuFrequencyService - Selected GPU device: NVIDIA GeForce RTX 3050 Ti Laptop GPU CL_DEVICE_TYPE_GPU (available)
2025-11-09 20:37:16.934 [JavaFX Application Thread] INFO  com.datacomp.service.gpu.GpuCompressionService - GPU compression service initialized: GPU (NVIDIA GeForce RTX 3050 Ti Laptop GPU CL_DEVICE_TYPE_GPU (available))
2025-11-09 20:37:16.959 [JavaFX Application Thread] INFO  com.datacomp.service.ServiceFactory - Using GPU compression service
2025-11-09 20:37:16.996 [pool-4-thread-1] INFO  com.datacomp.service.cpu.CpuCompressionService - Compressing videoplayback (3).mp4 (16514749972 bytes, {:.2f} GB) into 15.380559463053942 chunks
2025-11-09 20:37:16.997 [pool-4-thread-1] INFO  com.datacomp.service.cpu.CpuCompressionService - Phase 1: Compressing chunks (memory-efficient streaming)...
2025-11-09 20:37:26.826 [pool-4-thread-1] INFO  com.datacomp.service.cpu.CpuCompressionService - Chunk 1/31 compressed: 536870912 -> 536870912 bytes (ratio: {:.2f}%, 100.0ms) [{:.1f}% complete, {:.2f}/{:.2f} GB]
2025-11-09 20:37:35.636 [pool-4-thread-1] INFO  com.datacomp.service.cpu.CpuCompressionService - Chunk 2/31 compressed: 536870912 -> 536870912 bytes (ratio: {:.2f}%, 100.0ms) [{:.1f}% complete, {:.2f}/{:.2f} GB]
2025-11-09 20:37:43.523 [pool-4-thread-1] INFO  com.datacomp.service.cpu.CpuCompressionService - Chunk 3/31 compressed: 536870912 -> 536870912 bytes (ratio: {:.2f}%, 100.0ms) [{:.1f}% complete, {:.2f}/{:.2f} GB]
2025-11-09 20:37:51.433 [pool-4-thread-1] INFO  com.datacomp.service.cpu.CpuCompressionService - Chunk 4/31 compressed: 536870912 -> 536870912 bytes (ratio: {:.2f}%, 100.0ms) [{:.1f}% complete, {:.2f}/{:.2f} GB]
2025-11-09 20:37:59.429 [pool-4-thread-1] INFO  com.datacomp.service.cpu.CpuCompressionService - Chunk 5/31 compressed: 536870912 -> 536870912 bytes (ratio: {:.2f}%, 100.0ms) [{:.1f}% complete, {:.2f}/{:.2f} GB]
2025-11-09 20:38:07.402 [pool-4-thread-1] INFO  com.datacomp.service.cpu.CpuCompressionService - Chunk 6/31 compressed: 536870912 -> 536870912 bytes (ratio: {:.2f}%, 100.0ms) [{:.1f}% complete, {:.2f}/{:.2f} GB]
2025-11-09 20:38:15.265 [pool-4-thread-1] INFO  com.datacomp.service.cpu.CpuCompressionService - Chunk 7/31 compressed: 536870912 -> 536870912 bytes (ratio: {:.2f}%, 100.0ms) [{:.1f}% complete, {:.2f}/{:.2f} GB]
2025-11-09 20:38:23.210 [pool-4-thread-1] INFO  com.datacomp.service.cpu.CpuCompressionService - Chunk 8/31 compressed: 536870912 -> 536870912 bytes (ratio: {:.2f}%, 100.0ms) [{:.1f}% complete, {:.2f}/{:.2f} GB]
2025-11-09 20:38:31.184 [pool-4-thread-1] INFO  com.datacomp.service.cpu.CpuCompressionService - Chunk 9/31 compressed: 536870912 -> 536870912 bytes (ratio: {:.2f}%, 100.0ms) [{:.1f}% complete, {:.2f}/{:.2f} GB]
2025-11-09 20:38:39.179 [pool-4-thread-1] INFO  com.datacomp.service.cpu.CpuCompressionService - Chunk 10/31 compressed: 536870912 -> 536870912 bytes (ratio: {:.2f}%, 100.0ms) [{:.1f}% complete, {:.2f}/{:.2f} GB]
2025-11-09 20:38:47.068 [pool-4-thread-1] INFO  com.datacomp.service.cpu.CpuCompressionService - Chunk 11/31 compressed: 536870912 -> 536870912 bytes (ratio: {:.2f}%, 100.0ms) [{:.1f}% complete, {:.2f}/{:.2f} GB]
2025-11-09 20:38:55.014 [pool-4-thread-1] INFO  com.datacomp.service.cpu.CpuCompressionService - Chunk 12/31 compressed: 536870912 -> 536870912 bytes (ratio: {:.2f}%, 100.0ms) [{:.1f}% complete, {:.2f}/{:.2f} GB]
2025-11-09 20:39:02.885 [pool-4-thread-1] INFO  com.datacomp.service.cpu.CpuCompressionService - Chunk 13/31 compressed: 536870912 -> 536870912 bytes (ratio: {:.2f}%, 100.0ms) [{:.1f}% complete, {:.2f}/{:.2f} GB]
2025-11-09 20:39:10.819 [pool-4-thread-1] INFO  com.datacomp.service.cpu.CpuCompressionService - Chunk 14/31 compressed: 536870912 -> 536870912 bytes (ratio: {:.2f}%, 100.0ms) [{:.1f}% complete, {:.2f}/{:.2f} GB]
2025-11-09 20:39:18.701 [pool-4-thread-1] INFO  com.datacomp.service.cpu.CpuCompressionService - Chunk 15/31 compressed: 536870912 -> 536870912 bytes (ratio: {:.2f}%, 100.0ms) [{:.1f}% complete, {:.2f}/{:.2f} GB]
2025-11-09 20:39:26.723 [pool-4-thread-1] INFO  com.datacomp.service.cpu.CpuCompressionService - Chunk 16/31 compressed: 536870912 -> 536870912 bytes (ratio: {:.2f}%, 100.0ms) [{:.1f}% complete, {:.2f}/{:.2f} GB]
2025-11-09 20:39:34.714 [pool-4-thread-1] INFO  com.datacomp.service.cpu.CpuCompressionService - Chunk 17/31 compressed: 536870912 -> 536870912 bytes (ratio: {:.2f}%, 100.0ms) [{:.1f}% complete, {:.2f}/{:.2f} GB]
2025-11-09 20:39:42.787 [pool-4-thread-1] INFO  com.datacomp.service.cpu.CpuCompressionService - Chunk 18/31 compressed: 536870912 -> 536870912 bytes (ratio: {:.2f}%, 100.0ms) [{:.1f}% complete, {:.2f}/{:.2f} GB]
2025-11-09 20:39:50.702 [pool-4-thread-1] INFO  com.datacomp.service.cpu.CpuCompressionService - Chunk 19/31 compressed: 536870912 -> 536870912 bytes (ratio: {:.2f}%, 100.0ms) [{:.1f}% complete, {:.2f}/{:.2f} GB]
2025-11-09 20:39:58.546 [pool-4-thread-1] INFO  com.datacomp.service.cpu.CpuCompressionService - Chunk 20/31 compressed: 536870912 -> 536870912 bytes (ratio: {:.2f}%, 100.0ms) [{:.1f}% complete, {:.2f}/{:.2f} GB]
2025-11-09 20:40:06.525 [pool-4-thread-1] INFO  com.datacomp.service.cpu.CpuCompressionService - Chunk 21/31 compressed: 536870912 -> 536870912 bytes (ratio: {:.2f}%, 100.0ms) [{:.1f}% complete, {:.2f}/{:.2f} GB]
2025-11-09 20:40:14.615 [pool-4-thread-1] INFO  com.datacomp.service.cpu.CpuCompressionService - Chunk 22/31 compressed: 536870912 -> 536870912 bytes (ratio: {:.2f}%, 100.0ms) [{:.1f}% complete, {:.2f}/{:.2f} GB]
2025-11-09 20:40:22.466 [pool-4-thread-1] INFO  com.datacomp.service.cpu.CpuCompressionService - Chunk 23/31 compressed: 536870912 -> 536870912 bytes (ratio: {:.2f}%, 100.0ms) [{:.1f}% complete, {:.2f}/{:.2f} GB]
2025-11-09 20:40:30.488 [pool-4-thread-1] INFO  com.datacomp.service.cpu.CpuCompressionService - Chunk 24/31 compressed: 536870912 -> 536870912 bytes (ratio: {:.2f}%, 100.0ms) [{:.1f}% complete, {:.2f}/{:.2f} GB]
2025-11-09 20:40:38.665 [pool-4-thread-1] INFO  com.datacomp.service.cpu.CpuCompressionService - Chunk 25/31 compressed: 536870912 -> 536870912 bytes (ratio: {:.2f}%, 100.0ms) [{:.1f}% complete, {:.2f}/{:.2f} GB]
2025-11-09 20:40:46.713 [pool-4-thread-1] INFO  com.datacomp.service.cpu.CpuCompressionService - Chunk 26/31 compressed: 536870912 -> 536870912 bytes (ratio: {:.2f}%, 100.0ms) [{:.1f}% complete, {:.2f}/{:.2f} GB]
2025-11-09 20:40:54.646 [pool-4-thread-1] INFO  com.datacomp.service.cpu.CpuCompressionService - Chunk 27/31 compressed: 536870912 -> 536870912 bytes (ratio: {:.2f}%, 100.0ms) [{:.1f}% complete, {:.2f}/{:.2f} GB]
2025-11-09 20:41:02.649 [pool-4-thread-1] INFO  com.datacomp.service.cpu.CpuCompressionService - Chunk 28/31 compressed: 536870912 -> 536870912 bytes (ratio: {:.2f}%, 100.0ms) [{:.1f}% complete, {:.2f}/{:.2f} GB]
2025-11-09 20:41:10.634 [pool-4-thread-1] INFO  com.datacomp.service.cpu.CpuCompressionService - Chunk 29/31 compressed: 536870912 -> 536870912 bytes (ratio: {:.2f}%, 100.0ms) [{:.1f}% complete, {:.2f}/{:.2f} GB]
2025-11-09 20:41:18.681 [pool-4-thread-1] INFO  com.datacomp.service.cpu.CpuCompressionService - Chunk 30/31 compressed: 536870912 -> 536870912 bytes (ratio: {:.2f}%, 100.0ms) [{:.1f}% complete, {:.2f}/{:.2f} GB]
2025-11-09 20:41:24.926 [pool-4-thread-1] INFO  com.datacomp.service.cpu.CpuCompressionService - Chunk 31/31 compressed: 408622612 -> 408622612 bytes (ratio: {:.2f}%, 100.0ms) [{:.1f}% complete, {:.2f}/{:.2f} GB]
2025-11-09 20:41:24.926 [pool-4-thread-1] INFO  com.datacomp.service.cpu.CpuCompressionService - Phase 1: All data flushed to temp file
2025-11-09 20:41:24.927 [pool-4-thread-1] INFO  com.datacomp.service.cpu.CpuCompressionService - Phase 1 complete: 16514749972 bytes ({:.2f} GB) compressed to temp file
2025-11-09 20:41:24.927 [pool-4-thread-1] INFO  com.datacomp.service.cpu.CpuCompressionService - Phase 2: Assembling final compressed file...
2025-11-09 20:41:24.929 [pool-4-thread-1] INFO  com.datacomp.service.cpu.CpuCompressionService - Header written (31 chunks metadata)
2025-11-09 20:41:24.992 [pool-4-thread-1] INFO  com.datacomp.service.cpu.CpuCompressionService - Copied {:.2f} GB / {:.2f} GB ({:.1f}%)
2025-11-09 20:41:25.045 [pool-4-thread-1] INFO  com.datacomp.service.cpu.CpuCompressionService - Copied {:.2f} GB / {:.2f} GB ({:.1f}%)
2025-11-09 20:41:25.115 [pool-4-thread-1] INFO  com.datacomp.service.cpu.CpuCompressionService - Copied {:.2f} GB / {:.2f} GB ({:.1f}%)
2025-11-09 20:41:25.164 [pool-4-thread-1] INFO  com.datacomp.service.cpu.CpuCompressionService - Copied {:.2f} GB / {:.2f} GB ({:.1f}%)
2025-11-09 20:41:25.246 [pool-4-thread-1] INFO  com.datacomp.service.cpu.CpuCompressionService - Copied {:.2f} GB / {:.2f} GB ({:.1f}%)
2025-11-09 20:41:25.357 [pool-4-thread-1] INFO  com.datacomp.service.cpu.CpuCompressionService - Copied {:.2f} GB / {:.2f} GB ({:.1f}%)
2025-11-09 20:41:25.456 [pool-4-thread-1] INFO  com.datacomp.service.cpu.CpuCompressionService - Copied {:.2f} GB / {:.2f} GB ({:.1f}%)
2025-11-09 20:41:25.562 [pool-4-thread-1] INFO  com.datacomp.service.cpu.CpuCompressionService - Copied {:.2f} GB / {:.2f} GB ({:.1f}%)
2025-11-09 20:41:25.666 [pool-4-thread-1] INFO  com.datacomp.service.cpu.CpuCompressionService - Copied {:.2f} GB / {:.2f} GB ({:.1f}%)
2025-11-09 20:41:25.780 [pool-4-thread-1] INFO  com.datacomp.service.cpu.CpuCompressionService - Copied {:.2f} GB / {:.2f} GB ({:.1f}%)
2025-11-09 20:41:25.884 [pool-4-thread-1] INFO  com.datacomp.service.cpu.CpuCompressionService - Copied {:.2f} GB / {:.2f} GB ({:.1f}%)
2025-11-09 20:41:25.990 [pool-4-thread-1] INFO  com.datacomp.service.cpu.CpuCompressionService - Copied {:.2f} GB / {:.2f} GB ({:.1f}%)
2025-11-09 20:41:26.093 [pool-4-thread-1] INFO  com.datacomp.service.cpu.CpuCompressionService - Copied {:.2f} GB / {:.2f} GB ({:.1f}%)
2025-11-09 20:41:26.199 [pool-4-thread-1] INFO  com.datacomp.service.cpu.CpuCompressionService - Copied {:.2f} GB / {:.2f} GB ({:.1f}%)
2025-11-09 20:41:26.311 [pool-4-thread-1] INFO  com.datacomp.service.cpu.CpuCompressionService - Copied {:.2f} GB / {:.2f} GB ({:.1f}%)
2025-11-09 20:41:26.415 [pool-4-thread-1] INFO  com.datacomp.service.cpu.CpuCompressionService - Copied {:.2f} GB / {:.2f} GB ({:.1f}%)
2025-11-09 20:41:26.513 [pool-4-thread-1] INFO  com.datacomp.service.cpu.CpuCompressionService - Copied {:.2f} GB / {:.2f} GB ({:.1f}%)
2025-11-09 20:41:26.611 [pool-4-thread-1] INFO  com.datacomp.service.cpu.CpuCompressionService - Copied {:.2f} GB / {:.2f} GB ({:.1f}%)
2025-11-09 20:41:26.714 [pool-4-thread-1] INFO  com.datacomp.service.cpu.CpuCompressionService - Copied {:.2f} GB / {:.2f} GB ({:.1f}%)
2025-11-09 20:41:26.819 [pool-4-thread-1] INFO  com.datacomp.service.cpu.CpuCompressionService - Copied {:.2f} GB / {:.2f} GB ({:.1f}%)
2025-11-09 20:41:26.933 [pool-4-thread-1] INFO  com.datacomp.service.cpu.CpuCompressionService - Copied {:.2f} GB / {:.2f} GB ({:.1f}%)
2025-11-09 20:41:27.034 [pool-4-thread-1] INFO  com.datacomp.service.cpu.CpuCompressionService - Copied {:.2f} GB / {:.2f} GB ({:.1f}%)
2025-11-09 20:41:27.135 [pool-4-thread-1] INFO  com.datacomp.service.cpu.CpuCompressionService - Copied {:.2f} GB / {:.2f} GB ({:.1f}%)
2025-11-09 20:41:27.239 [pool-4-thread-1] INFO  com.datacomp.service.cpu.CpuCompressionService - Copied {:.2f} GB / {:.2f} GB ({:.1f}%)
2025-11-09 20:41:27.359 [pool-4-thread-1] INFO  com.datacomp.service.cpu.CpuCompressionService - Copied {:.2f} GB / {:.2f} GB ({:.1f}%)
2025-11-09 20:41:27.472 [pool-4-thread-1] INFO  com.datacomp.service.cpu.CpuCompressionService - Copied {:.2f} GB / {:.2f} GB ({:.1f}%)
2025-11-09 20:41:27.576 [pool-4-thread-1] INFO  com.datacomp.service.cpu.CpuCompressionService - Copied {:.2f} GB / {:.2f} GB ({:.1f}%)
2025-11-09 20:41:27.679 [pool-4-thread-1] INFO  com.datacomp.service.cpu.CpuCompressionService - Copied {:.2f} GB / {:.2f} GB ({:.1f}%)
2025-11-09 20:41:27.781 [pool-4-thread-1] INFO  com.datacomp.service.cpu.CpuCompressionService - Copied {:.2f} GB / {:.2f} GB ({:.1f}%)
2025-11-09 20:41:27.888 [pool-4-thread-1] INFO  com.datacomp.service.cpu.CpuCompressionService - Copied {:.2f} GB / {:.2f} GB ({:.1f}%)
2025-11-09 20:41:27.992 [pool-4-thread-1] INFO  com.datacomp.service.cpu.CpuCompressionService - Copied {:.2f} GB / {:.2f} GB ({:.1f}%)
2025-11-09 20:41:28.102 [pool-4-thread-1] INFO  com.datacomp.service.cpu.CpuCompressionService - Copied {:.2f} GB / {:.2f} GB ({:.1f}%)
2025-11-09 20:41:28.204 [pool-4-thread-1] INFO  com.datacomp.service.cpu.CpuCompressionService - Copied {:.2f} GB / {:.2f} GB ({:.1f}%)
2025-11-09 20:41:28.304 [pool-4-thread-1] INFO  com.datacomp.service.cpu.CpuCompressionService - Copied {:.2f} GB / {:.2f} GB ({:.1f}%)
2025-11-09 20:41:28.401 [pool-4-thread-1] INFO  com.datacomp.service.cpu.CpuCompressionService - Copied {:.2f} GB / {:.2f} GB ({:.1f}%)
2025-11-09 20:41:28.506 [pool-4-thread-1] INFO  com.datacomp.service.cpu.CpuCompressionService - Copied {:.2f} GB / {:.2f} GB ({:.1f}%)
2025-11-09 20:41:28.607 [pool-4-thread-1] INFO  com.datacomp.service.cpu.CpuCompressionService - Copied {:.2f} GB / {:.2f} GB ({:.1f}%)
2025-11-09 20:41:28.718 [pool-4-thread-1] INFO  com.datacomp.service.cpu.CpuCompressionService - Copied {:.2f} GB / {:.2f} GB ({:.1f}%)
2025-11-09 20:41:28.839 [pool-4-thread-1] INFO  com.datacomp.service.cpu.CpuCompressionService - Copied {:.2f} GB / {:.2f} GB ({:.1f}%)
2025-11-09 20:41:29.029 [pool-4-thread-1] INFO  com.datacomp.service.cpu.CpuCompressionService - Copied {:.2f} GB / {:.2f} GB ({:.1f}%)
2025-11-09 20:41:29.202 [pool-4-thread-1] INFO  com.datacomp.service.cpu.CpuCompressionService - Copied {:.2f} GB / {:.2f} GB ({:.1f}%)
2025-11-09 20:41:29.380 [pool-4-thread-1] INFO  com.datacomp.service.cpu.CpuCompressionService - Copied {:.2f} GB / {:.2f} GB ({:.1f}%)
2025-11-09 20:41:29.558 [pool-4-thread-1] INFO  com.datacomp.service.cpu.CpuCompressionService - Copied {:.2f} GB / {:.2f} GB ({:.1f}%)
2025-11-09 20:41:29.778 [pool-4-thread-1] INFO  com.datacomp.service.cpu.CpuCompressionService - Copied {:.2f} GB / {:.2f} GB ({:.1f}%)
2025-11-09 20:41:30.003 [pool-4-thread-1] INFO  com.datacomp.service.cpu.CpuCompressionService - Copied {:.2f} GB / {:.2f} GB ({:.1f}%)
2025-11-09 20:41:30.188 [pool-4-thread-1] INFO  com.datacomp.service.cpu.CpuCompressionService - Copied {:.2f} GB / {:.2f} GB ({:.1f}%)
2025-11-09 20:41:30.396 [pool-4-thread-1] INFO  com.datacomp.service.cpu.CpuCompressionService - Copied {:.2f} GB / {:.2f} GB ({:.1f}%)
2025-11-09 20:41:30.608 [pool-4-thread-1] INFO  com.datacomp.service.cpu.CpuCompressionService - Copied {:.2f} GB / {:.2f} GB ({:.1f}%)
2025-11-09 20:41:30.814 [pool-4-thread-1] INFO  com.datacomp.service.cpu.CpuCompressionService - Copied {:.2f} GB / {:.2f} GB ({:.1f}%)
2025-11-09 20:41:31.060 [pool-4-thread-1] INFO  com.datacomp.service.cpu.CpuCompressionService - Copied {:.2f} GB / {:.2f} GB ({:.1f}%)
2025-11-09 20:41:31.280 [pool-4-thread-1] INFO  com.datacomp.service.cpu.CpuCompressionService - Copied {:.2f} GB / {:.2f} GB ({:.1f}%)
2025-11-09 20:41:31.461 [pool-4-thread-1] INFO  com.datacomp.service.cpu.CpuCompressionService - Copied {:.2f} GB / {:.2f} GB ({:.1f}%)
2025-11-09 20:41:31.638 [pool-4-thread-1] INFO  com.datacomp.service.cpu.CpuCompressionService - Copied {:.2f} GB / {:.2f} GB ({:.1f}%)
2025-11-09 20:41:31.829 [pool-4-thread-1] INFO  com.datacomp.service.cpu.CpuCompressionService - Copied {:.2f} GB / {:.2f} GB ({:.1f}%)
2025-11-09 20:41:32.024 [pool-4-thread-1] INFO  com.datacomp.service.cpu.CpuCompressionService - Copied {:.2f} GB / {:.2f} GB ({:.1f}%)
2025-11-09 20:41:32.284 [pool-4-thread-1] INFO  com.datacomp.service.cpu.CpuCompressionService - Copied {:.2f} GB / {:.2f} GB ({:.1f}%)
2025-11-09 20:41:32.481 [pool-4-thread-1] INFO  com.datacomp.service.cpu.CpuCompressionService - Copied {:.2f} GB / {:.2f} GB ({:.1f}%)
2025-11-09 20:41:32.667 [pool-4-thread-1] INFO  com.datacomp.service.cpu.CpuCompressionService - Copied {:.2f} GB / {:.2f} GB ({:.1f}%)
2025-11-09 20:41:32.862 [pool-4-thread-1] INFO  com.datacomp.service.cpu.CpuCompressionService - Copied {:.2f} GB / {:.2f} GB ({:.1f}%)
2025-11-09 20:41:33.045 [pool-4-thread-1] INFO  com.datacomp.service.cpu.CpuCompressionService - Copied {:.2f} GB / {:.2f} GB ({:.1f}%)
2025-11-09 20:41:33.253 [pool-4-thread-1] INFO  com.datacomp.service.cpu.CpuCompressionService - Copied {:.2f} GB / {:.2f} GB ({:.1f}%)
2025-11-09 20:41:33.453 [pool-4-thread-1] INFO  com.datacomp.service.cpu.CpuCompressionService - Copied {:.2f} GB / {:.2f} GB ({:.1f}%)
2025-11-09 20:41:33.680 [pool-4-thread-1] INFO  com.datacomp.service.cpu.CpuCompressionService - Copied {:.2f} GB / {:.2f} GB ({:.1f}%)
2025-11-09 20:41:33.900 [pool-4-thread-1] INFO  com.datacomp.service.cpu.CpuCompressionService - Copied {:.2f} GB / {:.2f} GB ({:.1f}%)
2025-11-09 20:41:34.092 [pool-4-thread-1] INFO  com.datacomp.service.cpu.CpuCompressionService - Copied {:.2f} GB / {:.2f} GB ({:.1f}%)
2025-11-09 20:41:34.290 [pool-4-thread-1] INFO  com.datacomp.service.cpu.CpuCompressionService - Copied {:.2f} GB / {:.2f} GB ({:.1f}%)
2025-11-09 20:41:34.483 [pool-4-thread-1] INFO  com.datacomp.service.cpu.CpuCompressionService - Copied {:.2f} GB / {:.2f} GB ({:.1f}%)
2025-11-09 20:41:34.687 [pool-4-thread-1] INFO  com.datacomp.service.cpu.CpuCompressionService - Copied {:.2f} GB / {:.2f} GB ({:.1f}%)
2025-11-09 20:41:34.862 [pool-4-thread-1] INFO  com.datacomp.service.cpu.CpuCompressionService - Copied {:.2f} GB / {:.2f} GB ({:.1f}%)
2025-11-09 20:41:35.055 [pool-4-thread-1] INFO  com.datacomp.service.cpu.CpuCompressionService - Copied {:.2f} GB / {:.2f} GB ({:.1f}%)
2025-11-09 20:41:35.264 [pool-4-thread-1] INFO  com.datacomp.service.cpu.CpuCompressionService - Copied {:.2f} GB / {:.2f} GB ({:.1f}%)
2025-11-09 20:41:35.490 [pool-4-thread-1] INFO  com.datacomp.service.cpu.CpuCompressionService - Copied {:.2f} GB / {:.2f} GB ({:.1f}%)
2025-11-09 20:41:35.728 [pool-4-thread-1] INFO  com.datacomp.service.cpu.CpuCompressionService - Copied {:.2f} GB / {:.2f} GB ({:.1f}%)
2025-11-09 20:41:35.947 [pool-4-thread-1] INFO  com.datacomp.service.cpu.CpuCompressionService - Copied {:.2f} GB / {:.2f} GB ({:.1f}%)
2025-11-09 20:41:36.130 [pool-4-thread-1] INFO  com.datacomp.service.cpu.CpuCompressionService - Copied {:.2f} GB / {:.2f} GB ({:.1f}%)
2025-11-09 20:41:36.310 [pool-4-thread-1] INFO  com.datacomp.service.cpu.CpuCompressionService - Copied {:.2f} GB / {:.2f} GB ({:.1f}%)
2025-11-09 20:41:36.503 [pool-4-thread-1] INFO  com.datacomp.service.cpu.CpuCompressionService - Copied {:.2f} GB / {:.2f} GB ({:.1f}%)
2025-11-09 20:41:36.704 [pool-4-thread-1] INFO  com.datacomp.service.cpu.CpuCompressionService - Copied {:.2f} GB / {:.2f} GB ({:.1f}%)
2025-11-09 20:41:36.928 [pool-4-thread-1] INFO  com.datacomp.service.cpu.CpuCompressionService - Copied {:.2f} GB / {:.2f} GB ({:.1f}%)
2025-11-09 20:41:37.143 [pool-4-thread-1] INFO  com.datacomp.service.cpu.CpuCompressionService - Copied {:.2f} GB / {:.2f} GB ({:.1f}%)
2025-11-09 20:41:37.331 [pool-4-thread-1] INFO  com.datacomp.service.cpu.CpuCompressionService - Copied {:.2f} GB / {:.2f} GB ({:.1f}%)
2025-11-09 20:41:37.542 [pool-4-thread-1] INFO  com.datacomp.service.cpu.CpuCompressionService - Copied {:.2f} GB / {:.2f} GB ({:.1f}%)
2025-11-09 20:41:37.744 [pool-4-thread-1] INFO  com.datacomp.service.cpu.CpuCompressionService - Copied {:.2f} GB / {:.2f} GB ({:.1f}%)
2025-11-09 20:41:37.946 [pool-4-thread-1] INFO  com.datacomp.service.cpu.CpuCompressionService - Copied {:.2f} GB / {:.2f} GB ({:.1f}%)
2025-11-09 20:41:38.129 [pool-4-thread-1] INFO  com.datacomp.service.cpu.CpuCompressionService - Copied {:.2f} GB / {:.2f} GB ({:.1f}%)
2025-11-09 20:41:38.341 [pool-4-thread-1] INFO  com.datacomp.service.cpu.CpuCompressionService - Copied {:.2f} GB / {:.2f} GB ({:.1f}%)
2025-11-09 20:41:38.538 [pool-4-thread-1] INFO  com.datacomp.service.cpu.CpuCompressionService - Copied {:.2f} GB / {:.2f} GB ({:.1f}%)
2025-11-09 20:41:38.748 [pool-4-thread-1] INFO  com.datacomp.service.cpu.CpuCompressionService - Copied {:.2f} GB / {:.2f} GB ({:.1f}%)
2025-11-09 20:41:38.952 [pool-4-thread-1] INFO  com.datacomp.service.cpu.CpuCompressionService - Copied {:.2f} GB / {:.2f} GB ({:.1f}%)
2025-11-09 20:41:39.159 [pool-4-thread-1] INFO  com.datacomp.service.cpu.CpuCompressionService - Copied {:.2f} GB / {:.2f} GB ({:.1f}%)
2025-11-09 20:41:39.356 [pool-4-thread-1] INFO  com.datacomp.service.cpu.CpuCompressionService - Copied {:.2f} GB / {:.2f} GB ({:.1f}%)
2025-11-09 20:41:39.548 [pool-4-thread-1] INFO  com.datacomp.service.cpu.CpuCompressionService - Copied {:.2f} GB / {:.2f} GB ({:.1f}%)
2025-11-09 20:41:39.740 [pool-4-thread-1] INFO  com.datacomp.service.cpu.CpuCompressionService - Copied {:.2f} GB / {:.2f} GB ({:.1f}%)
2025-11-09 20:41:39.955 [pool-4-thread-1] INFO  com.datacomp.service.cpu.CpuCompressionService - Copied {:.2f} GB / {:.2f} GB ({:.1f}%)
2025-11-09 20:41:40.173 [pool-4-thread-1] INFO  com.datacomp.service.cpu.CpuCompressionService - Copied {:.2f} GB / {:.2f} GB ({:.1f}%)
2025-11-09 20:41:40.384 [pool-4-thread-1] INFO  com.datacomp.service.cpu.CpuCompressionService - Copied {:.2f} GB / {:.2f} GB ({:.1f}%)
2025-11-09 20:41:40.586 [pool-4-thread-1] INFO  com.datacomp.service.cpu.CpuCompressionService - Copied {:.2f} GB / {:.2f} GB ({:.1f}%)
2025-11-09 20:41:40.797 [pool-4-thread-1] INFO  com.datacomp.service.cpu.CpuCompressionService - Copied {:.2f} GB / {:.2f} GB ({:.1f}%)
2025-11-09 20:41:41.031 [pool-4-thread-1] INFO  com.datacomp.service.cpu.CpuCompressionService - Copied {:.2f} GB / {:.2f} GB ({:.1f}%)
2025-11-09 20:41:41.257 [pool-4-thread-1] INFO  com.datacomp.service.cpu.CpuCompressionService - Copied {:.2f} GB / {:.2f} GB ({:.1f}%)
2025-11-09 20:41:41.439 [pool-4-thread-1] INFO  com.datacomp.service.cpu.CpuCompressionService - Copied {:.2f} GB / {:.2f} GB ({:.1f}%)
2025-11-09 20:41:41.643 [pool-4-thread-1] INFO  com.datacomp.service.cpu.CpuCompressionService - Copied {:.2f} GB / {:.2f} GB ({:.1f}%)
2025-11-09 20:41:41.822 [pool-4-thread-1] INFO  com.datacomp.service.cpu.CpuCompressionService - Copied {:.2f} GB / {:.2f} GB ({:.1f}%)
2025-11-09 20:41:42.018 [pool-4-thread-1] INFO  com.datacomp.service.cpu.CpuCompressionService - Copied {:.2f} GB / {:.2f} GB ({:.1f}%)
2025-11-09 20:41:42.222 [pool-4-thread-1] INFO  com.datacomp.service.cpu.CpuCompressionService - Copied {:.2f} GB / {:.2f} GB ({:.1f}%)
2025-11-09 20:41:42.430 [pool-4-thread-1] INFO  com.datacomp.service.cpu.CpuCompressionService - Copied {:.2f} GB / {:.2f} GB ({:.1f}%)
2025-11-09 20:41:42.686 [pool-4-thread-1] INFO  com.datacomp.service.cpu.CpuCompressionService - Copied {:.2f} GB / {:.2f} GB ({:.1f}%)
2025-11-09 20:41:43.139 [pool-4-thread-1] INFO  com.datacomp.service.cpu.CpuCompressionService - Copied {:.2f} GB / {:.2f} GB ({:.1f}%)
2025-11-09 20:41:43.267 [pool-4-thread-1] INFO  com.datacomp.service.cpu.CpuCompressionService - Copied {:.2f} GB / {:.2f} GB ({:.1f}%)
2025-11-09 20:41:43.477 [pool-4-thread-1] INFO  com.datacomp.service.cpu.CpuCompressionService - Copied {:.2f} GB / {:.2f} GB ({:.1f}%)
2025-11-09 20:41:43.689 [pool-4-thread-1] INFO  com.datacomp.service.cpu.CpuCompressionService - Copied {:.2f} GB / {:.2f} GB ({:.1f}%)
2025-11-09 20:41:43.878 [pool-4-thread-1] INFO  com.datacomp.service.cpu.CpuCompressionService - Copied {:.2f} GB / {:.2f} GB ({:.1f}%)
2025-11-09 20:41:44.072 [pool-4-thread-1] INFO  com.datacomp.service.cpu.CpuCompressionService - Copied {:.2f} GB / {:.2f} GB ({:.1f}%)
2025-11-09 20:41:44.235 [pool-4-thread-1] INFO  com.datacomp.service.cpu.CpuCompressionService - Copied {:.2f} GB / {:.2f} GB ({:.1f}%)
2025-11-09 20:41:44.413 [pool-4-thread-1] INFO  com.datacomp.service.cpu.CpuCompressionService - Copied {:.2f} GB / {:.2f} GB ({:.1f}%)
2025-11-09 20:41:44.629 [pool-4-thread-1] INFO  com.datacomp.service.cpu.CpuCompressionService - Copied {:.2f} GB / {:.2f} GB ({:.1f}%)
2025-11-09 20:41:44.841 [pool-4-thread-1] INFO  com.datacomp.service.cpu.CpuCompressionService - Copied {:.2f} GB / {:.2f} GB ({:.1f}%)
2025-11-09 20:41:45.048 [pool-4-thread-1] INFO  com.datacomp.service.cpu.CpuCompressionService - Copied {:.2f} GB / {:.2f} GB ({:.1f}%)
2025-11-09 20:41:45.251 [pool-4-thread-1] INFO  com.datacomp.service.cpu.CpuCompressionService - Copied {:.2f} GB / {:.2f} GB ({:.1f}%)
2025-11-09 20:41:45.427 [pool-4-thread-1] INFO  com.datacomp.service.cpu.CpuCompressionService - Copied {:.2f} GB / {:.2f} GB ({:.1f}%)
2025-11-09 20:41:45.627 [pool-4-thread-1] INFO  com.datacomp.service.cpu.CpuCompressionService - Copied {:.2f} GB / {:.2f} GB ({:.1f}%)
2025-11-09 20:41:45.836 [pool-4-thread-1] INFO  com.datacomp.service.cpu.CpuCompressionService - Copied {:.2f} GB / {:.2f} GB ({:.1f}%)
2025-11-09 20:41:46.032 [pool-4-thread-1] INFO  com.datacomp.service.cpu.CpuCompressionService - Copied {:.2f} GB / {:.2f} GB ({:.1f}%)
2025-11-09 20:41:46.233 [pool-4-thread-1] INFO  com.datacomp.service.cpu.CpuCompressionService - Copied {:.2f} GB / {:.2f} GB ({:.1f}%)
2025-11-09 20:41:46.435 [pool-4-thread-1] INFO  com.datacomp.service.cpu.CpuCompressionService - Copied {:.2f} GB / {:.2f} GB ({:.1f}%)
2025-11-09 20:41:46.654 [pool-4-thread-1] INFO  com.datacomp.service.cpu.CpuCompressionService - Copied {:.2f} GB / {:.2f} GB ({:.1f}%)
2025-11-09 20:41:46.824 [pool-4-thread-1] INFO  com.datacomp.service.cpu.CpuCompressionService - Copied {:.2f} GB / {:.2f} GB ({:.1f}%)
2025-11-09 20:41:47.024 [pool-4-thread-1] INFO  com.datacomp.service.cpu.CpuCompressionService - Copied {:.2f} GB / {:.2f} GB ({:.1f}%)
2025-11-09 20:41:47.222 [pool-4-thread-1] INFO  com.datacomp.service.cpu.CpuCompressionService - Copied {:.2f} GB / {:.2f} GB ({:.1f}%)
2025-11-09 20:41:47.431 [pool-4-thread-1] INFO  com.datacomp.service.cpu.CpuCompressionService - Copied {:.2f} GB / {:.2f} GB ({:.1f}%)
2025-11-09 20:41:47.639 [pool-4-thread-1] INFO  com.datacomp.service.cpu.CpuCompressionService - Copied {:.2f} GB / {:.2f} GB ({:.1f}%)
2025-11-09 20:41:47.862 [pool-4-thread-1] INFO  com.datacomp.service.cpu.CpuCompressionService - Copied {:.2f} GB / {:.2f} GB ({:.1f}%)
2025-11-09 20:41:48.077 [pool-4-thread-1] INFO  com.datacomp.service.cpu.CpuCompressionService - Copied {:.2f} GB / {:.2f} GB ({:.1f}%)
2025-11-09 20:41:48.216 [pool-4-thread-1] INFO  com.datacomp.service.cpu.CpuCompressionService - Copied {:.2f} GB / {:.2f} GB ({:.1f}%)
2025-11-09 20:41:48.411 [pool-4-thread-1] INFO  com.datacomp.service.cpu.CpuCompressionService - Copied {:.2f} GB / {:.2f} GB ({:.1f}%)
2025-11-09 20:41:48.613 [pool-4-thread-1] INFO  com.datacomp.service.cpu.CpuCompressionService - Copied {:.2f} GB / {:.2f} GB ({:.1f}%)
2025-11-09 20:41:48.845 [pool-4-thread-1] INFO  com.datacomp.service.cpu.CpuCompressionService - Copied {:.2f} GB / {:.2f} GB ({:.1f}%)
2025-11-09 20:41:49.069 [pool-4-thread-1] INFO  com.datacomp.service.cpu.CpuCompressionService - Copied {:.2f} GB / {:.2f} GB ({:.1f}%)
2025-11-09 20:41:49.276 [pool-4-thread-1] INFO  com.datacomp.service.cpu.CpuCompressionService - Copied {:.2f} GB / {:.2f} GB ({:.1f}%)
2025-11-09 20:41:49.438 [pool-4-thread-1] INFO  com.datacomp.service.cpu.CpuCompressionService - Copied {:.2f} GB / {:.2f} GB ({:.1f}%)
2025-11-09 20:41:49.605 [pool-4-thread-1] INFO  com.datacomp.service.cpu.CpuCompressionService - Copied {:.2f} GB / {:.2f} GB ({:.1f}%)
2025-11-09 20:41:49.804 [pool-4-thread-1] INFO  com.datacomp.service.cpu.CpuCompressionService - Copied {:.2f} GB / {:.2f} GB ({:.1f}%)
2025-11-09 20:41:50.027 [pool-4-thread-1] INFO  com.datacomp.service.cpu.CpuCompressionService - Copied {:.2f} GB / {:.2f} GB ({:.1f}%)
2025-11-09 20:41:50.239 [pool-4-thread-1] INFO  com.datacomp.service.cpu.CpuCompressionService - Copied {:.2f} GB / {:.2f} GB ({:.1f}%)
2025-11-09 20:41:50.442 [pool-4-thread-1] INFO  com.datacomp.service.cpu.CpuCompressionService - Copied {:.2f} GB / {:.2f} GB ({:.1f}%)
2025-11-09 20:41:50.652 [pool-4-thread-1] INFO  com.datacomp.service.cpu.CpuCompressionService - Copied {:.2f} GB / {:.2f} GB ({:.1f}%)
2025-11-09 20:41:50.844 [pool-4-thread-1] INFO  com.datacomp.service.cpu.CpuCompressionService - Copied {:.2f} GB / {:.2f} GB ({:.1f}%)
2025-11-09 20:41:51.006 [pool-4-thread-1] INFO  com.datacomp.service.cpu.CpuCompressionService - Copied {:.2f} GB / {:.2f} GB ({:.1f}%)
2025-11-09 20:41:51.241 [pool-4-thread-1] INFO  com.datacomp.service.cpu.CpuCompressionService - Copied {:.2f} GB / {:.2f} GB ({:.1f}%)
2025-11-09 20:41:51.460 [pool-4-thread-1] INFO  com.datacomp.service.cpu.CpuCompressionService - Copied {:.2f} GB / {:.2f} GB ({:.1f}%)
2025-11-09 20:41:51.664 [pool-4-thread-1] INFO  com.datacomp.service.cpu.CpuCompressionService - Copied {:.2f} GB / {:.2f} GB ({:.1f}%)
2025-11-09 20:41:51.863 [pool-4-thread-1] INFO  com.datacomp.service.cpu.CpuCompressionService - Copied {:.2f} GB / {:.2f} GB ({:.1f}%)
2025-11-09 20:41:52.055 [pool-4-thread-1] INFO  com.datacomp.service.cpu.CpuCompressionService - Copied {:.2f} GB / {:.2f} GB ({:.1f}%)
2025-11-09 20:41:52.247 [pool-4-thread-1] INFO  com.datacomp.service.cpu.CpuCompressionService - Copied {:.2f} GB / {:.2f} GB ({:.1f}%)
2025-11-09 20:41:52.426 [pool-4-thread-1] INFO  com.datacomp.service.cpu.CpuCompressionService - Copied {:.2f} GB / {:.2f} GB ({:.1f}%)
2025-11-09 20:41:52.629 [pool-4-thread-1] INFO  com.datacomp.service.cpu.CpuCompressionService - Copied {:.2f} GB / {:.2f} GB ({:.1f}%)
2025-11-09 20:41:52.846 [pool-4-thread-1] INFO  com.datacomp.service.cpu.CpuCompressionService - Copied {:.2f} GB / {:.2f} GB ({:.1f}%)
2025-11-09 20:41:52.947 [pool-4-thread-1] INFO  com.datacomp.service.cpu.CpuCompressionService - Copied 16514749972 bytes ({:.2f} GB) of compressed data to final file
2025-11-09 20:41:53.048 [pool-4-thread-1] INFO  com.datacomp.service.cpu.CpuCompressionService - Compression complete: 16514749972 -> 16514767793 bytes ({:.2f}%) in {:.2f}s ({:.2f} MB/s)
2025-11-09 20:41:53.048 [pool-4-thread-1] INFO  com.datacomp.service.cpu.CpuCompressionService - SUCCESS: Final file size verified: {:.2f} GB
2025-11-09 20:42:08.029 [JavaFX Application Thread] INFO  com.datacomp.service.gpu.GpuFrequencyService - Selected GPU device: NVIDIA GeForce RTX 3050 Ti Laptop GPU CL_DEVICE_TYPE_GPU (available)
2025-11-09 20:42:08.069 [JavaFX Application Thread] INFO  com.datacomp.service.gpu.GpuCompressionService - GPU compression service initialized: GPU (NVIDIA GeForce RTX 3050 Ti Laptop GPU CL_DEVICE_TYPE_GPU (available))
2025-11-09 20:42:08.100 [JavaFX Application Thread] INFO  com.datacomp.service.ServiceFactory - Using GPU compression service
2025-11-09 20:42:34.925 [JavaFX Application Thread] INFO  com.datacomp.service.gpu.GpuFrequencyService - Selected GPU device: NVIDIA GeForce RTX 3050 Ti Laptop GPU CL_DEVICE_TYPE_GPU (available)
2025-11-09 20:42:34.957 [JavaFX Application Thread] INFO  com.datacomp.service.gpu.GpuCompressionService - GPU compression service initialized: GPU (NVIDIA GeForce RTX 3050 Ti Laptop GPU CL_DEVICE_TYPE_GPU (available))
2025-11-09 20:42:34.982 [JavaFX Application Thread] INFO  com.datacomp.service.ServiceFactory - Using GPU compression service
2025-11-09 20:42:34.984 [pool-5-thread-1] INFO  com.datacomp.service.cpu.CpuCompressionService - Decompressing videoplayback (3).mp4.dcz to videoplayback (3).mp4
2025-11-09 20:42:34.984 [pool-5-thread-1] INFO  com.datacomp.service.cpu.CpuCompressionService - Input file size: 16514767793 bytes ({:.2f} GB)
2025-11-09 20:42:34.985 [pool-5-thread-1] INFO  com.datacomp.service.cpu.CpuCompressionService - Reading compression header...
2025-11-09 20:42:34.988 [pool-5-thread-1] INFO  com.datacomp.service.cpu.CpuCompressionService - Decompressing 31 chunks, original size: 16514749972 bytes ({:.2f} GB)
2025-11-09 20:42:34.988 [pool-5-thread-1] INFO  com.datacomp.service.cpu.CpuCompressionService - Decompressing chunk 1/31: offset=0, compressedSize=536870912, originalSize=536870912 [{:.1f}% complete, {:.2f}/{:.2f} GB]
2025-11-09 20:43:01.527 [pool-5-thread-1] INFO  com.datacomp.service.cpu.CpuCompressionService - Chunk 1/31 decompressed: 536870912 bytes (26539ms, checksum OK)
2025-11-09 20:43:01.527 [pool-5-thread-1] INFO  com.datacomp.service.cpu.CpuCompressionService - Progress: {:.2f} GB / {:.2f} GB ({:.1f}%) decompressed
2025-11-09 20:43:01.757 [pool-5-thread-1] INFO  com.datacomp.service.cpu.CpuCompressionService - Decompressing chunk 2/31: offset=536870912, compressedSize=536870912, originalSize=536870912 [{:.1f}% complete, {:.2f}/{:.2f} GB]
2025-11-09 20:43:27.716 [pool-5-thread-1] INFO  com.datacomp.service.cpu.CpuCompressionService - Chunk 2/31 decompressed: 536870912 bytes (25959ms, checksum OK)
2025-11-09 20:43:27.717 [pool-5-thread-1] INFO  com.datacomp.service.cpu.CpuCompressionService - Progress: {:.2f} GB / {:.2f} GB ({:.1f}%) decompressed
2025-11-09 20:43:27.717 [pool-5-thread-1] INFO  com.datacomp.service.cpu.CpuCompressionService - Decompressing chunk 3/31: offset=1073741824, compressedSize=536870912, originalSize=536870912 [{:.1f}% complete, {:.2f}/{:.2f} GB]
2025-11-09 20:43:53.643 [pool-5-thread-1] INFO  com.datacomp.service.cpu.CpuCompressionService - Chunk 3/31 decompressed: 536870912 bytes (25926ms, checksum OK)
2025-11-09 20:43:53.643 [pool-5-thread-1] INFO  com.datacomp.service.cpu.CpuCompressionService - Progress: {:.2f} GB / {:.2f} GB ({:.1f}%) decompressed
2025-11-09 20:43:53.643 [pool-5-thread-1] INFO  com.datacomp.service.cpu.CpuCompressionService - Decompressing chunk 4/31: offset=1610612736, compressedSize=536870912, originalSize=536870912 [{:.1f}% complete, {:.2f}/{:.2f} GB]
2025-11-09 20:44:19.637 [pool-5-thread-1] INFO  com.datacomp.service.cpu.CpuCompressionService - Chunk 4/31 decompressed: 536870912 bytes (25994ms, checksum OK)
2025-11-09 20:44:19.637 [pool-5-thread-1] INFO  com.datacomp.service.cpu.CpuCompressionService - Progress: {:.2f} GB / {:.2f} GB ({:.1f}%) decompressed
2025-11-09 20:44:19.638 [pool-5-thread-1] INFO  com.datacomp.service.cpu.CpuCompressionService - Decompressing chunk 5/31: offset=2147483648, compressedSize=536870912, originalSize=536870912 [{:.1f}% complete, {:.2f}/{:.2f} GB]
2025-11-09 20:44:45.581 [pool-5-thread-1] INFO  com.datacomp.service.cpu.CpuCompressionService - Chunk 5/31 decompressed: 536870912 bytes (25942ms, checksum OK)
2025-11-09 20:44:45.581 [pool-5-thread-1] INFO  com.datacomp.service.cpu.CpuCompressionService - Progress: {:.2f} GB / {:.2f} GB ({:.1f}%) decompressed
2025-11-09 20:44:45.581 [pool-5-thread-1] INFO  com.datacomp.service.cpu.CpuCompressionService - Decompressing chunk 6/31: offset=2684354560, compressedSize=536870912, originalSize=536870912 [{:.1f}% complete, {:.2f}/{:.2f} GB]
2025-11-09 20:45:13.175 [pool-5-thread-1] INFO  com.datacomp.service.cpu.CpuCompressionService - Chunk 6/31 decompressed: 536870912 bytes (27594ms, checksum OK)
2025-11-09 20:45:13.175 [pool-5-thread-1] INFO  com.datacomp.service.cpu.CpuCompressionService - Progress: {:.2f} GB / {:.2f} GB ({:.1f}%) decompressed
2025-11-09 20:45:13.175 [pool-5-thread-1] INFO  com.datacomp.service.cpu.CpuCompressionService - Decompressing chunk 7/31: offset=3221225472, compressedSize=536870912, originalSize=536870912 [{:.1f}% complete, {:.2f}/{:.2f} GB]
2025-11-09 20:45:40.451 [pool-5-thread-1] INFO  com.datacomp.service.cpu.CpuCompressionService - Chunk 7/31 decompressed: 536870912 bytes (27276ms, checksum OK)
2025-11-09 20:45:40.451 [pool-5-thread-1] INFO  com.datacomp.service.cpu.CpuCompressionService - Progress: {:.2f} GB / {:.2f} GB ({:.1f}%) decompressed
2025-11-09 20:45:40.451 [pool-5-thread-1] INFO  com.datacomp.service.cpu.CpuCompressionService - Decompressing chunk 8/31: offset=3758096384, compressedSize=536870912, originalSize=536870912 [{:.1f}% complete, {:.2f}/{:.2f} GB]
2025-11-09 20:46:07.180 [pool-5-thread-1] INFO  com.datacomp.service.cpu.CpuCompressionService - Chunk 8/31 decompressed: 536870912 bytes (26729ms, checksum OK)
2025-11-09 20:46:07.180 [pool-5-thread-1] INFO  com.datacomp.service.cpu.CpuCompressionService - Progress: {:.2f} GB / {:.2f} GB ({:.1f}%) decompressed
2025-11-09 20:46:07.180 [pool-5-thread-1] INFO  com.datacomp.service.cpu.CpuCompressionService - Decompressing chunk 9/31: offset=4294967296, compressedSize=536870912, originalSize=536870912 [{:.1f}% complete, {:.2f}/{:.2f} GB]
2025-11-09 20:46:33.787 [pool-5-thread-1] INFO  com.datacomp.service.cpu.CpuCompressionService - Chunk 9/31 decompressed: 536870912 bytes (26607ms, checksum OK)
2025-11-09 20:46:33.787 [pool-5-thread-1] INFO  com.datacomp.service.cpu.CpuCompressionService - Progress: {:.2f} GB / {:.2f} GB ({:.1f}%) decompressed
2025-11-09 20:46:33.787 [pool-5-thread-1] INFO  com.datacomp.service.cpu.CpuCompressionService - Decompressing chunk 10/31: offset=4831838208, compressedSize=536870912, originalSize=536870912 [{:.1f}% complete, {:.2f}/{:.2f} GB]
2025-11-09 20:47:01.023 [pool-5-thread-1] INFO  com.datacomp.service.cpu.CpuCompressionService - Chunk 10/31 decompressed: 536870912 bytes (27236ms, checksum OK)
2025-11-09 20:47:01.023 [pool-5-thread-1] INFO  com.datacomp.service.cpu.CpuCompressionService - Progress: {:.2f} GB / {:.2f} GB ({:.1f}%) decompressed
2025-11-09 20:47:01.023 [pool-5-thread-1] INFO  com.datacomp.service.cpu.CpuCompressionService - Decompressing chunk 11/31: offset=5368709120, compressedSize=536870912, originalSize=536870912 [{:.1f}% complete, {:.2f}/{:.2f} GB]
2025-11-09 20:47:21.775 [JavaFX Application Thread] INFO  com.datacomp.service.gpu.GpuFrequencyService - Selected GPU device: NVIDIA GeForce RTX 3050 Ti Laptop GPU CL_DEVICE_TYPE_GPU (available)
2025-11-09 20:47:21.796 [JavaFX Application Thread] INFO  com.datacomp.service.gpu.GpuCompressionService - GPU compression service initialized: GPU (NVIDIA GeForce RTX 3050 Ti Laptop GPU CL_DEVICE_TYPE_GPU (available))
2025-11-09 20:47:21.818 [JavaFX Application Thread] INFO  com.datacomp.service.ServiceFactory - Using GPU compression service
2025-11-09 20:47:24.499 [JavaFX Application Thread] INFO  com.datacomp.ui.DataCompApp - Application stopping
2025-11-09 20:47:30.651 [pool-5-thread-1] INFO  com.datacomp.service.cpu.CpuCompressionService - Chunk 11/31 decompressed: 536870912 bytes (29628ms, checksum OK)
2025-11-09 20:47:30.651 [pool-5-thread-1] INFO  com.datacomp.service.cpu.CpuCompressionService - Progress: {:.2f} GB / {:.2f} GB ({:.1f}%) decompressed
2025-11-09 20:47:30.651 [pool-5-thread-1] INFO  com.datacomp.service.cpu.CpuCompressionService - Decompressing chunk 12/31: offset=5905580032, compressedSize=536870912, originalSize=536870912 [{:.1f}% complete, {:.2f}/{:.2f} GB]
2025-11-09 20:48:22.180 [JavaFX-Launcher] INFO  com.datacomp.ui.DataCompApp - Initializing DataComp application
2025-11-09 20:48:22.451 [JavaFX Application Thread] INFO  com.datacomp.ui.MainViewController - Initializing main view controller
2025-11-09 20:48:23.063 [JavaFX Application Thread] INFO  com.datacomp.service.gpu.GpuFrequencyService - Selected GPU device: NVIDIA GeForce RTX 3050 Ti Laptop GPU CL_DEVICE_TYPE_GPU (available)
2025-11-09 20:48:23.507 [JavaFX Application Thread] INFO  com.datacomp.service.gpu.GpuCompressionService - GPU compression service initialized: GPU (NVIDIA GeForce RTX 3050 Ti Laptop GPU CL_DEVICE_TYPE_GPU (available))
2025-11-09 20:48:23.529 [JavaFX Application Thread] INFO  com.datacomp.service.ServiceFactory - Using GPU compression service
2025-11-09 20:48:23.722 [JavaFX Application Thread] INFO  com.datacomp.ui.DataCompApp - Application started successfully
2025-11-09 20:48:28.766 [JavaFX Application Thread] INFO  com.datacomp.service.gpu.GpuFrequencyService - Selected GPU device: NVIDIA GeForce RTX 3050 Ti Laptop GPU CL_DEVICE_TYPE_GPU (available)
2025-11-09 20:48:28.786 [JavaFX Application Thread] INFO  com.datacomp.service.gpu.GpuCompressionService - GPU compression service initialized: GPU (NVIDIA GeForce RTX 3050 Ti Laptop GPU CL_DEVICE_TYPE_GPU (available))
2025-11-09 20:48:28.804 [JavaFX Application Thread] INFO  com.datacomp.service.ServiceFactory - Using GPU compression service
2025-11-09 20:49:35.952 [JavaFX Application Thread] INFO  com.datacomp.service.gpu.GpuFrequencyService - Selected GPU device: NVIDIA GeForce RTX 3050 Ti Laptop GPU CL_DEVICE_TYPE_GPU (available)
2025-11-09 20:49:35.975 [JavaFX Application Thread] INFO  com.datacomp.service.gpu.GpuCompressionService - GPU compression service initialized: GPU (NVIDIA GeForce RTX 3050 Ti Laptop GPU CL_DEVICE_TYPE_GPU (available))
2025-11-09 20:49:35.994 [JavaFX Application Thread] INFO  com.datacomp.service.ServiceFactory - Using GPU compression service
2025-11-09 20:49:36.027 [pool-2-thread-1] INFO  com.datacomp.service.cpu.CpuCompressionService - Compressing Passwordmanager.tar (61818368 bytes, {:.2f} GB) into 0.05757284164428711 chunks
2025-11-09 20:49:36.033 [pool-2-thread-1] INFO  com.datacomp.service.cpu.CpuCompressionService - Phase 1: Compressing chunks (memory-efficient streaming)...
2025-11-09 20:49:37.074 [pool-2-thread-1] INFO  com.datacomp.service.cpu.CpuCompressionService - Chunk 1/1 compressed: 61818368 -> 61714173 bytes (ratio: {:.2f}%, 99.83144977233951ms) [{:.1f}% complete, {:.2f}/{:.2f} GB]
2025-11-09 20:49:37.075 [pool-2-thread-1] INFO  com.datacomp.service.cpu.CpuCompressionService - Phase 1: All data flushed to temp file
2025-11-09 20:49:37.076 [pool-2-thread-1] INFO  com.datacomp.service.cpu.CpuCompressionService - Phase 1 complete: 61714173 bytes ({:.2f} GB) compressed to temp file
2025-11-09 20:49:37.076 [pool-2-thread-1] INFO  com.datacomp.service.cpu.CpuCompressionService - Phase 2: Assembling final compressed file...
2025-11-09 20:49:37.077 [pool-2-thread-1] INFO  com.datacomp.service.cpu.CpuCompressionService - Header written (1 chunks metadata)
2025-11-09 20:49:37.120 [pool-2-thread-1] INFO  com.datacomp.service.cpu.CpuCompressionService - Copied 61714173 bytes ({:.2f} GB) of compressed data to final file
2025-11-09 20:49:37.222 [pool-2-thread-1] INFO  com.datacomp.service.cpu.CpuCompressionService - Compression complete: 61818368 -> 61714832 bytes ({:.2f}%) in {:.2f}s ({:.2f} MB/s)
2025-11-09 20:49:37.223 [pool-2-thread-1] INFO  com.datacomp.service.cpu.CpuCompressionService - SUCCESS: Final file size verified: {:.2f} GB
2025-11-09 20:49:49.680 [JavaFX Application Thread] INFO  com.datacomp.service.gpu.GpuFrequencyService - Selected GPU device: NVIDIA GeForce RTX 3050 Ti Laptop GPU CL_DEVICE_TYPE_GPU (available)
2025-11-09 20:49:49.701 [JavaFX Application Thread] INFO  com.datacomp.service.gpu.GpuCompressionService - GPU compression service initialized: GPU (NVIDIA GeForce RTX 3050 Ti Laptop GPU CL_DEVICE_TYPE_GPU (available))
2025-11-09 20:49:49.719 [JavaFX Application Thread] INFO  com.datacomp.service.ServiceFactory - Using GPU compression service
2025-11-09 20:49:49.721 [pool-2-thread-1] INFO  com.datacomp.service.cpu.CpuCompressionService - Decompressing Passwordmanager.tar.dcz to Passwordmanager.tar
2025-11-09 20:49:49.721 [pool-2-thread-1] INFO  com.datacomp.service.cpu.CpuCompressionService - Input file size: 61714832 bytes ({:.2f} GB)
2025-11-09 20:49:49.726 [pool-2-thread-1] INFO  com.datacomp.service.cpu.CpuCompressionService - Reading compression header...
2025-11-09 20:49:49.729 [pool-2-thread-1] INFO  com.datacomp.service.cpu.CpuCompressionService - Decompressing 1 chunks, original size: 61818368 bytes ({:.2f} GB)
2025-11-09 20:49:49.729 [pool-2-thread-1] INFO  com.datacomp.service.cpu.CpuCompressionService - Decompressing chunk 1/1: offset=0, compressedSize=61714173, originalSize=61818368 [{:.1f}% complete, {:.2f}/{:.2f} GB]
2025-11-09 20:49:52.479 [pool-2-thread-1] INFO  com.datacomp.service.cpu.CpuCompressionService - Chunk 1/1 decompressed: 61818368 bytes (2750ms, checksum OK)
2025-11-09 20:49:52.487 [pool-2-thread-1] INFO  com.datacomp.service.cpu.CpuCompressionService - All data synchronized to disk
2025-11-09 20:49:52.589 [pool-2-thread-1] INFO  com.datacomp.service.cpu.CpuCompressionService - Decompression complete: 61818368 bytes ({:.2f} GB) in {:.2f}s ({:.2f} MB/s)
2025-11-09 20:49:52.589 [pool-2-thread-1] INFO  com.datacomp.service.cpu.CpuCompressionService - File integrity verified - decompressed 61818368 bytes successfully
2025-11-09 20:49:52.589 [pool-2-thread-1] INFO  com.datacomp.service.cpu.CpuCompressionService - SUCCESS: Checksum validation passed for all 1 chunks
2025-11-09 20:50:04.384 [JavaFX Application Thread] INFO  com.datacomp.service.gpu.GpuFrequencyService - Selected GPU device: NVIDIA GeForce RTX 3050 Ti Laptop GPU CL_DEVICE_TYPE_GPU (available)
2025-11-09 20:50:04.404 [JavaFX Application Thread] INFO  com.datacomp.service.gpu.GpuCompressionService - GPU compression service initialized: GPU (NVIDIA GeForce RTX 3050 Ti Laptop GPU CL_DEVICE_TYPE_GPU (available))
2025-11-09 20:50:04.420 [JavaFX Application Thread] INFO  com.datacomp.service.ServiceFactory - Using GPU compression service
2025-11-09 20:50:19.470 [JavaFX Application Thread] INFO  com.datacomp.service.gpu.GpuFrequencyService - Selected GPU device: NVIDIA GeForce RTX 3050 Ti Laptop GPU CL_DEVICE_TYPE_GPU (available)
2025-11-09 20:50:19.485 [JavaFX Application Thread] INFO  com.datacomp.service.gpu.GpuCompressionService - GPU compression service initialized: GPU (NVIDIA GeForce RTX 3050 Ti Laptop GPU CL_DEVICE_TYPE_GPU (available))
2025-11-09 20:50:19.502 [JavaFX Application Thread] INFO  com.datacomp.service.ServiceFactory - Using GPU compression service
2025-11-09 20:50:19.503 [pool-3-thread-1] INFO  com.datacomp.service.cpu.CpuCompressionService - Decompressing Passwordmanager.tar.dcz to Passwordmanager.tar
2025-11-09 20:50:19.503 [pool-3-thread-1] INFO  com.datacomp.service.cpu.CpuCompressionService - Input file size: 61714832 bytes ({:.2f} GB)
2025-11-09 20:50:19.504 [pool-3-thread-1] INFO  com.datacomp.service.cpu.CpuCompressionService - Reading compression header...
2025-11-09 20:50:19.504 [pool-3-thread-1] INFO  com.datacomp.service.cpu.CpuCompressionService - Decompressing 1 chunks, original size: 61818368 bytes ({:.2f} GB)
2025-11-09 20:50:19.506 [pool-3-thread-1] INFO  com.datacomp.service.cpu.CpuCompressionService - Decompressing chunk 1/1: offset=0, compressedSize=61714173, originalSize=61818368 [{:.1f}% complete, {:.2f}/{:.2f} GB]
2025-11-09 20:50:22.235 [pool-3-thread-1] INFO  com.datacomp.service.cpu.CpuCompressionService - Chunk 1/1 decompressed: 61818368 bytes (2731ms, checksum OK)
2025-11-09 20:50:22.246 [pool-3-thread-1] INFO  com.datacomp.service.cpu.CpuCompressionService - All data synchronized to disk
2025-11-09 20:50:22.347 [pool-3-thread-1] INFO  com.datacomp.service.cpu.CpuCompressionService - Decompression complete: 61818368 bytes ({:.2f} GB) in {:.2f}s ({:.2f} MB/s)
2025-11-09 20:50:22.347 [pool-3-thread-1] INFO  com.datacomp.service.cpu.CpuCompressionService - File integrity verified - decompressed 61818368 bytes successfully
2025-11-09 20:50:22.347 [pool-3-thread-1] INFO  com.datacomp.service.cpu.CpuCompressionService - SUCCESS: Checksum validation passed for all 1 chunks
2025-11-09 20:57:32.777 [JavaFX-Launcher] INFO  com.datacomp.ui.DataCompApp - Initializing DataComp application
2025-11-09 20:57:33.083 [JavaFX Application Thread] INFO  com.datacomp.ui.MainViewController - Initializing main view controller
2025-11-09 20:57:33.673 [JavaFX Application Thread] INFO  com.datacomp.service.gpu.GpuFrequencyService - Selected GPU device: NVIDIA GeForce RTX 3050 Ti Laptop GPU CL_DEVICE_TYPE_GPU (available)
2025-11-09 20:57:34.314 [JavaFX Application Thread] INFO  com.datacomp.service.gpu.GpuCompressionService - GPU compression service initialized: GPU (NVIDIA GeForce RTX 3050 Ti Laptop GPU CL_DEVICE_TYPE_GPU (available))
2025-11-09 20:57:34.346 [JavaFX Application Thread] INFO  com.datacomp.service.ServiceFactory - Using GPU compression service
2025-11-09 20:57:34.555 [JavaFX Application Thread] INFO  com.datacomp.ui.DataCompApp - Application started successfully
2025-11-09 20:57:38.976 [JavaFX Application Thread] INFO  com.datacomp.service.gpu.GpuFrequencyService - Selected GPU device: NVIDIA GeForce RTX 3050 Ti Laptop GPU CL_DEVICE_TYPE_GPU (available)
2025-11-09 20:57:39.017 [JavaFX Application Thread] INFO  com.datacomp.service.gpu.GpuCompressionService - GPU compression service initialized: GPU (NVIDIA GeForce RTX 3050 Ti Laptop GPU CL_DEVICE_TYPE_GPU (available))
2025-11-09 20:57:39.053 [JavaFX Application Thread] INFO  com.datacomp.service.ServiceFactory - Using GPU compression service
2025-11-09 20:58:02.573 [JavaFX Application Thread] INFO  com.datacomp.service.gpu.GpuFrequencyService - Selected GPU device: NVIDIA GeForce RTX 3050 Ti Laptop GPU CL_DEVICE_TYPE_GPU (available)
2025-11-09 20:58:02.592 [JavaFX Application Thread] INFO  com.datacomp.service.gpu.GpuCompressionService - GPU compression service initialized: GPU (NVIDIA GeForce RTX 3050 Ti Laptop GPU CL_DEVICE_TYPE_GPU (available))
2025-11-09 20:58:02.609 [JavaFX Application Thread] INFO  com.datacomp.service.ServiceFactory - Using GPU compression service
2025-11-09 20:58:02.638 [pool-2-thread-1] INFO  com.datacomp.service.cpu.CpuCompressionService - Compressing videoplayback (3).mp4 (16514749972 bytes, {:.2f} GB) into 15.380559463053942 chunks
2025-11-09 20:58:02.641 [pool-2-thread-1] INFO  com.datacomp.service.cpu.CpuCompressionService - Phase 1: Compressing chunks (memory-efficient streaming)...
2025-11-09 20:58:12.744 [pool-2-thread-1] INFO  com.datacomp.service.cpu.CpuCompressionService - Chunk 1/31 compressed: 536870912 -> 536870912 bytes (ratio: {:.2f}%, 100.0ms) [{:.1f}% complete, {:.2f}/{:.2f} GB]
2025-11-09 20:58:22.121 [pool-2-thread-1] INFO  com.datacomp.service.cpu.CpuCompressionService - Chunk 2/31 compressed: 536870912 -> 536870912 bytes (ratio: {:.2f}%, 100.0ms) [{:.1f}% complete, {:.2f}/{:.2f} GB]
2025-11-09 20:58:30.434 [pool-2-thread-1] INFO  com.datacomp.service.cpu.CpuCompressionService - Chunk 3/31 compressed: 536870912 -> 536870912 bytes (ratio: {:.2f}%, 100.0ms) [{:.1f}% complete, {:.2f}/{:.2f} GB]
2025-11-09 20:58:38.522 [pool-2-thread-1] INFO  com.datacomp.service.cpu.CpuCompressionService - Chunk 4/31 compressed: 536870912 -> 536870912 bytes (ratio: {:.2f}%, 100.0ms) [{:.1f}% complete, {:.2f}/{:.2f} GB]
2025-11-09 20:58:46.511 [pool-2-thread-1] INFO  com.datacomp.service.cpu.CpuCompressionService - Chunk 5/31 compressed: 536870912 -> 536870912 bytes (ratio: {:.2f}%, 100.0ms) [{:.1f}% complete, {:.2f}/{:.2f} GB]
2025-11-09 20:58:54.720 [pool-2-thread-1] INFO  com.datacomp.service.cpu.CpuCompressionService - Chunk 6/31 compressed: 536870912 -> 536870912 bytes (ratio: {:.2f}%, 100.0ms) [{:.1f}% complete, {:.2f}/{:.2f} GB]
2025-11-09 20:59:02.699 [pool-2-thread-1] INFO  com.datacomp.service.cpu.CpuCompressionService - Chunk 7/31 compressed: 536870912 -> 536870912 bytes (ratio: {:.2f}%, 100.0ms) [{:.1f}% complete, {:.2f}/{:.2f} GB]
2025-11-09 20:59:10.700 [pool-2-thread-1] INFO  com.datacomp.service.cpu.CpuCompressionService - Chunk 8/31 compressed: 536870912 -> 536870912 bytes (ratio: {:.2f}%, 100.0ms) [{:.1f}% complete, {:.2f}/{:.2f} GB]
2025-11-09 20:59:18.859 [pool-2-thread-1] INFO  com.datacomp.service.cpu.CpuCompressionService - Chunk 9/31 compressed: 536870912 -> 536870912 bytes (ratio: {:.2f}%, 100.0ms) [{:.1f}% complete, {:.2f}/{:.2f} GB]
2025-11-09 20:59:26.757 [pool-2-thread-1] INFO  com.datacomp.service.cpu.CpuCompressionService - Chunk 10/31 compressed: 536870912 -> 536870912 bytes (ratio: {:.2f}%, 100.0ms) [{:.1f}% complete, {:.2f}/{:.2f} GB]
2025-11-09 20:59:34.644 [pool-2-thread-1] INFO  com.datacomp.service.cpu.CpuCompressionService - Chunk 11/31 compressed: 536870912 -> 536870912 bytes (ratio: {:.2f}%, 100.0ms) [{:.1f}% complete, {:.2f}/{:.2f} GB]
2025-11-09 20:59:42.326 [pool-2-thread-1] ERROR com.datacomp.service.cpu.CpuCompressionService - Compression failed for file: C:\Users\Lenovo\Downloads\videoplayback (3).mp4
java.io.IOException: There is not enough space on the disk
	at java.base/sun.nio.ch.FileDispatcherImpl.write0(Native Method)
	at java.base/sun.nio.ch.FileDispatcherImpl.write(FileDispatcherImpl.java:75)
	at java.base/sun.nio.ch.IOUtil.writeFromNativeBuffer(IOUtil.java:137)
	at java.base/sun.nio.ch.IOUtil.write(IOUtil.java:102)
	at java.base/sun.nio.ch.IOUtil.write(IOUtil.java:72)
	at java.base/sun.nio.ch.FileChannelImpl.write(FileChannelImpl.java:300)
	at java.base/sun.nio.ch.ChannelOutputStream.writeFully(ChannelOutputStream.java:68)
	at java.base/sun.nio.ch.ChannelOutputStream.write(ChannelOutputStream.java:105)
	at java.base/java.io.BufferedOutputStream.implWrite(BufferedOutputStream.java:217)
	at java.base/java.io.BufferedOutputStream.write(BufferedOutputStream.java:200)
	at java.base/java.io.DataOutputStream.write(DataOutputStream.java:115)
	at java.base/java.io.FilterOutputStream.write(FilterOutputStream.java:110)
	at com.datacomp.service.cpu.CpuCompressionService.compress(CpuCompressionService.java:135)
	at com.datacomp.service.gpu.GpuCompressionService.compressWithGpuHistogram(GpuCompressionService.java:76)
	at com.datacomp.service.gpu.GpuCompressionService.compress(GpuCompressionService.java:60)
	at com.datacomp.ui.CompressController$1.call(CompressController.java:221)
	at com.datacomp.ui.CompressController$1.call(CompressController.java:213)
	at javafx.graphics@21.0.1/javafx.concurrent.Task$TaskCallable.call(Task.java:1399)
	at java.base/java.util.concurrent.FutureTask.run(FutureTask.java:317)
	at java.base/java.util.concurrent.Executors$RunnableAdapter.call(Executors.java:572)
	at java.base/java.util.concurrent.FutureTask.run(FutureTask.java:317)
	at java.base/java.util.concurrent.ThreadPoolExecutor.runWorker(ThreadPoolExecutor.java:1144)
	at java.base/java.util.concurrent.ThreadPoolExecutor$Worker.run(ThreadPoolExecutor.java:642)
	at java.base/java.lang.Thread.run(Thread.java:1583)
2025-11-09 20:59:42.328 [pool-2-thread-1] ERROR com.datacomp.service.cpu.CpuCompressionService - File size: 16514749972 bytes ({:.2f} GB), Chunks: 15.380559463053942
2025-11-09 20:59:42.328 [pool-2-thread-1] ERROR com.datacomp.service.cpu.CpuCompressionService - Temp file exists: true, Output exists: false
2025-11-09 20:59:42.399 [pool-2-thread-1] WARN  com.datacomp.service.gpu.GpuCompressionService - GPU compression failed, falling back to CPU
java.io.IOException: Compression failed: There is not enough space on the disk
	at com.datacomp.service.cpu.CpuCompressionService.compress(CpuCompressionService.java:297)
	at com.datacomp.service.gpu.GpuCompressionService.compressWithGpuHistogram(GpuCompressionService.java:76)
	at com.datacomp.service.gpu.GpuCompressionService.compress(GpuCompressionService.java:60)
	at com.datacomp.ui.CompressController$1.call(CompressController.java:221)
	at com.datacomp.ui.CompressController$1.call(CompressController.java:213)
	at javafx.graphics@21.0.1/javafx.concurrent.Task$TaskCallable.call(Task.java:1399)
	at java.base/java.util.concurrent.FutureTask.run(FutureTask.java:317)
	at java.base/java.util.concurrent.Executors$RunnableAdapter.call(Executors.java:572)
	at java.base/java.util.concurrent.FutureTask.run(FutureTask.java:317)
	at java.base/java.util.concurrent.ThreadPoolExecutor.runWorker(ThreadPoolExecutor.java:1144)
	at java.base/java.util.concurrent.ThreadPoolExecutor$Worker.run(ThreadPoolExecutor.java:642)
	at java.base/java.lang.Thread.run(Thread.java:1583)
Caused by: java.io.IOException: There is not enough space on the disk
	at java.base/sun.nio.ch.FileDispatcherImpl.write0(Native Method)
	at java.base/sun.nio.ch.FileDispatcherImpl.write(FileDispatcherImpl.java:75)
	at java.base/sun.nio.ch.IOUtil.writeFromNativeBuffer(IOUtil.java:137)
	at java.base/sun.nio.ch.IOUtil.write(IOUtil.java:102)
	at java.base/sun.nio.ch.IOUtil.write(IOUtil.java:72)
	at java.base/sun.nio.ch.FileChannelImpl.write(FileChannelImpl.java:300)
	at java.base/sun.nio.ch.ChannelOutputStream.writeFully(ChannelOutputStream.java:68)
	at java.base/sun.nio.ch.ChannelOutputStream.write(ChannelOutputStream.java:105)
	at java.base/java.io.BufferedOutputStream.implWrite(BufferedOutputStream.java:217)
	at java.base/java.io.BufferedOutputStream.write(BufferedOutputStream.java:200)
	at java.base/java.io.DataOutputStream.write(DataOutputStream.java:115)
	at java.base/java.io.FilterOutputStream.write(FilterOutputStream.java:110)
	at com.datacomp.service.cpu.CpuCompressionService.compress(CpuCompressionService.java:135)
	... 11 common frames omitted
2025-11-09 20:59:42.400 [pool-2-thread-1] INFO  com.datacomp.service.cpu.CpuCompressionService - Compressing videoplayback (3).mp4 (16514749972 bytes, {:.2f} GB) into 15.380559463053942 chunks
2025-11-09 20:59:42.400 [pool-2-thread-1] INFO  com.datacomp.service.cpu.CpuCompressionService - Phase 1: Compressing chunks (memory-efficient streaming)...
2025-11-09 20:59:50.234 [pool-2-thread-1] INFO  com.datacomp.service.cpu.CpuCompressionService - Chunk 1/31 compressed: 536870912 -> 536870912 bytes (ratio: {:.2f}%, 100.0ms) [{:.1f}% complete, {:.2f}/{:.2f} GB]
2025-11-09 20:59:58.549 [pool-2-thread-1] INFO  com.datacomp.service.cpu.CpuCompressionService - Chunk 2/31 compressed: 536870912 -> 536870912 bytes (ratio: {:.2f}%, 100.0ms) [{:.1f}% complete, {:.2f}/{:.2f} GB]
2025-11-09 21:00:06.390 [pool-2-thread-1] INFO  com.datacomp.service.cpu.CpuCompressionService - Chunk 3/31 compressed: 536870912 -> 536870912 bytes (ratio: {:.2f}%, 100.0ms) [{:.1f}% complete, {:.2f}/{:.2f} GB]
2025-11-09 21:00:14.200 [pool-2-thread-1] INFO  com.datacomp.service.cpu.CpuCompressionService - Chunk 4/31 compressed: 536870912 -> 536870912 bytes (ratio: {:.2f}%, 100.0ms) [{:.1f}% complete, {:.2f}/{:.2f} GB]
2025-11-09 21:00:22.101 [pool-2-thread-1] INFO  com.datacomp.service.cpu.CpuCompressionService - Chunk 5/31 compressed: 536870912 -> 536870912 bytes (ratio: {:.2f}%, 100.0ms) [{:.1f}% complete, {:.2f}/{:.2f} GB]
2025-11-09 21:00:29.967 [pool-2-thread-1] INFO  com.datacomp.service.cpu.CpuCompressionService - Chunk 6/31 compressed: 536870912 -> 536870912 bytes (ratio: {:.2f}%, 100.0ms) [{:.1f}% complete, {:.2f}/{:.2f} GB]
2025-11-09 21:00:37.844 [pool-2-thread-1] INFO  com.datacomp.service.cpu.CpuCompressionService - Chunk 7/31 compressed: 536870912 -> 536870912 bytes (ratio: {:.2f}%, 100.0ms) [{:.1f}% complete, {:.2f}/{:.2f} GB]
2025-11-09 21:00:45.775 [pool-2-thread-1] INFO  com.datacomp.service.cpu.CpuCompressionService - Chunk 8/31 compressed: 536870912 -> 536870912 bytes (ratio: {:.2f}%, 100.0ms) [{:.1f}% complete, {:.2f}/{:.2f} GB]
2025-11-09 21:00:53.674 [pool-2-thread-1] INFO  com.datacomp.service.cpu.CpuCompressionService - Chunk 9/31 compressed: 536870912 -> 536870912 bytes (ratio: {:.2f}%, 100.0ms) [{:.1f}% complete, {:.2f}/{:.2f} GB]
2025-11-09 21:01:01.538 [pool-2-thread-1] INFO  com.datacomp.service.cpu.CpuCompressionService - Chunk 10/31 compressed: 536870912 -> 536870912 bytes (ratio: {:.2f}%, 100.0ms) [{:.1f}% complete, {:.2f}/{:.2f} GB]
2025-11-09 21:01:09.543 [pool-2-thread-1] INFO  com.datacomp.service.cpu.CpuCompressionService - Chunk 11/31 compressed: 536870912 -> 536870912 bytes (ratio: {:.2f}%, 100.0ms) [{:.1f}% complete, {:.2f}/{:.2f} GB]
2025-11-09 21:01:16.975 [pool-2-thread-1] ERROR com.datacomp.service.cpu.CpuCompressionService - Compression failed for file: C:\Users\Lenovo\Downloads\videoplayback (3).mp4
java.io.IOException: There is not enough space on the disk
	at java.base/sun.nio.ch.FileDispatcherImpl.write0(Native Method)
	at java.base/sun.nio.ch.FileDispatcherImpl.write(FileDispatcherImpl.java:75)
	at java.base/sun.nio.ch.IOUtil.writeFromNativeBuffer(IOUtil.java:137)
	at java.base/sun.nio.ch.IOUtil.write(IOUtil.java:102)
	at java.base/sun.nio.ch.IOUtil.write(IOUtil.java:72)
	at java.base/sun.nio.ch.FileChannelImpl.write(FileChannelImpl.java:300)
	at java.base/sun.nio.ch.ChannelOutputStream.writeFully(ChannelOutputStream.java:68)
	at java.base/sun.nio.ch.ChannelOutputStream.write(ChannelOutputStream.java:105)
	at java.base/java.io.BufferedOutputStream.implWrite(BufferedOutputStream.java:217)
	at java.base/java.io.BufferedOutputStream.write(BufferedOutputStream.java:200)
	at java.base/java.io.DataOutputStream.write(DataOutputStream.java:115)
	at java.base/java.io.FilterOutputStream.write(FilterOutputStream.java:110)
	at com.datacomp.service.cpu.CpuCompressionService.compress(CpuCompressionService.java:135)
	at com.datacomp.service.gpu.GpuCompressionService.compress(GpuCompressionService.java:64)
	at com.datacomp.ui.CompressController$1.call(CompressController.java:221)
	at com.datacomp.ui.CompressController$1.call(CompressController.java:213)
	at javafx.graphics@21.0.1/javafx.concurrent.Task$TaskCallable.call(Task.java:1399)
	at java.base/java.util.concurrent.FutureTask.run(FutureTask.java:317)
	at java.base/java.util.concurrent.Executors$RunnableAdapter.call(Executors.java:572)
	at java.base/java.util.concurrent.FutureTask.run(FutureTask.java:317)
	at java.base/java.util.concurrent.ThreadPoolExecutor.runWorker(ThreadPoolExecutor.java:1144)
	at java.base/java.util.concurrent.ThreadPoolExecutor$Worker.run(ThreadPoolExecutor.java:642)
	at java.base/java.lang.Thread.run(Thread.java:1583)
2025-11-09 21:01:16.976 [pool-2-thread-1] ERROR com.datacomp.service.cpu.CpuCompressionService - File size: 16514749972 bytes ({:.2f} GB), Chunks: 15.380559463053942
2025-11-09 21:01:16.976 [pool-2-thread-1] ERROR com.datacomp.service.cpu.CpuCompressionService - Temp file exists: true, Output exists: false
2025-11-09 21:01:17.061 [JavaFX Application Thread] ERROR com.datacomp.ui.CompressController - Compression failed
java.io.IOException: Compression failed: There is not enough space on the disk
	at com.datacomp.service.cpu.CpuCompressionService.compress(CpuCompressionService.java:297)
	at com.datacomp.service.gpu.GpuCompressionService.compress(GpuCompressionService.java:64)
	at com.datacomp.ui.CompressController$1.call(CompressController.java:221)
	at com.datacomp.ui.CompressController$1.call(CompressController.java:213)
	at javafx.graphics@21.0.1/javafx.concurrent.Task$TaskCallable.call(Task.java:1399)
	at java.base/java.util.concurrent.FutureTask.run(FutureTask.java:317)
	at java.base/java.util.concurrent.Executors$RunnableAdapter.call(Executors.java:572)
	at java.base/java.util.concurrent.FutureTask.run(FutureTask.java:317)
	at java.base/java.util.concurrent.ThreadPoolExecutor.runWorker(ThreadPoolExecutor.java:1144)
	at java.base/java.util.concurrent.ThreadPoolExecutor$Worker.run(ThreadPoolExecutor.java:642)
	at java.base/java.lang.Thread.run(Thread.java:1583)
Caused by: java.io.IOException: There is not enough space on the disk
	at java.base/sun.nio.ch.FileDispatcherImpl.write0(Native Method)
	at java.base/sun.nio.ch.FileDispatcherImpl.write(FileDispatcherImpl.java:75)
	at java.base/sun.nio.ch.IOUtil.writeFromNativeBuffer(IOUtil.java:137)
	at java.base/sun.nio.ch.IOUtil.write(IOUtil.java:102)
	at java.base/sun.nio.ch.IOUtil.write(IOUtil.java:72)
	at java.base/sun.nio.ch.FileChannelImpl.write(FileChannelImpl.java:300)
	at java.base/sun.nio.ch.ChannelOutputStream.writeFully(ChannelOutputStream.java:68)
	at java.base/sun.nio.ch.ChannelOutputStream.write(ChannelOutputStream.java:105)
	at java.base/java.io.BufferedOutputStream.implWrite(BufferedOutputStream.java:217)
	at java.base/java.io.BufferedOutputStream.write(BufferedOutputStream.java:200)
	at java.base/java.io.DataOutputStream.write(DataOutputStream.java:115)
	at java.base/java.io.FilterOutputStream.write(FilterOutputStream.java:110)
	at com.datacomp.service.cpu.CpuCompressionService.compress(CpuCompressionService.java:135)
	... 10 common frames omitted
2025-11-09 21:02:13.754 [JavaFX Application Thread] INFO  com.datacomp.service.gpu.GpuFrequencyService - Selected GPU device: NVIDIA GeForce RTX 3050 Ti Laptop GPU CL_DEVICE_TYPE_GPU (available)
2025-11-09 21:02:13.773 [JavaFX Application Thread] INFO  com.datacomp.service.gpu.GpuCompressionService - GPU compression service initialized: GPU (NVIDIA GeForce RTX 3050 Ti Laptop GPU CL_DEVICE_TYPE_GPU (available))
2025-11-09 21:02:13.792 [JavaFX Application Thread] INFO  com.datacomp.service.ServiceFactory - Using GPU compression service
2025-11-09 21:02:13.816 [pool-2-thread-1] INFO  com.datacomp.service.cpu.CpuCompressionService - Compressing videoplayback (3).mp4 (16514749972 bytes, {:.2f} GB) into 15.380559463053942 chunks
2025-11-09 21:02:13.816 [pool-2-thread-1] INFO  com.datacomp.service.cpu.CpuCompressionService - Phase 1: Compressing chunks (memory-efficient streaming)...
2025-11-09 21:02:21.773 [pool-2-thread-1] INFO  com.datacomp.service.cpu.CpuCompressionService - Chunk 1/31 compressed: 536870912 -> 536870912 bytes (ratio: {:.2f}%, 100.0ms) [{:.1f}% complete, {:.2f}/{:.2f} GB]
2025-11-09 21:02:29.926 [pool-2-thread-1] INFO  com.datacomp.service.cpu.CpuCompressionService - Chunk 2/31 compressed: 536870912 -> 536870912 bytes (ratio: {:.2f}%, 100.0ms) [{:.1f}% complete, {:.2f}/{:.2f} GB]
2025-11-09 21:02:37.733 [pool-2-thread-1] INFO  com.datacomp.service.cpu.CpuCompressionService - Chunk 3/31 compressed: 536870912 -> 536870912 bytes (ratio: {:.2f}%, 100.0ms) [{:.1f}% complete, {:.2f}/{:.2f} GB]
2025-11-09 21:02:45.696 [pool-2-thread-1] INFO  com.datacomp.service.cpu.CpuCompressionService - Chunk 4/31 compressed: 536870912 -> 536870912 bytes (ratio: {:.2f}%, 100.0ms) [{:.1f}% complete, {:.2f}/{:.2f} GB]
2025-11-09 21:02:53.630 [pool-2-thread-1] INFO  com.datacomp.service.cpu.CpuCompressionService - Chunk 5/31 compressed: 536870912 -> 536870912 bytes (ratio: {:.2f}%, 100.0ms) [{:.1f}% complete, {:.2f}/{:.2f} GB]
2025-11-09 21:03:01.453 [pool-2-thread-1] INFO  com.datacomp.service.cpu.CpuCompressionService - Chunk 6/31 compressed: 536870912 -> 536870912 bytes (ratio: {:.2f}%, 100.0ms) [{:.1f}% complete, {:.2f}/{:.2f} GB]
2025-11-09 21:03:09.323 [pool-2-thread-1] INFO  com.datacomp.service.cpu.CpuCompressionService - Chunk 7/31 compressed: 536870912 -> 536870912 bytes (ratio: {:.2f}%, 100.0ms) [{:.1f}% complete, {:.2f}/{:.2f} GB]
2025-11-09 21:03:17.222 [pool-2-thread-1] INFO  com.datacomp.service.cpu.CpuCompressionService - Chunk 8/31 compressed: 536870912 -> 536870912 bytes (ratio: {:.2f}%, 100.0ms) [{:.1f}% complete, {:.2f}/{:.2f} GB]
2025-11-09 21:03:25.073 [pool-2-thread-1] INFO  com.datacomp.service.cpu.CpuCompressionService - Chunk 9/31 compressed: 536870912 -> 536870912 bytes (ratio: {:.2f}%, 100.0ms) [{:.1f}% complete, {:.2f}/{:.2f} GB]
2025-11-09 21:03:32.921 [pool-2-thread-1] INFO  com.datacomp.service.cpu.CpuCompressionService - Chunk 10/31 compressed: 536870912 -> 536870912 bytes (ratio: {:.2f}%, 100.0ms) [{:.1f}% complete, {:.2f}/{:.2f} GB]
2025-11-09 21:03:40.864 [pool-2-thread-1] INFO  com.datacomp.service.cpu.CpuCompressionService - Chunk 11/31 compressed: 536870912 -> 536870912 bytes (ratio: {:.2f}%, 100.0ms) [{:.1f}% complete, {:.2f}/{:.2f} GB]
2025-11-09 21:03:48.705 [pool-2-thread-1] INFO  com.datacomp.service.cpu.CpuCompressionService - Chunk 12/31 compressed: 536870912 -> 536870912 bytes (ratio: {:.2f}%, 100.0ms) [{:.1f}% complete, {:.2f}/{:.2f} GB]
2025-11-09 21:03:56.528 [pool-2-thread-1] INFO  com.datacomp.service.cpu.CpuCompressionService - Chunk 13/31 compressed: 536870912 -> 536870912 bytes (ratio: {:.2f}%, 100.0ms) [{:.1f}% complete, {:.2f}/{:.2f} GB]
2025-11-09 21:04:04.476 [pool-2-thread-1] INFO  com.datacomp.service.cpu.CpuCompressionService - Chunk 14/31 compressed: 536870912 -> 536870912 bytes (ratio: {:.2f}%, 100.0ms) [{:.1f}% complete, {:.2f}/{:.2f} GB]
2025-11-09 21:04:12.313 [pool-2-thread-1] INFO  com.datacomp.service.cpu.CpuCompressionService - Chunk 15/31 compressed: 536870912 -> 536870912 bytes (ratio: {:.2f}%, 100.0ms) [{:.1f}% complete, {:.2f}/{:.2f} GB]
2025-11-09 21:04:20.143 [pool-2-thread-1] INFO  com.datacomp.service.cpu.CpuCompressionService - Chunk 16/31 compressed: 536870912 -> 536870912 bytes (ratio: {:.2f}%, 100.0ms) [{:.1f}% complete, {:.2f}/{:.2f} GB]
2025-11-09 21:04:28.359 [pool-2-thread-1] INFO  com.datacomp.service.cpu.CpuCompressionService - Chunk 17/31 compressed: 536870912 -> 536870912 bytes (ratio: {:.2f}%, 100.0ms) [{:.1f}% complete, {:.2f}/{:.2f} GB]
2025-11-09 21:04:36.138 [pool-2-thread-1] INFO  com.datacomp.service.cpu.CpuCompressionService - Chunk 18/31 compressed: 536870912 -> 536870912 bytes (ratio: {:.2f}%, 100.0ms) [{:.1f}% complete, {:.2f}/{:.2f} GB]
2025-11-09 21:04:43.979 [pool-2-thread-1] INFO  com.datacomp.service.cpu.CpuCompressionService - Chunk 19/31 compressed: 536870912 -> 536870912 bytes (ratio: {:.2f}%, 100.0ms) [{:.1f}% complete, {:.2f}/{:.2f} GB]
2025-11-09 21:04:51.984 [pool-2-thread-1] INFO  com.datacomp.service.cpu.CpuCompressionService - Chunk 20/31 compressed: 536870912 -> 536870912 bytes (ratio: {:.2f}%, 100.0ms) [{:.1f}% complete, {:.2f}/{:.2f} GB]
2025-11-09 21:04:59.836 [pool-2-thread-1] INFO  com.datacomp.service.cpu.CpuCompressionService - Chunk 21/31 compressed: 536870912 -> 536870912 bytes (ratio: {:.2f}%, 100.0ms) [{:.1f}% complete, {:.2f}/{:.2f} GB]
2025-11-09 21:05:07.853 [pool-2-thread-1] INFO  com.datacomp.service.cpu.CpuCompressionService - Chunk 22/31 compressed: 536870912 -> 536870912 bytes (ratio: {:.2f}%, 100.0ms) [{:.1f}% complete, {:.2f}/{:.2f} GB]
2025-11-09 21:05:15.648 [pool-2-thread-1] INFO  com.datacomp.service.cpu.CpuCompressionService - Chunk 23/31 compressed: 536870912 -> 536870912 bytes (ratio: {:.2f}%, 100.0ms) [{:.1f}% complete, {:.2f}/{:.2f} GB]
2025-11-09 21:05:23.509 [pool-2-thread-1] INFO  com.datacomp.service.cpu.CpuCompressionService - Chunk 24/31 compressed: 536870912 -> 536870912 bytes (ratio: {:.2f}%, 100.0ms) [{:.1f}% complete, {:.2f}/{:.2f} GB]
2025-11-09 21:05:31.413 [pool-2-thread-1] INFO  com.datacomp.service.cpu.CpuCompressionService - Chunk 25/31 compressed: 536870912 -> 536870912 bytes (ratio: {:.2f}%, 100.0ms) [{:.1f}% complete, {:.2f}/{:.2f} GB]
2025-11-09 21:05:39.285 [pool-2-thread-1] INFO  com.datacomp.service.cpu.CpuCompressionService - Chunk 26/31 compressed: 536870912 -> 536870912 bytes (ratio: {:.2f}%, 100.0ms) [{:.1f}% complete, {:.2f}/{:.2f} GB]
2025-11-09 21:05:47.122 [pool-2-thread-1] INFO  com.datacomp.service.cpu.CpuCompressionService - Chunk 27/31 compressed: 536870912 -> 536870912 bytes (ratio: {:.2f}%, 100.0ms) [{:.1f}% complete, {:.2f}/{:.2f} GB]
2025-11-09 21:05:55.232 [pool-2-thread-1] INFO  com.datacomp.service.cpu.CpuCompressionService - Chunk 28/31 compressed: 536870912 -> 536870912 bytes (ratio: {:.2f}%, 100.0ms) [{:.1f}% complete, {:.2f}/{:.2f} GB]
2025-11-09 21:06:03.114 [pool-2-thread-1] INFO  com.datacomp.service.cpu.CpuCompressionService - Chunk 29/31 compressed: 536870912 -> 536870912 bytes (ratio: {:.2f}%, 100.0ms) [{:.1f}% complete, {:.2f}/{:.2f} GB]
2025-11-09 21:06:10.970 [pool-2-thread-1] INFO  com.datacomp.service.cpu.CpuCompressionService - Chunk 30/31 compressed: 536870912 -> 536870912 bytes (ratio: {:.2f}%, 100.0ms) [{:.1f}% complete, {:.2f}/{:.2f} GB]
2025-11-09 21:06:17.798 [pool-2-thread-1] INFO  com.datacomp.service.cpu.CpuCompressionService - Chunk 31/31 compressed: 408622612 -> 408622612 bytes (ratio: {:.2f}%, 100.0ms) [{:.1f}% complete, {:.2f}/{:.2f} GB]
2025-11-09 21:06:17.800 [pool-2-thread-1] INFO  com.datacomp.service.cpu.CpuCompressionService - Phase 1: All data flushed to temp file
2025-11-09 21:06:17.800 [pool-2-thread-1] INFO  com.datacomp.service.cpu.CpuCompressionService - Phase 1 complete: 16514749972 bytes ({:.2f} GB) compressed to temp file
2025-11-09 21:06:17.800 [pool-2-thread-1] INFO  com.datacomp.service.cpu.CpuCompressionService - Phase 2: Assembling final compressed file...
2025-11-09 21:06:17.804 [pool-2-thread-1] INFO  com.datacomp.service.cpu.CpuCompressionService - Header written (31 chunks metadata)
2025-11-09 21:06:17.869 [pool-2-thread-1] INFO  com.datacomp.service.cpu.CpuCompressionService - Copied {:.2f} GB / {:.2f} GB ({:.1f}%)
2025-11-09 21:06:17.922 [pool-2-thread-1] INFO  com.datacomp.service.cpu.CpuCompressionService - Copied {:.2f} GB / {:.2f} GB ({:.1f}%)
2025-11-09 21:06:17.976 [pool-2-thread-1] INFO  com.datacomp.service.cpu.CpuCompressionService - Copied {:.2f} GB / {:.2f} GB ({:.1f}%)
2025-11-09 21:06:18.027 [pool-2-thread-1] INFO  com.datacomp.service.cpu.CpuCompressionService - Copied {:.2f} GB / {:.2f} GB ({:.1f}%)
2025-11-09 21:06:18.143 [pool-2-thread-1] INFO  com.datacomp.service.cpu.CpuCompressionService - Copied {:.2f} GB / {:.2f} GB ({:.1f}%)
2025-11-09 21:06:18.261 [pool-2-thread-1] INFO  com.datacomp.service.cpu.CpuCompressionService - Copied {:.2f} GB / {:.2f} GB ({:.1f}%)
2025-11-09 21:06:18.389 [pool-2-thread-1] INFO  com.datacomp.service.cpu.CpuCompressionService - Copied {:.2f} GB / {:.2f} GB ({:.1f}%)
2025-11-09 21:06:18.523 [pool-2-thread-1] INFO  com.datacomp.service.cpu.CpuCompressionService - Copied {:.2f} GB / {:.2f} GB ({:.1f}%)
2025-11-09 21:06:18.628 [pool-2-thread-1] INFO  com.datacomp.service.cpu.CpuCompressionService - Copied {:.2f} GB / {:.2f} GB ({:.1f}%)
2025-11-09 21:06:18.733 [pool-2-thread-1] INFO  com.datacomp.service.cpu.CpuCompressionService - Copied {:.2f} GB / {:.2f} GB ({:.1f}%)
2025-11-09 21:06:18.837 [pool-2-thread-1] INFO  com.datacomp.service.cpu.CpuCompressionService - Copied {:.2f} GB / {:.2f} GB ({:.1f}%)
2025-11-09 21:06:18.949 [pool-2-thread-1] INFO  com.datacomp.service.cpu.CpuCompressionService - Copied {:.2f} GB / {:.2f} GB ({:.1f}%)
2025-11-09 21:06:19.053 [pool-2-thread-1] INFO  com.datacomp.service.cpu.CpuCompressionService - Copied {:.2f} GB / {:.2f} GB ({:.1f}%)
2025-11-09 21:06:19.163 [pool-2-thread-1] INFO  com.datacomp.service.cpu.CpuCompressionService - Copied {:.2f} GB / {:.2f} GB ({:.1f}%)
2025-11-09 21:06:19.262 [pool-2-thread-1] INFO  com.datacomp.service.cpu.CpuCompressionService - Copied {:.2f} GB / {:.2f} GB ({:.1f}%)
2025-11-09 21:06:19.378 [pool-2-thread-1] INFO  com.datacomp.service.cpu.CpuCompressionService - Copied {:.2f} GB / {:.2f} GB ({:.1f}%)
2025-11-09 21:06:19.490 [pool-2-thread-1] INFO  com.datacomp.service.cpu.CpuCompressionService - Copied {:.2f} GB / {:.2f} GB ({:.1f}%)
2025-11-09 21:06:19.593 [pool-2-thread-1] INFO  com.datacomp.service.cpu.CpuCompressionService - Copied {:.2f} GB / {:.2f} GB ({:.1f}%)
2025-11-09 21:06:19.699 [pool-2-thread-1] INFO  com.datacomp.service.cpu.CpuCompressionService - Copied {:.2f} GB / {:.2f} GB ({:.1f}%)
2025-11-09 21:06:19.800 [pool-2-thread-1] INFO  com.datacomp.service.cpu.CpuCompressionService - Copied {:.2f} GB / {:.2f} GB ({:.1f}%)
2025-11-09 21:06:19.899 [pool-2-thread-1] INFO  com.datacomp.service.cpu.CpuCompressionService - Copied {:.2f} GB / {:.2f} GB ({:.1f}%)
2025-11-09 21:06:20.005 [pool-2-thread-1] INFO  com.datacomp.service.cpu.CpuCompressionService - Copied {:.2f} GB / {:.2f} GB ({:.1f}%)
2025-11-09 21:06:20.115 [pool-2-thread-1] INFO  com.datacomp.service.cpu.CpuCompressionService - Copied {:.2f} GB / {:.2f} GB ({:.1f}%)
2025-11-09 21:06:20.219 [pool-2-thread-1] INFO  com.datacomp.service.cpu.CpuCompressionService - Copied {:.2f} GB / {:.2f} GB ({:.1f}%)
2025-11-09 21:06:20.323 [pool-2-thread-1] INFO  com.datacomp.service.cpu.CpuCompressionService - Copied {:.2f} GB / {:.2f} GB ({:.1f}%)
2025-11-09 21:06:20.422 [pool-2-thread-1] INFO  com.datacomp.service.cpu.CpuCompressionService - Copied {:.2f} GB / {:.2f} GB ({:.1f}%)
2025-11-09 21:06:20.528 [pool-2-thread-1] INFO  com.datacomp.service.cpu.CpuCompressionService - Copied {:.2f} GB / {:.2f} GB ({:.1f}%)
2025-11-09 21:06:20.632 [pool-2-thread-1] INFO  com.datacomp.service.cpu.CpuCompressionService - Copied {:.2f} GB / {:.2f} GB ({:.1f}%)
2025-11-09 21:06:20.736 [pool-2-thread-1] INFO  com.datacomp.service.cpu.CpuCompressionService - Copied {:.2f} GB / {:.2f} GB ({:.1f}%)
2025-11-09 21:06:20.842 [pool-2-thread-1] INFO  com.datacomp.service.cpu.CpuCompressionService - Copied {:.2f} GB / {:.2f} GB ({:.1f}%)
2025-11-09 21:06:20.941 [pool-2-thread-1] INFO  com.datacomp.service.cpu.CpuCompressionService - Copied {:.2f} GB / {:.2f} GB ({:.1f}%)
2025-11-09 21:06:21.047 [pool-2-thread-1] INFO  com.datacomp.service.cpu.CpuCompressionService - Copied {:.2f} GB / {:.2f} GB ({:.1f}%)
2025-11-09 21:06:21.215 [pool-2-thread-1] INFO  com.datacomp.service.cpu.CpuCompressionService - Copied {:.2f} GB / {:.2f} GB ({:.1f}%)
2025-11-09 21:06:21.451 [pool-2-thread-1] INFO  com.datacomp.service.cpu.CpuCompressionService - Copied {:.2f} GB / {:.2f} GB ({:.1f}%)
2025-11-09 21:06:21.632 [pool-2-thread-1] INFO  com.datacomp.service.cpu.CpuCompressionService - Copied {:.2f} GB / {:.2f} GB ({:.1f}%)
2025-11-09 21:06:21.812 [pool-2-thread-1] INFO  com.datacomp.service.cpu.CpuCompressionService - Copied {:.2f} GB / {:.2f} GB ({:.1f}%)
2025-11-09 21:06:22.009 [pool-2-thread-1] INFO  com.datacomp.service.cpu.CpuCompressionService - Copied {:.2f} GB / {:.2f} GB ({:.1f}%)
2025-11-09 21:06:22.215 [pool-2-thread-1] INFO  com.datacomp.service.cpu.CpuCompressionService - Copied {:.2f} GB / {:.2f} GB ({:.1f}%)
2025-11-09 21:06:22.430 [pool-2-thread-1] INFO  com.datacomp.service.cpu.CpuCompressionService - Copied {:.2f} GB / {:.2f} GB ({:.1f}%)
2025-11-09 21:06:22.658 [pool-2-thread-1] INFO  com.datacomp.service.cpu.CpuCompressionService - Copied {:.2f} GB / {:.2f} GB ({:.1f}%)
2025-11-09 21:06:22.850 [pool-2-thread-1] INFO  com.datacomp.service.cpu.CpuCompressionService - Copied {:.2f} GB / {:.2f} GB ({:.1f}%)
2025-11-09 21:06:23.044 [pool-2-thread-1] INFO  com.datacomp.service.cpu.CpuCompressionService - Copied {:.2f} GB / {:.2f} GB ({:.1f}%)
2025-11-09 21:06:23.250 [pool-2-thread-1] INFO  com.datacomp.service.cpu.CpuCompressionService - Copied {:.2f} GB / {:.2f} GB ({:.1f}%)
2025-11-09 21:06:23.448 [pool-2-thread-1] INFO  com.datacomp.service.cpu.CpuCompressionService - Copied {:.2f} GB / {:.2f} GB ({:.1f}%)
2025-11-09 21:06:23.700 [pool-2-thread-1] INFO  com.datacomp.service.cpu.CpuCompressionService - Copied {:.2f} GB / {:.2f} GB ({:.1f}%)
2025-11-09 21:06:23.945 [pool-2-thread-1] INFO  com.datacomp.service.cpu.CpuCompressionService - Copied {:.2f} GB / {:.2f} GB ({:.1f}%)
2025-11-09 21:06:24.145 [pool-2-thread-1] INFO  com.datacomp.service.cpu.CpuCompressionService - Copied {:.2f} GB / {:.2f} GB ({:.1f}%)
2025-11-09 21:06:24.353 [pool-2-thread-1] INFO  com.datacomp.service.cpu.CpuCompressionService - Copied {:.2f} GB / {:.2f} GB ({:.1f}%)
2025-11-09 21:06:24.563 [pool-2-thread-1] INFO  com.datacomp.service.cpu.CpuCompressionService - Copied {:.2f} GB / {:.2f} GB ({:.1f}%)
2025-11-09 21:06:24.778 [pool-2-thread-1] INFO  com.datacomp.service.cpu.CpuCompressionService - Copied {:.2f} GB / {:.2f} GB ({:.1f}%)
2025-11-09 21:06:25.023 [pool-2-thread-1] INFO  com.datacomp.service.cpu.CpuCompressionService - Copied {:.2f} GB / {:.2f} GB ({:.1f}%)
2025-11-09 21:06:25.257 [pool-2-thread-1] INFO  com.datacomp.service.cpu.CpuCompressionService - Copied {:.2f} GB / {:.2f} GB ({:.1f}%)
2025-11-09 21:06:25.453 [pool-2-thread-1] INFO  com.datacomp.service.cpu.CpuCompressionService - Copied {:.2f} GB / {:.2f} GB ({:.1f}%)
2025-11-09 21:06:25.660 [pool-2-thread-1] INFO  com.datacomp.service.cpu.CpuCompressionService - Copied {:.2f} GB / {:.2f} GB ({:.1f}%)
2025-11-09 21:06:25.857 [pool-2-thread-1] INFO  com.datacomp.service.cpu.CpuCompressionService - Copied {:.2f} GB / {:.2f} GB ({:.1f}%)
2025-11-09 21:06:26.084 [pool-2-thread-1] INFO  com.datacomp.service.cpu.CpuCompressionService - Copied {:.2f} GB / {:.2f} GB ({:.1f}%)
2025-11-09 21:06:26.330 [pool-2-thread-1] INFO  com.datacomp.service.cpu.CpuCompressionService - Copied {:.2f} GB / {:.2f} GB ({:.1f}%)
2025-11-09 21:06:26.523 [pool-2-thread-1] INFO  com.datacomp.service.cpu.CpuCompressionService - Copied {:.2f} GB / {:.2f} GB ({:.1f}%)
2025-11-09 21:06:26.722 [pool-2-thread-1] INFO  com.datacomp.service.cpu.CpuCompressionService - Copied {:.2f} GB / {:.2f} GB ({:.1f}%)
2025-11-09 21:06:26.919 [pool-2-thread-1] INFO  com.datacomp.service.cpu.CpuCompressionService - Copied {:.2f} GB / {:.2f} GB ({:.1f}%)
2025-11-09 21:06:27.132 [pool-2-thread-1] INFO  com.datacomp.service.cpu.CpuCompressionService - Copied {:.2f} GB / {:.2f} GB ({:.1f}%)
2025-11-09 21:06:27.363 [pool-2-thread-1] INFO  com.datacomp.service.cpu.CpuCompressionService - Copied {:.2f} GB / {:.2f} GB ({:.1f}%)
2025-11-09 21:06:27.601 [pool-2-thread-1] INFO  com.datacomp.service.cpu.CpuCompressionService - Copied {:.2f} GB / {:.2f} GB ({:.1f}%)
2025-11-09 21:06:27.797 [pool-2-thread-1] INFO  com.datacomp.service.cpu.CpuCompressionService - Copied {:.2f} GB / {:.2f} GB ({:.1f}%)
2025-11-09 21:06:27.998 [pool-2-thread-1] INFO  com.datacomp.service.cpu.CpuCompressionService - Copied {:.2f} GB / {:.2f} GB ({:.1f}%)
2025-11-09 21:06:28.212 [pool-2-thread-1] INFO  com.datacomp.service.cpu.CpuCompressionService - Copied {:.2f} GB / {:.2f} GB ({:.1f}%)
2025-11-09 21:06:28.442 [pool-2-thread-1] INFO  com.datacomp.service.cpu.CpuCompressionService - Copied {:.2f} GB / {:.2f} GB ({:.1f}%)
2025-11-09 21:06:28.696 [pool-2-thread-1] INFO  com.datacomp.service.cpu.CpuCompressionService - Copied {:.2f} GB / {:.2f} GB ({:.1f}%)
2025-11-09 21:06:28.898 [pool-2-thread-1] INFO  com.datacomp.service.cpu.CpuCompressionService - Copied {:.2f} GB / {:.2f} GB ({:.1f}%)
2025-11-09 21:06:29.101 [pool-2-thread-1] INFO  com.datacomp.service.cpu.CpuCompressionService - Copied {:.2f} GB / {:.2f} GB ({:.1f}%)
2025-11-09 21:06:29.316 [pool-2-thread-1] INFO  com.datacomp.service.cpu.CpuCompressionService - Copied {:.2f} GB / {:.2f} GB ({:.1f}%)
2025-11-09 21:06:29.517 [pool-2-thread-1] INFO  com.datacomp.service.cpu.CpuCompressionService - Copied {:.2f} GB / {:.2f} GB ({:.1f}%)
2025-11-09 21:06:29.783 [pool-2-thread-1] INFO  com.datacomp.service.cpu.CpuCompressionService - Copied {:.2f} GB / {:.2f} GB ({:.1f}%)
2025-11-09 21:06:30.007 [pool-2-thread-1] INFO  com.datacomp.service.cpu.CpuCompressionService - Copied {:.2f} GB / {:.2f} GB ({:.1f}%)
2025-11-09 21:06:30.200 [pool-2-thread-1] INFO  com.datacomp.service.cpu.CpuCompressionService - Copied {:.2f} GB / {:.2f} GB ({:.1f}%)
2025-11-09 21:06:30.398 [pool-2-thread-1] INFO  com.datacomp.service.cpu.CpuCompressionService - Copied {:.2f} GB / {:.2f} GB ({:.1f}%)
2025-11-09 21:06:30.598 [pool-2-thread-1] INFO  com.datacomp.service.cpu.CpuCompressionService - Copied {:.2f} GB / {:.2f} GB ({:.1f}%)
2025-11-09 21:06:30.809 [pool-2-thread-1] INFO  com.datacomp.service.cpu.CpuCompressionService - Copied {:.2f} GB / {:.2f} GB ({:.1f}%)
2025-11-09 21:06:31.067 [pool-2-thread-1] INFO  com.datacomp.service.cpu.CpuCompressionService - Copied {:.2f} GB / {:.2f} GB ({:.1f}%)
2025-11-09 21:06:31.267 [pool-2-thread-1] INFO  com.datacomp.service.cpu.CpuCompressionService - Copied {:.2f} GB / {:.2f} GB ({:.1f}%)
2025-11-09 21:06:31.470 [pool-2-thread-1] INFO  com.datacomp.service.cpu.CpuCompressionService - Copied {:.2f} GB / {:.2f} GB ({:.1f}%)
2025-11-09 21:06:31.670 [pool-2-thread-1] INFO  com.datacomp.service.cpu.CpuCompressionService - Copied {:.2f} GB / {:.2f} GB ({:.1f}%)
2025-11-09 21:06:31.869 [pool-2-thread-1] INFO  com.datacomp.service.cpu.CpuCompressionService - Copied {:.2f} GB / {:.2f} GB ({:.1f}%)
2025-11-09 21:06:32.109 [pool-2-thread-1] INFO  com.datacomp.service.cpu.CpuCompressionService - Copied {:.2f} GB / {:.2f} GB ({:.1f}%)
2025-11-09 21:06:32.340 [pool-2-thread-1] INFO  com.datacomp.service.cpu.CpuCompressionService - Copied {:.2f} GB / {:.2f} GB ({:.1f}%)
2025-11-09 21:06:32.535 [pool-2-thread-1] INFO  com.datacomp.service.cpu.CpuCompressionService - Copied {:.2f} GB / {:.2f} GB ({:.1f}%)
2025-11-09 21:06:32.748 [pool-2-thread-1] INFO  com.datacomp.service.cpu.CpuCompressionService - Copied {:.2f} GB / {:.2f} GB ({:.1f}%)
2025-11-09 21:06:32.938 [pool-2-thread-1] INFO  com.datacomp.service.cpu.CpuCompressionService - Copied {:.2f} GB / {:.2f} GB ({:.1f}%)
2025-11-09 21:06:33.133 [pool-2-thread-1] INFO  com.datacomp.service.cpu.CpuCompressionService - Copied {:.2f} GB / {:.2f} GB ({:.1f}%)
2025-11-09 21:06:33.381 [pool-2-thread-1] INFO  com.datacomp.service.cpu.CpuCompressionService - Copied {:.2f} GB / {:.2f} GB ({:.1f}%)
2025-11-09 21:06:33.620 [pool-2-thread-1] INFO  com.datacomp.service.cpu.CpuCompressionService - Copied {:.2f} GB / {:.2f} GB ({:.1f}%)
2025-11-09 21:06:33.823 [pool-2-thread-1] INFO  com.datacomp.service.cpu.CpuCompressionService - Copied {:.2f} GB / {:.2f} GB ({:.1f}%)
2025-11-09 21:06:34.028 [pool-2-thread-1] INFO  com.datacomp.service.cpu.CpuCompressionService - Copied {:.2f} GB / {:.2f} GB ({:.1f}%)
2025-11-09 21:06:34.242 [pool-2-thread-1] INFO  com.datacomp.service.cpu.CpuCompressionService - Copied {:.2f} GB / {:.2f} GB ({:.1f}%)
2025-11-09 21:06:34.461 [pool-2-thread-1] INFO  com.datacomp.service.cpu.CpuCompressionService - Copied {:.2f} GB / {:.2f} GB ({:.1f}%)
2025-11-09 21:06:34.718 [pool-2-thread-1] INFO  com.datacomp.service.cpu.CpuCompressionService - Copied {:.2f} GB / {:.2f} GB ({:.1f}%)
2025-11-09 21:06:34.947 [pool-2-thread-1] INFO  com.datacomp.service.cpu.CpuCompressionService - Copied {:.2f} GB / {:.2f} GB ({:.1f}%)
2025-11-09 21:06:35.157 [pool-2-thread-1] INFO  com.datacomp.service.cpu.CpuCompressionService - Copied {:.2f} GB / {:.2f} GB ({:.1f}%)
2025-11-09 21:06:35.361 [pool-2-thread-1] INFO  com.datacomp.service.cpu.CpuCompressionService - Copied {:.2f} GB / {:.2f} GB ({:.1f}%)
2025-11-09 21:06:35.559 [pool-2-thread-1] INFO  com.datacomp.service.cpu.CpuCompressionService - Copied {:.2f} GB / {:.2f} GB ({:.1f}%)
2025-11-09 21:06:35.772 [pool-2-thread-1] INFO  com.datacomp.service.cpu.CpuCompressionService - Copied {:.2f} GB / {:.2f} GB ({:.1f}%)
2025-11-09 21:06:36.017 [pool-2-thread-1] INFO  com.datacomp.service.cpu.CpuCompressionService - Copied {:.2f} GB / {:.2f} GB ({:.1f}%)
2025-11-09 21:06:36.253 [pool-2-thread-1] INFO  com.datacomp.service.cpu.CpuCompressionService - Copied {:.2f} GB / {:.2f} GB ({:.1f}%)
2025-11-09 21:06:36.459 [pool-2-thread-1] INFO  com.datacomp.service.cpu.CpuCompressionService - Copied {:.2f} GB / {:.2f} GB ({:.1f}%)
2025-11-09 21:06:36.661 [pool-2-thread-1] INFO  com.datacomp.service.cpu.CpuCompressionService - Copied {:.2f} GB / {:.2f} GB ({:.1f}%)
2025-11-09 21:06:36.866 [pool-2-thread-1] INFO  com.datacomp.service.cpu.CpuCompressionService - Copied {:.2f} GB / {:.2f} GB ({:.1f}%)
2025-11-09 21:06:37.081 [pool-2-thread-1] INFO  com.datacomp.service.cpu.CpuCompressionService - Copied {:.2f} GB / {:.2f} GB ({:.1f}%)
2025-11-09 21:06:37.295 [pool-2-thread-1] INFO  com.datacomp.service.cpu.CpuCompressionService - Copied {:.2f} GB / {:.2f} GB ({:.1f}%)
2025-11-09 21:06:37.567 [pool-2-thread-1] INFO  com.datacomp.service.cpu.CpuCompressionService - Copied {:.2f} GB / {:.2f} GB ({:.1f}%)
2025-11-09 21:06:37.779 [pool-2-thread-1] INFO  com.datacomp.service.cpu.CpuCompressionService - Copied {:.2f} GB / {:.2f} GB ({:.1f}%)
2025-11-09 21:06:37.983 [pool-2-thread-1] INFO  com.datacomp.service.cpu.CpuCompressionService - Copied {:.2f} GB / {:.2f} GB ({:.1f}%)
2025-11-09 21:06:38.201 [pool-2-thread-1] INFO  com.datacomp.service.cpu.CpuCompressionService - Copied {:.2f} GB / {:.2f} GB ({:.1f}%)
2025-11-09 21:06:38.420 [pool-2-thread-1] INFO  com.datacomp.service.cpu.CpuCompressionService - Copied {:.2f} GB / {:.2f} GB ({:.1f}%)
2025-11-09 21:06:38.615 [pool-2-thread-1] INFO  com.datacomp.service.cpu.CpuCompressionService - Copied {:.2f} GB / {:.2f} GB ({:.1f}%)
2025-11-09 21:06:38.820 [pool-2-thread-1] INFO  com.datacomp.service.cpu.CpuCompressionService - Copied {:.2f} GB / {:.2f} GB ({:.1f}%)
2025-11-09 21:06:39.036 [pool-2-thread-1] INFO  com.datacomp.service.cpu.CpuCompressionService - Copied {:.2f} GB / {:.2f} GB ({:.1f}%)
2025-11-09 21:06:39.300 [pool-2-thread-1] INFO  com.datacomp.service.cpu.CpuCompressionService - Copied {:.2f} GB / {:.2f} GB ({:.1f}%)
2025-11-09 21:06:39.516 [pool-2-thread-1] INFO  com.datacomp.service.cpu.CpuCompressionService - Copied {:.2f} GB / {:.2f} GB ({:.1f}%)
2025-11-09 21:06:39.712 [pool-2-thread-1] INFO  com.datacomp.service.cpu.CpuCompressionService - Copied {:.2f} GB / {:.2f} GB ({:.1f}%)
2025-11-09 21:06:39.913 [pool-2-thread-1] INFO  com.datacomp.service.cpu.CpuCompressionService - Copied {:.2f} GB / {:.2f} GB ({:.1f}%)
2025-11-09 21:06:40.107 [pool-2-thread-1] INFO  com.datacomp.service.cpu.CpuCompressionService - Copied {:.2f} GB / {:.2f} GB ({:.1f}%)
2025-11-09 21:06:40.312 [pool-2-thread-1] INFO  com.datacomp.service.cpu.CpuCompressionService - Copied {:.2f} GB / {:.2f} GB ({:.1f}%)
2025-11-09 21:06:40.566 [pool-2-thread-1] INFO  com.datacomp.service.cpu.CpuCompressionService - Copied {:.2f} GB / {:.2f} GB ({:.1f}%)
2025-11-09 21:06:40.806 [pool-2-thread-1] INFO  com.datacomp.service.cpu.CpuCompressionService - Copied {:.2f} GB / {:.2f} GB ({:.1f}%)
2025-11-09 21:06:41.005 [pool-2-thread-1] INFO  com.datacomp.service.cpu.CpuCompressionService - Copied {:.2f} GB / {:.2f} GB ({:.1f}%)
2025-11-09 21:06:41.202 [pool-2-thread-1] INFO  com.datacomp.service.cpu.CpuCompressionService - Copied {:.2f} GB / {:.2f} GB ({:.1f}%)
2025-11-09 21:06:41.407 [pool-2-thread-1] INFO  com.datacomp.service.cpu.CpuCompressionService - Copied {:.2f} GB / {:.2f} GB ({:.1f}%)
2025-11-09 21:06:41.617 [pool-2-thread-1] INFO  com.datacomp.service.cpu.CpuCompressionService - Copied {:.2f} GB / {:.2f} GB ({:.1f}%)
2025-11-09 21:06:41.889 [pool-2-thread-1] INFO  com.datacomp.service.cpu.CpuCompressionService - Copied {:.2f} GB / {:.2f} GB ({:.1f}%)
2025-11-09 21:06:42.103 [pool-2-thread-1] INFO  com.datacomp.service.cpu.CpuCompressionService - Copied {:.2f} GB / {:.2f} GB ({:.1f}%)
2025-11-09 21:06:42.308 [pool-2-thread-1] INFO  com.datacomp.service.cpu.CpuCompressionService - Copied {:.2f} GB / {:.2f} GB ({:.1f}%)
2025-11-09 21:06:42.506 [pool-2-thread-1] INFO  com.datacomp.service.cpu.CpuCompressionService - Copied {:.2f} GB / {:.2f} GB ({:.1f}%)
2025-11-09 21:06:42.710 [pool-2-thread-1] INFO  com.datacomp.service.cpu.CpuCompressionService - Copied {:.2f} GB / {:.2f} GB ({:.1f}%)
2025-11-09 21:06:42.964 [pool-2-thread-1] INFO  com.datacomp.service.cpu.CpuCompressionService - Copied {:.2f} GB / {:.2f} GB ({:.1f}%)
2025-11-09 21:06:43.192 [pool-2-thread-1] INFO  com.datacomp.service.cpu.CpuCompressionService - Copied {:.2f} GB / {:.2f} GB ({:.1f}%)
2025-11-09 21:06:43.426 [pool-2-thread-1] INFO  com.datacomp.service.cpu.CpuCompressionService - Copied {:.2f} GB / {:.2f} GB ({:.1f}%)
2025-11-09 21:06:43.627 [pool-2-thread-1] INFO  com.datacomp.service.cpu.CpuCompressionService - Copied {:.2f} GB / {:.2f} GB ({:.1f}%)
2025-11-09 21:06:43.820 [pool-2-thread-1] INFO  com.datacomp.service.cpu.CpuCompressionService - Copied {:.2f} GB / {:.2f} GB ({:.1f}%)
2025-11-09 21:06:44.041 [pool-2-thread-1] INFO  com.datacomp.service.cpu.CpuCompressionService - Copied {:.2f} GB / {:.2f} GB ({:.1f}%)
2025-11-09 21:06:44.316 [pool-2-thread-1] INFO  com.datacomp.service.cpu.CpuCompressionService - Copied {:.2f} GB / {:.2f} GB ({:.1f}%)
2025-11-09 21:06:44.537 [pool-2-thread-1] INFO  com.datacomp.service.cpu.CpuCompressionService - Copied {:.2f} GB / {:.2f} GB ({:.1f}%)
2025-11-09 21:06:44.760 [pool-2-thread-1] INFO  com.datacomp.service.cpu.CpuCompressionService - Copied {:.2f} GB / {:.2f} GB ({:.1f}%)
2025-11-09 21:06:44.966 [pool-2-thread-1] INFO  com.datacomp.service.cpu.CpuCompressionService - Copied {:.2f} GB / {:.2f} GB ({:.1f}%)
2025-11-09 21:06:45.196 [pool-2-thread-1] INFO  com.datacomp.service.cpu.CpuCompressionService - Copied {:.2f} GB / {:.2f} GB ({:.1f}%)
2025-11-09 21:06:45.415 [pool-2-thread-1] INFO  com.datacomp.service.cpu.CpuCompressionService - Copied {:.2f} GB / {:.2f} GB ({:.1f}%)
2025-11-09 21:06:45.665 [pool-2-thread-1] INFO  com.datacomp.service.cpu.CpuCompressionService - Copied {:.2f} GB / {:.2f} GB ({:.1f}%)
2025-11-09 21:06:45.921 [pool-2-thread-1] INFO  com.datacomp.service.cpu.CpuCompressionService - Copied {:.2f} GB / {:.2f} GB ({:.1f}%)
2025-11-09 21:06:46.123 [pool-2-thread-1] INFO  com.datacomp.service.cpu.CpuCompressionService - Copied {:.2f} GB / {:.2f} GB ({:.1f}%)
2025-11-09 21:06:46.323 [pool-2-thread-1] INFO  com.datacomp.service.cpu.CpuCompressionService - Copied {:.2f} GB / {:.2f} GB ({:.1f}%)
2025-11-09 21:06:46.548 [pool-2-thread-1] INFO  com.datacomp.service.cpu.CpuCompressionService - Copied {:.2f} GB / {:.2f} GB ({:.1f}%)
2025-11-09 21:06:46.777 [pool-2-thread-1] INFO  com.datacomp.service.cpu.CpuCompressionService - Copied {:.2f} GB / {:.2f} GB ({:.1f}%)
2025-11-09 21:06:47.053 [pool-2-thread-1] INFO  com.datacomp.service.cpu.CpuCompressionService - Copied {:.2f} GB / {:.2f} GB ({:.1f}%)
2025-11-09 21:06:47.266 [pool-2-thread-1] INFO  com.datacomp.service.cpu.CpuCompressionService - Copied {:.2f} GB / {:.2f} GB ({:.1f}%)
2025-11-09 21:06:47.470 [pool-2-thread-1] INFO  com.datacomp.service.cpu.CpuCompressionService - Copied {:.2f} GB / {:.2f} GB ({:.1f}%)
2025-11-09 21:06:47.670 [pool-2-thread-1] INFO  com.datacomp.service.cpu.CpuCompressionService - Copied {:.2f} GB / {:.2f} GB ({:.1f}%)
2025-11-09 21:06:47.890 [pool-2-thread-1] INFO  com.datacomp.service.cpu.CpuCompressionService - Copied {:.2f} GB / {:.2f} GB ({:.1f}%)
2025-11-09 21:06:48.111 [pool-2-thread-1] INFO  com.datacomp.service.cpu.CpuCompressionService - Copied {:.2f} GB / {:.2f} GB ({:.1f}%)
2025-11-09 21:06:48.240 [pool-2-thread-1] INFO  com.datacomp.service.cpu.CpuCompressionService - Copied 16514749972 bytes ({:.2f} GB) of compressed data to final file
2025-11-09 21:06:48.362 [pool-2-thread-1] INFO  com.datacomp.service.cpu.CpuCompressionService - Compression complete: 16514749972 -> 16514767793 bytes ({:.2f}%) in {:.2f}s ({:.2f} MB/s)
2025-11-09 21:06:48.362 [pool-2-thread-1] INFO  com.datacomp.service.cpu.CpuCompressionService - SUCCESS: Final file size verified: {:.2f} GB
2025-11-09 21:06:55.664 [JavaFX Application Thread] INFO  com.datacomp.service.gpu.GpuFrequencyService - Selected GPU device: NVIDIA GeForce RTX 3050 Ti Laptop GPU CL_DEVICE_TYPE_GPU (available)
2025-11-09 21:06:55.682 [JavaFX Application Thread] INFO  com.datacomp.service.gpu.GpuCompressionService - GPU compression service initialized: GPU (NVIDIA GeForce RTX 3050 Ti Laptop GPU CL_DEVICE_TYPE_GPU (available))
2025-11-09 21:06:55.697 [JavaFX Application Thread] INFO  com.datacomp.service.ServiceFactory - Using GPU compression service
2025-11-09 21:07:17.249 [JavaFX Application Thread] INFO  com.datacomp.service.gpu.GpuFrequencyService - Selected GPU device: NVIDIA GeForce RTX 3050 Ti Laptop GPU CL_DEVICE_TYPE_GPU (available)
2025-11-09 21:07:17.266 [JavaFX Application Thread] INFO  com.datacomp.service.gpu.GpuCompressionService - GPU compression service initialized: GPU (NVIDIA GeForce RTX 3050 Ti Laptop GPU CL_DEVICE_TYPE_GPU (available))
2025-11-09 21:07:17.282 [JavaFX Application Thread] INFO  com.datacomp.service.ServiceFactory - Using GPU compression service
2025-11-09 21:07:17.283 [pool-3-thread-1] INFO  com.datacomp.service.cpu.CpuCompressionService - Decompressing videoplayback (3).mp4.dcz to videoplayback (3).mp4
2025-11-09 21:07:17.284 [pool-3-thread-1] INFO  com.datacomp.service.cpu.CpuCompressionService - Input file size: 16514767793 bytes ({:.2f} GB)
2025-11-09 21:07:17.284 [pool-3-thread-1] INFO  com.datacomp.service.cpu.CpuCompressionService - Reading compression header...
2025-11-09 21:07:17.288 [pool-3-thread-1] INFO  com.datacomp.service.cpu.CpuCompressionService - Decompressing 31 chunks, original size: 16514749972 bytes ({:.2f} GB)
2025-11-09 21:07:17.289 [pool-3-thread-1] INFO  com.datacomp.service.cpu.CpuCompressionService - Decompressing chunk 1/31: offset=0, compressedSize=536870912, originalSize=536870912 [{:.1f}% complete, {:.2f}/{:.2f} GB]
2025-11-09 21:07:39.997 [pool-3-thread-1] INFO  com.datacomp.service.cpu.CpuCompressionService - Chunk 1/31 decompressed: 536870912 bytes (22708ms, checksum OK)
2025-11-09 21:07:39.997 [pool-3-thread-1] INFO  com.datacomp.service.cpu.CpuCompressionService - Progress: {:.2f} GB / {:.2f} GB ({:.1f}%) decompressed
2025-11-09 21:07:40.215 [pool-3-thread-1] INFO  com.datacomp.service.cpu.CpuCompressionService - Decompressing chunk 2/31: offset=536870912, compressedSize=536870912, originalSize=536870912 [{:.1f}% complete, {:.2f}/{:.2f} GB]
2025-11-09 21:08:01.858 [pool-3-thread-1] INFO  com.datacomp.service.cpu.CpuCompressionService - Chunk 2/31 decompressed: 536870912 bytes (21643ms, checksum OK)
2025-11-09 21:08:01.859 [pool-3-thread-1] INFO  com.datacomp.service.cpu.CpuCompressionService - Progress: {:.2f} GB / {:.2f} GB ({:.1f}%) decompressed
2025-11-09 21:08:01.859 [pool-3-thread-1] INFO  com.datacomp.service.cpu.CpuCompressionService - Decompressing chunk 3/31: offset=1073741824, compressedSize=536870912, originalSize=536870912 [{:.1f}% complete, {:.2f}/{:.2f} GB]
2025-11-09 21:08:23.491 [pool-3-thread-1] INFO  com.datacomp.service.cpu.CpuCompressionService - Chunk 3/31 decompressed: 536870912 bytes (21632ms, checksum OK)
2025-11-09 21:08:23.491 [pool-3-thread-1] INFO  com.datacomp.service.cpu.CpuCompressionService - Progress: {:.2f} GB / {:.2f} GB ({:.1f}%) decompressed
2025-11-09 21:08:23.491 [pool-3-thread-1] INFO  com.datacomp.service.cpu.CpuCompressionService - Decompressing chunk 4/31: offset=1610612736, compressedSize=536870912, originalSize=536870912 [{:.1f}% complete, {:.2f}/{:.2f} GB]
2025-11-09 21:08:45.143 [pool-3-thread-1] INFO  com.datacomp.service.cpu.CpuCompressionService - Chunk 4/31 decompressed: 536870912 bytes (21652ms, checksum OK)
2025-11-09 21:08:45.143 [pool-3-thread-1] INFO  com.datacomp.service.cpu.CpuCompressionService - Progress: {:.2f} GB / {:.2f} GB ({:.1f}%) decompressed
2025-11-09 21:08:45.143 [pool-3-thread-1] INFO  com.datacomp.service.cpu.CpuCompressionService - Decompressing chunk 5/31: offset=2147483648, compressedSize=536870912, originalSize=536870912 [{:.1f}% complete, {:.2f}/{:.2f} GB]
2025-11-09 21:09:06.799 [pool-3-thread-1] INFO  com.datacomp.service.cpu.CpuCompressionService - Chunk 5/31 decompressed: 536870912 bytes (21656ms, checksum OK)
2025-11-09 21:09:06.800 [pool-3-thread-1] INFO  com.datacomp.service.cpu.CpuCompressionService - Progress: {:.2f} GB / {:.2f} GB ({:.1f}%) decompressed
2025-11-09 21:09:06.800 [pool-3-thread-1] INFO  com.datacomp.service.cpu.CpuCompressionService - Decompressing chunk 6/31: offset=2684354560, compressedSize=536870912, originalSize=536870912 [{:.1f}% complete, {:.2f}/{:.2f} GB]
2025-11-09 21:09:28.345 [pool-3-thread-1] INFO  com.datacomp.service.cpu.CpuCompressionService - Chunk 6/31 decompressed: 536870912 bytes (21545ms, checksum OK)
2025-11-09 21:09:28.346 [pool-3-thread-1] INFO  com.datacomp.service.cpu.CpuCompressionService - Progress: {:.2f} GB / {:.2f} GB ({:.1f}%) decompressed
2025-11-09 21:09:28.346 [pool-3-thread-1] INFO  com.datacomp.service.cpu.CpuCompressionService - Decompressing chunk 7/31: offset=3221225472, compressedSize=536870912, originalSize=536870912 [{:.1f}% complete, {:.2f}/{:.2f} GB]
2025-11-09 21:09:50.143 [pool-3-thread-1] INFO  com.datacomp.service.cpu.CpuCompressionService - Chunk 7/31 decompressed: 536870912 bytes (21797ms, checksum OK)
2025-11-09 21:09:50.144 [pool-3-thread-1] INFO  com.datacomp.service.cpu.CpuCompressionService - Progress: {:.2f} GB / {:.2f} GB ({:.1f}%) decompressed
2025-11-09 21:09:50.144 [pool-3-thread-1] INFO  com.datacomp.service.cpu.CpuCompressionService - Decompressing chunk 8/31: offset=3758096384, compressedSize=536870912, originalSize=536870912 [{:.1f}% complete, {:.2f}/{:.2f} GB]
2025-11-09 21:10:11.906 [pool-3-thread-1] INFO  com.datacomp.service.cpu.CpuCompressionService - Chunk 8/31 decompressed: 536870912 bytes (21762ms, checksum OK)
2025-11-09 21:10:11.906 [pool-3-thread-1] INFO  com.datacomp.service.cpu.CpuCompressionService - Progress: {:.2f} GB / {:.2f} GB ({:.1f}%) decompressed
2025-11-09 21:10:11.906 [pool-3-thread-1] INFO  com.datacomp.service.cpu.CpuCompressionService - Decompressing chunk 9/31: offset=4294967296, compressedSize=536870912, originalSize=536870912 [{:.1f}% complete, {:.2f}/{:.2f} GB]
2025-11-09 21:10:33.929 [pool-3-thread-1] INFO  com.datacomp.service.cpu.CpuCompressionService - Chunk 9/31 decompressed: 536870912 bytes (22023ms, checksum OK)
2025-11-09 21:10:33.929 [pool-3-thread-1] INFO  com.datacomp.service.cpu.CpuCompressionService - Progress: {:.2f} GB / {:.2f} GB ({:.1f}%) decompressed
2025-11-09 21:10:33.929 [pool-3-thread-1] INFO  com.datacomp.service.cpu.CpuCompressionService - Decompressing chunk 10/31: offset=4831838208, compressedSize=536870912, originalSize=536870912 [{:.1f}% complete, {:.2f}/{:.2f} GB]
2025-11-09 21:10:56.037 [pool-3-thread-1] INFO  com.datacomp.service.cpu.CpuCompressionService - Chunk 10/31 decompressed: 536870912 bytes (22108ms, checksum OK)
2025-11-09 21:10:56.037 [pool-3-thread-1] INFO  com.datacomp.service.cpu.CpuCompressionService - Progress: {:.2f} GB / {:.2f} GB ({:.1f}%) decompressed
2025-11-09 21:10:56.037 [pool-3-thread-1] INFO  com.datacomp.service.cpu.CpuCompressionService - Decompressing chunk 11/31: offset=5368709120, compressedSize=536870912, originalSize=536870912 [{:.1f}% complete, {:.2f}/{:.2f} GB]
2025-11-09 21:11:18.164 [pool-3-thread-1] INFO  com.datacomp.service.cpu.CpuCompressionService - Chunk 11/31 decompressed: 536870912 bytes (22127ms, checksum OK)
2025-11-09 21:11:18.164 [pool-3-thread-1] INFO  com.datacomp.service.cpu.CpuCompressionService - Progress: {:.2f} GB / {:.2f} GB ({:.1f}%) decompressed
2025-11-09 21:11:18.164 [pool-3-thread-1] INFO  com.datacomp.service.cpu.CpuCompressionService - Decompressing chunk 12/31: offset=5905580032, compressedSize=536870912, originalSize=536870912 [{:.1f}% complete, {:.2f}/{:.2f} GB]
2025-11-09 21:11:45.427 [pool-3-thread-1] INFO  com.datacomp.service.cpu.CpuCompressionService - Chunk 12/31 decompressed: 536870912 bytes (27263ms, checksum OK)
2025-11-09 21:11:45.427 [pool-3-thread-1] INFO  com.datacomp.service.cpu.CpuCompressionService - Progress: {:.2f} GB / {:.2f} GB ({:.1f}%) decompressed
2025-11-09 21:11:45.427 [pool-3-thread-1] INFO  com.datacomp.service.cpu.CpuCompressionService - Decompressing chunk 13/31: offset=6442450944, compressedSize=536870912, originalSize=536870912 [{:.1f}% complete, {:.2f}/{:.2f} GB]
2025-11-09 21:12:10.501 [pool-3-thread-1] INFO  com.datacomp.service.cpu.CpuCompressionService - Chunk 13/31 decompressed: 536870912 bytes (25074ms, checksum OK)
2025-11-09 21:12:10.501 [pool-3-thread-1] INFO  com.datacomp.service.cpu.CpuCompressionService - Progress: {:.2f} GB / {:.2f} GB ({:.1f}%) decompressed
2025-11-09 21:12:10.502 [pool-3-thread-1] INFO  com.datacomp.service.cpu.CpuCompressionService - Decompressing chunk 14/31: offset=6979321856, compressedSize=536870912, originalSize=536870912 [{:.1f}% complete, {:.2f}/{:.2f} GB]
2025-11-09 21:12:37.026 [pool-3-thread-1] INFO  com.datacomp.service.cpu.CpuCompressionService - Chunk 14/31 decompressed: 536870912 bytes (26524ms, checksum OK)
2025-11-09 21:12:37.027 [pool-3-thread-1] INFO  com.datacomp.service.cpu.CpuCompressionService - Progress: {:.2f} GB / {:.2f} GB ({:.1f}%) decompressed
2025-11-09 21:12:37.027 [pool-3-thread-1] INFO  com.datacomp.service.cpu.CpuCompressionService - Decompressing chunk 15/31: offset=7516192768, compressedSize=536870912, originalSize=536870912 [{:.1f}% complete, {:.2f}/{:.2f} GB]
2025-11-09 21:13:11.584 [pool-3-thread-1] INFO  com.datacomp.service.cpu.CpuCompressionService - Chunk 15/31 decompressed: 536870912 bytes (34557ms, checksum OK)
2025-11-09 21:13:11.584 [pool-3-thread-1] INFO  com.datacomp.service.cpu.CpuCompressionService - Progress: {:.2f} GB / {:.2f} GB ({:.1f}%) decompressed
2025-11-09 21:13:11.584 [pool-3-thread-1] INFO  com.datacomp.service.cpu.CpuCompressionService - Decompressing chunk 16/31: offset=8053063680, compressedSize=536870912, originalSize=536870912 [{:.1f}% complete, {:.2f}/{:.2f} GB]
2025-11-09 21:13:40.385 [pool-3-thread-1] INFO  com.datacomp.service.cpu.CpuCompressionService - Chunk 16/31 decompressed: 536870912 bytes (28801ms, checksum OK)
2025-11-09 21:13:40.385 [pool-3-thread-1] INFO  com.datacomp.service.cpu.CpuCompressionService - Progress: {:.2f} GB / {:.2f} GB ({:.1f}%) decompressed
2025-11-09 21:13:40.385 [pool-3-thread-1] INFO  com.datacomp.service.cpu.CpuCompressionService - Decompressing chunk 17/31: offset=8589934592, compressedSize=536870912, originalSize=536870912 [{:.1f}% complete, {:.2f}/{:.2f} GB]
2025-11-09 21:14:02.056 [pool-3-thread-1] INFO  com.datacomp.service.cpu.CpuCompressionService - Chunk 17/31 decompressed: 536870912 bytes (21671ms, checksum OK)
2025-11-09 21:14:02.056 [pool-3-thread-1] INFO  com.datacomp.service.cpu.CpuCompressionService - Progress: {:.2f} GB / {:.2f} GB ({:.1f}%) decompressed
2025-11-09 21:14:02.056 [pool-3-thread-1] INFO  com.datacomp.service.cpu.CpuCompressionService - Decompressing chunk 18/31: offset=9126805504, compressedSize=536870912, originalSize=536870912 [{:.1f}% complete, {:.2f}/{:.2f} GB]
2025-11-09 21:14:26.127 [pool-3-thread-1] INFO  com.datacomp.service.cpu.CpuCompressionService - Chunk 18/31 decompressed: 536870912 bytes (24071ms, checksum OK)
2025-11-09 21:14:26.127 [pool-3-thread-1] INFO  com.datacomp.service.cpu.CpuCompressionService - Progress: {:.2f} GB / {:.2f} GB ({:.1f}%) decompressed
2025-11-09 21:14:26.128 [pool-3-thread-1] INFO  com.datacomp.service.cpu.CpuCompressionService - Decompressing chunk 19/31: offset=9663676416, compressedSize=536870912, originalSize=536870912 [{:.1f}% complete, {:.2f}/{:.2f} GB]
2025-11-09 21:14:49.326 [pool-3-thread-1] INFO  com.datacomp.service.cpu.CpuCompressionService - Chunk 19/31 decompressed: 536870912 bytes (23198ms, checksum OK)
2025-11-09 21:14:49.326 [pool-3-thread-1] INFO  com.datacomp.service.cpu.CpuCompressionService - Progress: {:.2f} GB / {:.2f} GB ({:.1f}%) decompressed
2025-11-09 21:14:49.326 [pool-3-thread-1] INFO  com.datacomp.service.cpu.CpuCompressionService - Decompressing chunk 20/31: offset=10200547328, compressedSize=536870912, originalSize=536870912 [{:.1f}% complete, {:.2f}/{:.2f} GB]
2025-11-09 21:15:11.530 [pool-3-thread-1] INFO  com.datacomp.service.cpu.CpuCompressionService - Chunk 20/31 decompressed: 536870912 bytes (22204ms, checksum OK)
2025-11-09 21:15:11.530 [pool-3-thread-1] INFO  com.datacomp.service.cpu.CpuCompressionService - Progress: {:.2f} GB / {:.2f} GB ({:.1f}%) decompressed
2025-11-09 21:15:11.530 [pool-3-thread-1] INFO  com.datacomp.service.cpu.CpuCompressionService - Decompressing chunk 21/31: offset=10737418240, compressedSize=536870912, originalSize=536870912 [{:.1f}% complete, {:.2f}/{:.2f} GB]
2025-11-09 21:15:33.540 [pool-3-thread-1] INFO  com.datacomp.service.cpu.CpuCompressionService - Chunk 21/31 decompressed: 536870912 bytes (22010ms, checksum OK)
2025-11-09 21:15:33.540 [pool-3-thread-1] INFO  com.datacomp.service.cpu.CpuCompressionService - Progress: {:.2f} GB / {:.2f} GB ({:.1f}%) decompressed
2025-11-09 21:15:33.661 [pool-3-thread-1] INFO  com.datacomp.service.cpu.CpuCompressionService - Decompressing chunk 22/31: offset=11274289152, compressedSize=536870912, originalSize=536870912 [{:.1f}% complete, {:.2f}/{:.2f} GB]
2025-11-09 21:15:55.858 [pool-3-thread-1] INFO  com.datacomp.service.cpu.CpuCompressionService - Chunk 22/31 decompressed: 536870912 bytes (22197ms, checksum OK)
2025-11-09 21:15:55.858 [pool-3-thread-1] INFO  com.datacomp.service.cpu.CpuCompressionService - Progress: {:.2f} GB / {:.2f} GB ({:.1f}%) decompressed
2025-11-09 21:15:55.859 [pool-3-thread-1] INFO  com.datacomp.service.cpu.CpuCompressionService - Decompressing chunk 23/31: offset=11811160064, compressedSize=536870912, originalSize=536870912 [{:.1f}% complete, {:.2f}/{:.2f} GB]
2025-11-09 21:16:17.825 [pool-3-thread-1] INFO  com.datacomp.service.cpu.CpuCompressionService - Chunk 23/31 decompressed: 536870912 bytes (21966ms, checksum OK)
2025-11-09 21:16:17.825 [pool-3-thread-1] INFO  com.datacomp.service.cpu.CpuCompressionService - Progress: {:.2f} GB / {:.2f} GB ({:.1f}%) decompressed
2025-11-09 21:16:17.825 [pool-3-thread-1] INFO  com.datacomp.service.cpu.CpuCompressionService - Decompressing chunk 24/31: offset=12348030976, compressedSize=536870912, originalSize=536870912 [{:.1f}% complete, {:.2f}/{:.2f} GB]
2025-11-09 21:16:39.836 [pool-3-thread-1] INFO  com.datacomp.service.cpu.CpuCompressionService - Chunk 24/31 decompressed: 536870912 bytes (22011ms, checksum OK)
2025-11-09 21:16:39.836 [pool-3-thread-1] INFO  com.datacomp.service.cpu.CpuCompressionService - Progress: {:.2f} GB / {:.2f} GB ({:.1f}%) decompressed
2025-11-09 21:16:39.836 [pool-3-thread-1] INFO  com.datacomp.service.cpu.CpuCompressionService - Decompressing chunk 25/31: offset=12884901888, compressedSize=536870912, originalSize=536870912 [{:.1f}% complete, {:.2f}/{:.2f} GB]
2025-11-09 21:17:01.578 [pool-3-thread-1] INFO  com.datacomp.service.cpu.CpuCompressionService - Chunk 25/31 decompressed: 536870912 bytes (21742ms, checksum OK)
2025-11-09 21:17:01.578 [pool-3-thread-1] INFO  com.datacomp.service.cpu.CpuCompressionService - Progress: {:.2f} GB / {:.2f} GB ({:.1f}%) decompressed
2025-11-09 21:17:01.578 [pool-3-thread-1] INFO  com.datacomp.service.cpu.CpuCompressionService - Decompressing chunk 26/31: offset=13421772800, compressedSize=536870912, originalSize=536870912 [{:.1f}% complete, {:.2f}/{:.2f} GB]
2025-11-09 21:17:23.635 [pool-3-thread-1] INFO  com.datacomp.service.cpu.CpuCompressionService - Chunk 26/31 decompressed: 536870912 bytes (22057ms, checksum OK)
2025-11-09 21:17:23.635 [pool-3-thread-1] INFO  com.datacomp.service.cpu.CpuCompressionService - Progress: {:.2f} GB / {:.2f} GB ({:.1f}%) decompressed
2025-11-09 21:17:23.635 [pool-3-thread-1] INFO  com.datacomp.service.cpu.CpuCompressionService - Decompressing chunk 27/31: offset=13958643712, compressedSize=536870912, originalSize=536870912 [{:.1f}% complete, {:.2f}/{:.2f} GB]
2025-11-09 21:17:45.800 [pool-3-thread-1] INFO  com.datacomp.service.cpu.CpuCompressionService - Chunk 27/31 decompressed: 536870912 bytes (22165ms, checksum OK)
2025-11-09 21:17:45.800 [pool-3-thread-1] INFO  com.datacomp.service.cpu.CpuCompressionService - Progress: {:.2f} GB / {:.2f} GB ({:.1f}%) decompressed
2025-11-09 21:17:45.801 [pool-3-thread-1] INFO  com.datacomp.service.cpu.CpuCompressionService - Decompressing chunk 28/31: offset=14495514624, compressedSize=536870912, originalSize=536870912 [{:.1f}% complete, {:.2f}/{:.2f} GB]
2025-11-09 21:18:08.039 [pool-3-thread-1] INFO  com.datacomp.service.cpu.CpuCompressionService - Chunk 28/31 decompressed: 536870912 bytes (22238ms, checksum OK)
2025-11-09 21:18:08.039 [pool-3-thread-1] INFO  com.datacomp.service.cpu.CpuCompressionService - Progress: {:.2f} GB / {:.2f} GB ({:.1f}%) decompressed
2025-11-09 21:18:08.039 [pool-3-thread-1] INFO  com.datacomp.service.cpu.CpuCompressionService - Decompressing chunk 29/31: offset=15032385536, compressedSize=536870912, originalSize=536870912 [{:.1f}% complete, {:.2f}/{:.2f} GB]
2025-11-09 21:18:29.977 [pool-3-thread-1] INFO  com.datacomp.service.cpu.CpuCompressionService - Chunk 29/31 decompressed: 536870912 bytes (21938ms, checksum OK)
2025-11-09 21:18:29.977 [pool-3-thread-1] INFO  com.datacomp.service.cpu.CpuCompressionService - Progress: {:.2f} GB / {:.2f} GB ({:.1f}%) decompressed
2025-11-09 21:18:29.977 [pool-3-thread-1] INFO  com.datacomp.service.cpu.CpuCompressionService - Decompressing chunk 30/31: offset=15569256448, compressedSize=536870912, originalSize=536870912 [{:.1f}% complete, {:.2f}/{:.2f} GB]
2025-11-09 21:18:52.511 [pool-3-thread-1] INFO  com.datacomp.service.cpu.CpuCompressionService - Chunk 30/31 decompressed: 536870912 bytes (22534ms, checksum OK)
2025-11-09 21:18:52.512 [pool-3-thread-1] INFO  com.datacomp.service.cpu.CpuCompressionService - Progress: {:.2f} GB / {:.2f} GB ({:.1f}%) decompressed
2025-11-09 21:18:52.512 [pool-3-thread-1] INFO  com.datacomp.service.cpu.CpuCompressionService - Decompressing chunk 31/31: offset=16106127360, compressedSize=408622612, originalSize=408622612 [{:.1f}% complete, {:.2f}/{:.2f} GB]
2025-11-09 21:19:09.811 [pool-3-thread-1] INFO  com.datacomp.service.cpu.CpuCompressionService - Chunk 31/31 decompressed: 408622612 bytes (17299ms, checksum OK)
2025-11-09 21:19:09.811 [pool-3-thread-1] INFO  com.datacomp.service.cpu.CpuCompressionService - Progress: {:.2f} GB / {:.2f} GB ({:.1f}%) decompressed
2025-11-09 21:19:09.811 [pool-3-thread-1] INFO  com.datacomp.service.cpu.CpuCompressionService - All data synchronized to disk
2025-11-09 21:19:09.914 [pool-3-thread-1] INFO  com.datacomp.service.cpu.CpuCompressionService - Decompression complete: 16514749972 bytes ({:.2f} GB) in {:.2f}s ({:.2f} MB/s)
2025-11-09 21:19:09.914 [pool-3-thread-1] INFO  com.datacomp.service.cpu.CpuCompressionService - File integrity verified - decompressed 16514749972 bytes successfully
2025-11-09 21:19:09.914 [pool-3-thread-1] INFO  com.datacomp.service.cpu.CpuCompressionService - SUCCESS: Checksum validation passed for all 31 chunks
2025-11-09 21:19:53.436 [JavaFX Application Thread] INFO  com.datacomp.ui.DataCompApp - Application stopping
2025-11-09 22:00:32.846 [JavaFX-Launcher] INFO  com.datacomp.ui.DataCompApp - Initializing DataComp application
2025-11-09 22:00:33.075 [JavaFX Application Thread] INFO  com.datacomp.ui.MainViewController - Initializing main view controller
2025-11-09 22:00:33.658 [JavaFX Application Thread] INFO  com.datacomp.service.gpu.GpuFrequencyService - Selected GPU device: NVIDIA GeForce RTX 3050 Ti Laptop GPU CL_DEVICE_TYPE_GPU (available)
2025-11-09 22:00:34.428 [JavaFX Application Thread] INFO  com.datacomp.service.gpu.GpuCompressionService - GPU compression service initialized: GPU Compression (TornadoVM)
2025-11-09 22:00:34.428 [JavaFX Application Thread] INFO  com.datacomp.service.gpu.GpuCompressionService - Chunk size: 512 MB, Batch size: 4 chunks
2025-11-09 22:00:34.476 [JavaFX Application Thread] INFO  com.datacomp.service.ServiceFactory - Using GPU compression service
2025-11-09 22:00:34.661 [JavaFX Application Thread] INFO  com.datacomp.ui.DataCompApp - Application started successfully
2025-11-09 22:00:41.308 [JavaFX Application Thread] INFO  com.datacomp.service.gpu.GpuFrequencyService - Selected GPU device: NVIDIA GeForce RTX 3050 Ti Laptop GPU CL_DEVICE_TYPE_GPU (available)
2025-11-09 22:00:41.329 [JavaFX Application Thread] INFO  com.datacomp.service.gpu.GpuCompressionService - GPU compression service initialized: GPU Compression (TornadoVM)
2025-11-09 22:00:41.330 [JavaFX Application Thread] INFO  com.datacomp.service.gpu.GpuCompressionService - Chunk size: 512 MB, Batch size: 4 chunks
2025-11-09 22:00:41.348 [JavaFX Application Thread] INFO  com.datacomp.service.ServiceFactory - Using GPU compression service
2025-11-09 22:00:48.446 [JavaFX Application Thread] INFO  com.datacomp.service.gpu.GpuFrequencyService - Selected GPU device: NVIDIA GeForce RTX 3050 Ti Laptop GPU CL_DEVICE_TYPE_GPU (available)
2025-11-09 22:00:48.466 [JavaFX Application Thread] INFO  com.datacomp.service.gpu.GpuCompressionService - GPU compression service initialized: GPU Compression (TornadoVM)
2025-11-09 22:00:48.466 [JavaFX Application Thread] INFO  com.datacomp.service.gpu.GpuCompressionService - Chunk size: 512 MB, Batch size: 4 chunks
2025-11-09 22:00:48.484 [JavaFX Application Thread] INFO  com.datacomp.service.ServiceFactory - Using GPU compression service
2025-11-09 22:00:48.512 [pool-3-thread-1] INFO  com.datacomp.service.gpu.GpuCompressionService - GPU Compressing indexmultimedia.pdf (33011 bytes, {:.2f} GB) into 3.074388951063156E-5 chunks of 1 MB
2025-11-09 22:00:48.950 [pool-3-thread-1] INFO  com.datacomp.service.gpu.GpuCompressionService - GPU Chunk 1/1 compressed: 33011 -> 0 bytes ({:.2f}%)
2025-11-09 22:00:48.950 [pool-3-thread-1] INFO  com.datacomp.service.gpu.GpuCompressionService - GPU compression phase 1 complete: 0 bytes
2025-11-09 22:00:48.954 [pool-3-thread-1] INFO  com.datacomp.service.gpu.GpuCompressionService - GPU Compression complete: 33011 -> 659 bytes ({:.2f}%) in {:.2f}s ({:.2f} MB/s)
2025-11-09 22:01:30.865 [JavaFX Application Thread] INFO  com.datacomp.service.gpu.GpuFrequencyService - Selected GPU device: NVIDIA GeForce RTX 3050 Ti Laptop GPU CL_DEVICE_TYPE_GPU (available)
2025-11-09 22:01:30.889 [JavaFX Application Thread] INFO  com.datacomp.service.gpu.GpuCompressionService - GPU compression service initialized: GPU Compression (TornadoVM)
2025-11-09 22:01:30.889 [JavaFX Application Thread] INFO  com.datacomp.service.gpu.GpuCompressionService - Chunk size: 512 MB, Batch size: 4 chunks
2025-11-09 22:01:30.903 [JavaFX Application Thread] INFO  com.datacomp.service.ServiceFactory - Using GPU compression service
2025-11-09 22:01:30.920 [pool-3-thread-1] INFO  com.datacomp.service.gpu.GpuCompressionService - GPU Compressing indexmultimedia.pdf (33011 bytes, {:.2f} GB) into 3.074388951063156E-5 chunks of 1 MB
2025-11-09 22:01:31.070 [pool-3-thread-1] INFO  com.datacomp.service.gpu.GpuCompressionService - GPU Chunk 1/1 compressed: 33011 -> 17 bytes ({:.2f}%)
2025-11-09 22:01:31.071 [pool-3-thread-1] INFO  com.datacomp.service.gpu.GpuCompressionService - GPU compression phase 1 complete: 17 bytes
2025-11-09 22:01:31.074 [pool-3-thread-1] INFO  com.datacomp.service.gpu.GpuCompressionService - GPU Compression complete: 33011 -> 676 bytes ({:.2f}%) in {:.2f}s ({:.2f} MB/s)
2025-11-09 22:01:44.349 [JavaFX Application Thread] INFO  com.datacomp.service.gpu.GpuFrequencyService - Selected GPU device: NVIDIA GeForce RTX 3050 Ti Laptop GPU CL_DEVICE_TYPE_GPU (available)
2025-11-09 22:01:44.364 [JavaFX Application Thread] INFO  com.datacomp.service.gpu.GpuCompressionService - GPU compression service initialized: GPU Compression (TornadoVM)
2025-11-09 22:01:44.364 [JavaFX Application Thread] INFO  com.datacomp.service.gpu.GpuCompressionService - Chunk size: 512 MB, Batch size: 4 chunks
2025-11-09 22:01:44.375 [JavaFX Application Thread] INFO  com.datacomp.service.ServiceFactory - Using GPU compression service
2025-11-09 22:01:44.391 [pool-3-thread-1] INFO  com.datacomp.service.gpu.GpuCompressionService - GPU Decompressing indexmultimedia.pdf.dcz to indexmultimedia.pdf
2025-11-09 22:01:44.392 [pool-3-thread-1] INFO  com.datacomp.service.gpu.GpuCompressionService - GPU Decompressing 1 chunks, original size: 33011 bytes ({:.2f} GB)
2025-11-09 22:01:44.393 [pool-3-thread-1] WARN  com.datacomp.service.gpu.GpuCompressionService - GPU decompression failed, falling back to CPU
java.lang.RuntimeException: Decode error at position 0
	at com.datacomp.service.gpu.GpuCompressionService.decodeChunk(GpuCompressionService.java:574)
	at com.datacomp.service.gpu.GpuCompressionService.decompressWithGpu(GpuCompressionService.java:513)
	at com.datacomp.service.gpu.GpuCompressionService.decompressWithStages(GpuCompressionService.java:458)
	at com.datacomp.ui.CompressController$3.call(CompressController.java:416)
	at com.datacomp.ui.CompressController$3.call(CompressController.java:408)
	at javafx.graphics@21.0.1/javafx.concurrent.Task$TaskCallable.call(Task.java:1399)
	at java.base/java.util.concurrent.FutureTask.run(FutureTask.java:317)
	at java.base/java.util.concurrent.Executors$RunnableAdapter.call(Executors.java:572)
	at java.base/java.util.concurrent.FutureTask.run(FutureTask.java:317)
	at java.base/java.util.concurrent.ThreadPoolExecutor.runWorker(ThreadPoolExecutor.java:1144)
	at java.base/java.util.concurrent.ThreadPoolExecutor$Worker.run(ThreadPoolExecutor.java:642)
	at java.base/java.lang.Thread.run(Thread.java:1583)
2025-11-09 22:01:44.397 [pool-3-thread-1] INFO  com.datacomp.service.cpu.CpuCompressionService - Decompressing indexmultimedia.pdf.dcz to indexmultimedia.pdf
2025-11-09 22:01:44.397 [pool-3-thread-1] INFO  com.datacomp.service.cpu.CpuCompressionService - Input file size: 659 bytes ({:.2f} GB)
2025-11-09 22:01:44.398 [pool-3-thread-1] INFO  com.datacomp.service.cpu.CpuCompressionService - Reading compression header...
2025-11-09 22:01:44.398 [pool-3-thread-1] INFO  com.datacomp.service.cpu.CpuCompressionService - Decompressing 1 chunks, original size: 33011 bytes ({:.2f} GB)
2025-11-09 22:01:44.398 [pool-3-thread-1] INFO  com.datacomp.service.cpu.CpuCompressionService - Decompressing chunk 1/1: offset=0, compressedSize=0, originalSize=33011 [{:.1f}% complete, {:.2f}/{:.2f} GB]
2025-11-09 22:01:44.399 [pool-3-thread-1] ERROR com.datacomp.service.cpu.CpuCompressionService - Decompression failed for file: C:\Users\Lenovo\AppData\Roaming\Microsoft\Windows\Network Shortcuts\indexmultimedia.pdf.dcz
java.io.IOException: Failed to decode chunk 0: Decode error at position 0
	at com.datacomp.service.cpu.CpuCompressionService.decompressWithStages(CpuCompressionService.java:490)
	at com.datacomp.service.gpu.GpuCompressionService.decompressWithStages(GpuCompressionService.java:462)
	at com.datacomp.ui.CompressController$3.call(CompressController.java:416)
	at com.datacomp.ui.CompressController$3.call(CompressController.java:408)
	at javafx.graphics@21.0.1/javafx.concurrent.Task$TaskCallable.call(Task.java:1399)
	at java.base/java.util.concurrent.FutureTask.run(FutureTask.java:317)
	at java.base/java.util.concurrent.Executors$RunnableAdapter.call(Executors.java:572)
	at java.base/java.util.concurrent.FutureTask.run(FutureTask.java:317)
	at java.base/java.util.concurrent.ThreadPoolExecutor.runWorker(ThreadPoolExecutor.java:1144)
	at java.base/java.util.concurrent.ThreadPoolExecutor$Worker.run(ThreadPoolExecutor.java:642)
	at java.base/java.lang.Thread.run(Thread.java:1583)
Caused by: java.lang.RuntimeException: Decode error at position 0
	at com.datacomp.service.cpu.CpuCompressionService.decodeChunk(CpuCompressionService.java:610)
	at com.datacomp.service.cpu.CpuCompressionService.decompressWithStages(CpuCompressionService.java:488)
	... 10 common frames omitted
2025-11-09 22:01:44.400 [pool-3-thread-1] INFO  com.datacomp.service.cpu.CpuCompressionService - Deleted incomplete output file (0 bytes)
2025-11-09 22:01:44.400 [JavaFX Application Thread] ERROR com.datacomp.ui.CompressController - Decompression failed
java.io.IOException: Failed to decode chunk 0: Decode error at position 0
	at com.datacomp.service.cpu.CpuCompressionService.decompressWithStages(CpuCompressionService.java:490)
	at com.datacomp.service.gpu.GpuCompressionService.decompressWithStages(GpuCompressionService.java:462)
	at com.datacomp.ui.CompressController$3.call(CompressController.java:416)
	at com.datacomp.ui.CompressController$3.call(CompressController.java:408)
	at javafx.graphics@21.0.1/javafx.concurrent.Task$TaskCallable.call(Task.java:1399)
	at java.base/java.util.concurrent.FutureTask.run(FutureTask.java:317)
	at java.base/java.util.concurrent.Executors$RunnableAdapter.call(Executors.java:572)
	at java.base/java.util.concurrent.FutureTask.run(FutureTask.java:317)
	at java.base/java.util.concurrent.ThreadPoolExecutor.runWorker(ThreadPoolExecutor.java:1144)
	at java.base/java.util.concurrent.ThreadPoolExecutor$Worker.run(ThreadPoolExecutor.java:642)
	at java.base/java.lang.Thread.run(Thread.java:1583)
Caused by: java.lang.RuntimeException: Decode error at position 0
	at com.datacomp.service.cpu.CpuCompressionService.decodeChunk(CpuCompressionService.java:610)
	at com.datacomp.service.cpu.CpuCompressionService.decompressWithStages(CpuCompressionService.java:488)
	... 10 common frames omitted
2025-11-09 22:10:21.214 [JavaFX-Launcher] INFO  com.datacomp.ui.DataCompApp - Initializing DataComp application
2025-11-09 22:10:21.435 [JavaFX Application Thread] INFO  com.datacomp.ui.MainViewController - Initializing main view controller
2025-11-09 22:10:21.839 [JavaFX Application Thread] INFO  com.datacomp.service.gpu.GpuFrequencyService - Selected GPU device: NVIDIA GeForce RTX 3050 Ti Laptop GPU CL_DEVICE_TYPE_GPU (available)
2025-11-09 22:10:22.272 [JavaFX Application Thread] INFO  com.datacomp.service.gpu.GpuCompressionService - GPU compression service initialized: GPU Compression (TornadoVM)
2025-11-09 22:10:22.272 [JavaFX Application Thread] INFO  com.datacomp.service.gpu.GpuCompressionService - Chunk size: 512 MB, Batch size: 4 chunks
2025-11-09 22:10:22.304 [JavaFX Application Thread] INFO  com.datacomp.service.ServiceFactory - Using GPU compression service
2025-11-09 22:10:22.483 [JavaFX Application Thread] INFO  com.datacomp.ui.DataCompApp - Application started successfully
2025-11-09 22:10:26.573 [JavaFX Application Thread] INFO  com.datacomp.service.gpu.GpuFrequencyService - Selected GPU device: NVIDIA GeForce RTX 3050 Ti Laptop GPU CL_DEVICE_TYPE_GPU (available)
2025-11-09 22:10:26.593 [JavaFX Application Thread] INFO  com.datacomp.service.gpu.GpuCompressionService - GPU compression service initialized: GPU Compression (TornadoVM)
2025-11-09 22:10:26.593 [JavaFX Application Thread] INFO  com.datacomp.service.gpu.GpuCompressionService - Chunk size: 512 MB, Batch size: 4 chunks
2025-11-09 22:10:26.612 [JavaFX Application Thread] INFO  com.datacomp.service.ServiceFactory - Using GPU compression service
2025-11-09 22:10:50.143 [JavaFX Application Thread] INFO  com.datacomp.service.gpu.GpuFrequencyService - Selected GPU device: NVIDIA GeForce RTX 3050 Ti Laptop GPU CL_DEVICE_TYPE_GPU (available)
2025-11-09 22:10:50.161 [JavaFX Application Thread] INFO  com.datacomp.service.gpu.GpuCompressionService - GPU compression service initialized: GPU Compression (TornadoVM)
2025-11-09 22:10:50.161 [JavaFX Application Thread] INFO  com.datacomp.service.gpu.GpuCompressionService - Chunk size: 512 MB, Batch size: 4 chunks
2025-11-09 22:10:50.180 [JavaFX Application Thread] INFO  com.datacomp.service.ServiceFactory - Using GPU compression service
2025-11-09 22:10:50.213 [pool-3-thread-1] INFO  com.datacomp.service.gpu.GpuCompressionService - GPU Compressing proposal_data_compression (1) (1).pdf (338569 bytes, {:.2f} GB) into 3.1531695276498795E-4 chunks of 1 MB
2025-11-09 22:10:50.738 [pool-3-thread-1] WARN  com.datacomp.service.gpu.GpuCompressionService - GPU compression failed, falling back to CPU
java.io.IOException: Chunk compression failed
	at com.datacomp.service.gpu.GpuCompressionService.compressWithGpu(GpuCompressionService.java:219)
	at com.datacomp.service.gpu.GpuCompressionService.compressWithStages(GpuCompressionService.java:115)
	at com.datacomp.ui.CompressController$2.call(CompressController.java:296)
	at com.datacomp.ui.CompressController$2.call(CompressController.java:287)
	at javafx.graphics@21.0.1/javafx.concurrent.Task$TaskCallable.call(Task.java:1399)
	at java.base/java.util.concurrent.FutureTask.run(FutureTask.java:317)
	at java.base/java.util.concurrent.Executors$RunnableAdapter.call(Executors.java:572)
	at java.base/java.util.concurrent.FutureTask.run(FutureTask.java:317)
	at java.base/java.util.concurrent.ThreadPoolExecutor.runWorker(ThreadPoolExecutor.java:1144)
	at java.base/java.util.concurrent.ThreadPoolExecutor$Worker.run(ThreadPoolExecutor.java:642)
	at java.base/java.lang.Thread.run(Thread.java:1583)
Caused by: java.lang.RuntimeException: Failed to compress chunk 0
	at com.datacomp.service.gpu.GpuCompressionService.lambda$compressWithGpu$1(GpuCompressionService.java:202)
	at java.base/java.util.concurrent.CompletableFuture$AsyncSupply.run(CompletableFuture.java:1768)
	... 3 common frames omitted
Caused by: java.lang.RuntimeException: GPU chunk compression failed
	at com.datacomp.service.gpu.GpuCompressionService.compressChunkOnGpu(GpuCompressionService.java:369)
	at com.datacomp.service.gpu.GpuCompressionService.lambda$compressWithGpu$1(GpuCompressionService.java:199)
	... 4 common frames omitted
Caused by: java.lang.RuntimeException: No Huffman code for symbol 37 at position 0. This indicates a bug in frequency counting or code generation.
	at com.datacomp.service.gpu.GpuCompressionService.encodeChunkOnCpu(GpuCompressionService.java:430)
	at com.datacomp.service.gpu.GpuCompressionService.compressChunkOnGpu(GpuCompressionService.java:339)
	... 5 common frames omitted
2025-11-09 22:10:50.740 [pool-3-thread-1] INFO  com.datacomp.service.cpu.CpuCompressionService - Compressing proposal_data_compression (1) (1).pdf (338569 bytes, {:.2f} GB) into 3.1531695276498795E-4 chunks
2025-11-09 22:10:50.740 [pool-3-thread-1] INFO  com.datacomp.service.cpu.CpuCompressionService - Phase 1: Compressing chunks (memory-efficient streaming)...
2025-11-09 22:10:50.828 [pool-3-thread-1] INFO  com.datacomp.service.cpu.CpuCompressionService - Chunk 1/1 compressed: 338569 -> 336176 bytes (ratio: {:.2f}%, 99.2932016811935ms) [{:.1f}% complete, {:.2f}/{:.2f} GB]
2025-11-09 22:10:50.828 [pool-3-thread-1] INFO  com.datacomp.service.cpu.CpuCompressionService - Phase 1: All data flushed to temp file
2025-11-09 22:10:50.828 [pool-3-thread-1] INFO  com.datacomp.service.cpu.CpuCompressionService - Phase 1 complete: 336176 bytes ({:.2f} GB) compressed to temp file
2025-11-09 22:10:50.828 [pool-3-thread-1] INFO  com.datacomp.service.cpu.CpuCompressionService - Phase 2: Assembling final compressed file...
2025-11-09 22:10:50.829 [pool-3-thread-1] INFO  com.datacomp.service.cpu.CpuCompressionService - Header written (1 chunks metadata)
2025-11-09 22:10:50.841 [pool-3-thread-1] INFO  com.datacomp.service.cpu.CpuCompressionService - Copied 336176 bytes ({:.2f} GB) of compressed data to final file
2025-11-09 22:10:50.942 [pool-3-thread-1] INFO  com.datacomp.service.cpu.CpuCompressionService - Compression complete: 338569 -> 336853 bytes ({:.2f}%) in {:.2f}s ({:.2f} MB/s)
2025-11-09 22:10:50.942 [pool-3-thread-1] INFO  com.datacomp.service.cpu.CpuCompressionService - SUCCESS: Final file size verified: {:.2f} GB
2025-11-09 22:11:00.972 [JavaFX Application Thread] INFO  com.datacomp.service.gpu.GpuFrequencyService - Selected GPU device: NVIDIA GeForce RTX 3050 Ti Laptop GPU CL_DEVICE_TYPE_GPU (available)
2025-11-09 22:14:23.559 [JavaFX-Launcher] INFO  com.datacomp.ui.DataCompApp - Initializing DataComp application
2025-11-09 22:14:24.089 [JavaFX Application Thread] INFO  com.datacomp.ui.MainViewController - Initializing main view controller
2025-11-09 22:14:25.092 [JavaFX Application Thread] INFO  com.datacomp.service.gpu.GpuFrequencyService - Selected GPU device: NVIDIA GeForce RTX 3050 Ti Laptop GPU CL_DEVICE_TYPE_GPU (available)
2025-11-09 22:14:26.071 [JavaFX Application Thread] INFO  com.datacomp.service.gpu.GpuCompressionService - GPU compression service initialized: GPU Compression (TornadoVM)
2025-11-09 22:14:26.072 [JavaFX Application Thread] INFO  com.datacomp.service.gpu.GpuCompressionService - Chunk size: 512 MB, Batch size: 4 chunks
2025-11-09 22:14:26.131 [JavaFX Application Thread] INFO  com.datacomp.service.ServiceFactory - Using GPU compression service
2025-11-09 22:14:26.589 [JavaFX Application Thread] INFO  com.datacomp.ui.DataCompApp - Application started successfully
2025-11-09 22:14:30.412 [JavaFX Application Thread] INFO  com.datacomp.service.gpu.GpuFrequencyService - Selected GPU device: NVIDIA GeForce RTX 3050 Ti Laptop GPU CL_DEVICE_TYPE_GPU (available)
2025-11-09 22:14:30.463 [JavaFX Application Thread] INFO  com.datacomp.service.gpu.GpuCompressionService - GPU compression service initialized: GPU Compression (TornadoVM)
2025-11-09 22:14:30.465 [JavaFX Application Thread] INFO  com.datacomp.service.gpu.GpuCompressionService - Chunk size: 512 MB, Batch size: 4 chunks
2025-11-09 22:14:30.509 [JavaFX Application Thread] INFO  com.datacomp.service.ServiceFactory - Using GPU compression service
2025-11-09 22:14:56.123 [JavaFX Application Thread] INFO  com.datacomp.service.gpu.GpuFrequencyService - Selected GPU device: NVIDIA GeForce RTX 3050 Ti Laptop GPU CL_DEVICE_TYPE_GPU (available)
2025-11-09 22:14:56.168 [JavaFX Application Thread] INFO  com.datacomp.service.gpu.GpuCompressionService - GPU compression service initialized: GPU Compression (TornadoVM)
2025-11-09 22:14:56.168 [JavaFX Application Thread] INFO  com.datacomp.service.gpu.GpuCompressionService - Chunk size: 512 MB, Batch size: 4 chunks
2025-11-09 22:14:56.216 [JavaFX Application Thread] INFO  com.datacomp.service.ServiceFactory - Using GPU compression service
2025-11-09 22:14:56.301 [pool-3-thread-1] INFO  com.datacomp.service.gpu.GpuCompressionService - GPU Compressing combinepdf1.pdf (3453040 bytes, {:.2f} GB) into 0.003215894103050232 chunks of 1 MB
2025-11-09 22:14:57.103 [pool-3-thread-1] WARN  com.datacomp.service.gpu.GpuCompressionService - GPU compression failed, falling back to CPU
java.io.IOException: Chunk compression failed
	at com.datacomp.service.gpu.GpuCompressionService.compressWithGpu(GpuCompressionService.java:219)
	at com.datacomp.service.gpu.GpuCompressionService.compressWithStages(GpuCompressionService.java:115)
	at com.datacomp.ui.CompressController$2.call(CompressController.java:296)
	at com.datacomp.ui.CompressController$2.call(CompressController.java:287)
	at javafx.graphics@21.0.1/javafx.concurrent.Task$TaskCallable.call(Task.java:1399)
	at java.base/java.util.concurrent.FutureTask.run(FutureTask.java:317)
	at java.base/java.util.concurrent.Executors$RunnableAdapter.call(Executors.java:572)
	at java.base/java.util.concurrent.FutureTask.run(FutureTask.java:317)
	at java.base/java.util.concurrent.ThreadPoolExecutor.runWorker(ThreadPoolExecutor.java:1144)
	at java.base/java.util.concurrent.ThreadPoolExecutor$Worker.run(ThreadPoolExecutor.java:642)
	at java.base/java.lang.Thread.run(Thread.java:1583)
Caused by: java.lang.RuntimeException: Failed to compress chunk 0
	at com.datacomp.service.gpu.GpuCompressionService.lambda$compressWithGpu$1(GpuCompressionService.java:202)
	at java.base/java.util.concurrent.CompletableFuture$AsyncSupply.run(CompletableFuture.java:1768)
	... 3 common frames omitted
Caused by: java.lang.RuntimeException: GPU chunk compression failed
	at com.datacomp.service.gpu.GpuCompressionService.compressChunkOnGpu(GpuCompressionService.java:369)
	at com.datacomp.service.gpu.GpuCompressionService.lambda$compressWithGpu$1(GpuCompressionService.java:199)
	... 4 common frames omitted
Caused by: java.lang.RuntimeException: No Huffman code for symbol 37 at position 0. This indicates a bug in frequency counting or code generation.
	at com.datacomp.service.gpu.GpuCompressionService.encodeChunkOnCpu(GpuCompressionService.java:430)
	at com.datacomp.service.gpu.GpuCompressionService.compressChunkOnGpu(GpuCompressionService.java:339)
	... 5 common frames omitted
2025-11-09 22:14:57.107 [pool-3-thread-1] INFO  com.datacomp.service.cpu.CpuCompressionService - Compressing combinepdf1.pdf (3453040 bytes, {:.2f} GB) into 0.003215894103050232 chunks
2025-11-09 22:14:57.108 [pool-3-thread-1] INFO  com.datacomp.service.cpu.CpuCompressionService - Phase 1: Compressing chunks (memory-efficient streaming)...
2025-11-09 22:14:57.460 [pool-3-thread-1] INFO  com.datacomp.service.cpu.CpuCompressionService - Chunk 1/1 compressed: 3453040 -> 3452969 bytes (ratio: {:.2f}%, 99.99794384078956ms) [{:.1f}% complete, {:.2f}/{:.2f} GB]
2025-11-09 22:14:57.460 [pool-3-thread-1] INFO  com.datacomp.service.cpu.CpuCompressionService - Phase 1: All data flushed to temp file
2025-11-09 22:14:57.460 [pool-3-thread-1] INFO  com.datacomp.service.cpu.CpuCompressionService - Phase 1 complete: 3452969 bytes ({:.2f} GB) compressed to temp file
2025-11-09 22:14:57.460 [pool-3-thread-1] INFO  com.datacomp.service.cpu.CpuCompressionService - Phase 2: Assembling final compressed file...
2025-11-09 22:14:57.463 [pool-3-thread-1] INFO  com.datacomp.service.cpu.CpuCompressionService - Header written (1 chunks metadata)
2025-11-09 22:14:57.495 [pool-3-thread-1] INFO  com.datacomp.service.cpu.CpuCompressionService - Copied 3452969 bytes ({:.2f} GB) of compressed data to final file
2025-11-09 22:14:57.597 [pool-3-thread-1] INFO  com.datacomp.service.cpu.CpuCompressionService - Compression complete: 3453040 -> 3453624 bytes ({:.2f}%) in {:.2f}s ({:.2f} MB/s)
2025-11-09 22:14:57.597 [pool-3-thread-1] INFO  com.datacomp.service.cpu.CpuCompressionService - SUCCESS: Final file size verified: {:.2f} GB
2025-11-09 22:15:17.423 [JavaFX Application Thread] INFO  com.datacomp.service.gpu.GpuFrequencyService - Selected GPU device: NVIDIA GeForce RTX 3050 Ti Laptop GPU CL_DEVICE_TYPE_GPU (available)
